customerID,days_since_last_purchase,total_spent,support_tickets,website_visits_last_month,subscription_tier,payment_method,country,device_type,Churn
ECOMM-48485,6.0,3041.85,4,48,Basic,Crypto,USA,Mobile,No
ECOMM-97961,249.0,711.77,5,42,Free,PayPal,Canada,Mobile,Yes
ECOMM-80653,216.0,2406.59,4,11,Free,Apple Pay,USA,Desktop,No
ECOMM-78497,20.0,1397.45,3,26,Free,Credit Card,Australia,Tablet,No
ECOMM-10333,331.0,2744.08,2,14,Free,PayPal,USA,Mobile,Yes
ECOMM-76481,81.0,4054.36,7,30,Premium,Crypto,USA,Tablet,Yes
ECOMM-19955,93.0,3391.93,5,49,Free,Credit Card,USA,Tablet,Yes
ECOMM-47638,68.0,3908.98,8,40,Free,Apple Pay,UK,Desktop,No
ECOMM-90088,122.0,2430.53,9,5,Basic,Apple Pay,Germany,Tablet,No
ECOMM-63240,65.0,3803.28,1,49,Premium,PayPal,UK,Tablet,No
ECOMM-72697,127.0,3817.56,7,43,Free,PayPal,Canada,Mobile,No
ECOMM-84222,296.0,2536.43,2,13,Free,Credit Card,UK,Mobile,No
ECOMM-48329,165.0,1735.91,1,34,Basic,Crypto,Germany,Mobile,No
ECOMM-13674,337.0,1951.83,6,24,Free,Apple Pay,Canada,Desktop,Yes
ECOMM-13346,164.0,2361.35,1,46,Premium,Apple Pay,UK,Mobile,No
ECOMM-21664,101.0,3485.96,2,18,Premium,Credit Card,Australia,Tablet,No
ECOMM-86925,288.0,3014.06,5,3,Free,PayPal,USA,Desktop,No
ECOMM-87803,299.0,3784.29,5,42,Free,Apple Pay,Germany,Tablet,No
ECOMM-96709,314.0,4924.28,1,33,Free,PayPal,Australia,Tablet,No
ECOMM-20071,324.0,2930.05,2,29,Free,Credit Card,Australia,Tablet,No
ECOMM-44241,10.0,4857.65,1,13,Basic,Crypto,Canada,Tablet,No
ECOMM-20636,187.0,4295.9,2,0,Free,Crypto,Australia,Tablet,Yes
ECOMM-78064,98.0,3815.26,4,31,Basic,Crypto,Canada,Mobile,No
ECOMM-50128,90.0,4081.04,4,35,Free,PayPal,Australia,Mobile,No
ECOMM-50600,88.0,392.8,3,17,Basic,PayPal,Canada,Tablet,No
ECOMM-22767,301.0,1127.58,4,27,Basic,Apple Pay,UK,Desktop,No
ECOMM-75479,289.0,3815.23,6,15,Basic,Apple Pay,Canada,Tablet,Yes
ECOMM-91558,78.0,3000.85,5,40,Premium,PayPal,Australia,Tablet,No
ECOMM-29634,150.0,1014.79,4,2,Premium,Credit Card,Canada,Mobile,No
ECOMM-64264,270.0,3762.1,2,35,Premium,Credit Card,Germany,Mobile,No
ECOMM-46988,54.0,2177.93,7,44,Free,Crypto,Australia,Desktop,No
ECOMM-64680,230.0,1519.69,6,9,Basic,PayPal,USA,Tablet,No
ECOMM-50550,160.0,4810.77,2,0,Free,PayPal,Canada,Desktop,No
ECOMM-19740,338.0,3365.65,7,30,Free,PayPal,Germany,Tablet,No
ECOMM-72862,270.0,889.09,8,16,Free,PayPal,UK,Mobile,Yes
ECOMM-83079,85.0,1097.3,5,22,Basic,Credit Card,Germany,Mobile,No
ECOMM-86831,304.0,3805.5,0,39,Free,Apple Pay,USA,Desktop,No
ECOMM-11608,291.0,120.02,2,45,Free,Crypto,USA,Desktop,Yes
ECOMM-76348,78.0,4118.08,7,33,Free,Apple Pay,Canada,Tablet,Yes
ECOMM-41720,189.0,86.35,7,21,Basic,Apple Pay,Canada,Mobile,No
ECOMM-20660,290.0,2176.21,4,31,Free,PayPal,USA,Mobile,No
ECOMM-31286,85.0,4290.64,4,19,Free,Apple Pay,Germany,Desktop,No
ECOMM-88015,90.0,2160.55,1,45,Basic,Crypto,Germany,Desktop,No
ECOMM-90393,61.0,2183.57,5,17,Free,Credit Card,Germany,Tablet,No
ECOMM-51079,3.0,2251.64,8,42,Basic,Apple Pay,USA,Mobile,No
ECOMM-77610,182.0,1424.92,4,12,Premium,Apple Pay,USA,Desktop,No
ECOMM-23691,6.0,3685.35,6,37,Free,Credit Card,USA,Mobile,No
ECOMM-89321,213.0,1297.9,1,46,Premium,Crypto,USA,Tablet,No
ECOMM-42934,152.0,3847.17,7,49,Free,Credit Card,Canada,Desktop,Yes
ECOMM-95552,68.0,4602.18,2,21,Free,Credit Card,Germany,Desktop,No
ECOMM-78770,132.0,330.12,0,34,Basic,Apple Pay,Germany,Mobile,No
ECOMM-17916,6.0,72.76,2,1,Free,Credit Card,UK,Desktop,No
ECOMM-56644,53.0,3749.8,5,1,Premium,Crypto,Germany,Mobile,No
ECOMM-86448,172.0,3812.45,5,25,Free,Crypto,Australia,Mobile,No
ECOMM-15086,29.0,1178.42,3,12,Basic,Credit Card,Australia,Desktop,No
ECOMM-29699,266.0,1655.74,3,46,Basic,Apple Pay,Germany,Tablet,No
ECOMM-31720,94.0,1076.83,4,22,Free,Credit Card,USA,Mobile,No
ECOMM-49872,335.0,812.08,7,13,Free,Credit Card,Canada,Desktop,Yes
ECOMM-60909,62.0,1555.52,9,37,Basic,Crypto,UK,Desktop,No
ECOMM-18028,228.0,382.89,2,48,Free,Crypto,Australia,Desktop,No
ECOMM-59522,188.0,2128.58,5,36,Premium,Credit Card,UK,Mobile,No
ECOMM-38540,334.0,3833.4,3,14,Basic,Credit Card,UK,Desktop,No
ECOMM-53489,225.0,3492.43,0,22,Free,Credit Card,Canada,Mobile,No
ECOMM-15993,315.0,1663.31,8,7,Free,Apple Pay,UK,Mobile,Yes
ECOMM-54858,169.0,1728.83,0,41,Basic,Credit Card,Canada,Desktop,No
ECOMM-35134,80.0,4550.37,4,10,Premium,Crypto,Canada,Mobile,No
ECOMM-16919,69.0,3345.26,1,23,Premium,Crypto,Germany,Mobile,No
ECOMM-11957,316.0,1583.49,4,0,Premium,Credit Card,USA,Tablet,Yes
ECOMM-65552,74.0,1650.0,5,8,Free,Credit Card,Australia,Desktop,No
ECOMM-81858,266.0,484.31,3,28,Free,Crypto,USA,Tablet,No
ECOMM-17369,192.0,1975.04,8,47,Premium,Credit Card,USA,Desktop,Yes
ECOMM-39850,102.0,635.66,3,28,Basic,Apple Pay,Canada,Mobile,Yes
ECOMM-98254,150.0,664.51,4,31,Basic,Credit Card,Germany,Desktop,No
ECOMM-53424,291.0,506.43,9,31,Free,Credit Card,UK,Mobile,Yes
ECOMM-97732,165.0,801.27,5,14,Premium,Apple Pay,Germany,Tablet,Yes
ECOMM-27828,315.0,1683.29,2,38,Premium,Apple Pay,Germany,Tablet,No
ECOMM-54947,345.0,679.83,8,7,Free,PayPal,USA,Mobile,No
ECOMM-61952,109.0,2123.56,9,43,Basic,PayPal,UK,Mobile,No
ECOMM-83584,192.0,2602.26,7,0,Basic,PayPal,Germany,Tablet,Yes
ECOMM-81873,192.0,2958.98,1,28,Basic,Apple Pay,USA,Mobile,Yes
ECOMM-38932,198.0,260.88,0,40,Free,Apple Pay,Australia,Tablet,Yes
ECOMM-87965,27.0,396.52,5,49,Free,Credit Card,Canada,Mobile,No
ECOMM-68813,135.0,2145.07,5,3,Basic,Apple Pay,Germany,Desktop,No
ECOMM-75164,213.0,497.35,2,3,Free,Crypto,UK,Mobile,No
ECOMM-16178,335.0,352.39,6,36,Free,Crypto,USA,Desktop,Yes
ECOMM-56678,87.0,4987.78,1,43,Premium,PayPal,USA,Tablet,No
ECOMM-52592,235.0,1537.47,7,31,Premium,Credit Card,UK,Tablet,Yes
ECOMM-25099,279.0,794.06,1,45,Free,Crypto,Australia,Desktop,No
ECOMM-72501,337.0,3736.74,5,14,Basic,Crypto,Canada,Desktop,No
ECOMM-15868,64.0,2284.17,6,7,Premium,Apple Pay,UK,Tablet,No
ECOMM-26674,246.0,4794.12,5,13,Free,PayPal,Germany,Tablet,Yes
ECOMM-44545,114.0,768.44,1,7,Free,PayPal,USA,Mobile,No
ECOMM-72016,161.0,924.74,9,44,Basic,PayPal,Canada,Desktop,No
ECOMM-94573,6.0,4515.8,4,16,Free,Crypto,Canada,Desktop,No
ECOMM-76603,263.0,4905.43,6,30,Basic,Crypto,USA,Mobile,Yes
ECOMM-39315,12.0,4781.06,2,21,Basic,Crypto,USA,Mobile,No
ECOMM-33958,137.0,4826.98,6,0,Basic,Crypto,UK,Tablet,No
ECOMM-94939,181.0,32.36,4,11,Basic,Credit Card,Canada,Desktop,Yes
ECOMM-97655,244.0,3757.2,5,39,Basic,Apple Pay,UK,Tablet,No
ECOMM-51223,171.0,352.84,1,16,Free,Apple Pay,UK,Desktop,No
ECOMM-46841,306.0,2114.3,4,13,Basic,Apple Pay,Germany,Tablet,Yes
ECOMM-24338,47.0,2298.29,1,9,Basic,Crypto,USA,Tablet,Yes
ECOMM-76137,96.0,1399.04,6,19,Basic,Credit Card,UK,Desktop,No
ECOMM-13925,94.0,3319.35,1,4,Basic,Apple Pay,Germany,Mobile,No
ECOMM-60059,139.0,1133.3,7,46,Premium,Apple Pay,UK,Tablet,No
ECOMM-93048,2.0,2635.88,9,36,Free,PayPal,Canada,Mobile,No
ECOMM-50987,157.0,1752.65,5,22,Free,PayPal,Canada,Mobile,No
ECOMM-44141,139.0,3084.96,1,48,Free,Crypto,USA,Mobile,No
ECOMM-96087,214.0,2818.9,5,9,Premium,Apple Pay,UK,Mobile,No
ECOMM-96333,210.0,705.18,4,18,Basic,Apple Pay,UK,Desktop,Yes
ECOMM-38271,103.0,2865.55,5,31,Free,PayPal,UK,Desktop,No
ECOMM-67192,156.0,814.21,5,5,Basic,Apple Pay,Canada,Tablet,No
ECOMM-73765,184.0,2084.97,3,20,Basic,PayPal,Australia,Mobile,Yes
ECOMM-90143,304.0,3114.31,2,10,Premium,PayPal,UK,Mobile,No
ECOMM-80807,28.0,3985.17,0,29,Free,Credit Card,UK,Tablet,No
ECOMM-87614,225.0,3853.87,9,4,Free,Apple Pay,Australia,Tablet,No
ECOMM-63004,30.0,4502.49,9,22,Basic,Crypto,UK,Tablet,No
ECOMM-32887,97.0,3437.17,0,26,Basic,Crypto,UK,Tablet,No
ECOMM-37555,162.0,1544.23,3,40,Premium,PayPal,UK,Mobile,No
ECOMM-32705,296.0,2136.22,5,5,Free,Crypto,UK,Mobile,No
ECOMM-99274,123.0,2137.5,9,25,Free,Apple Pay,Australia,Tablet,Yes
ECOMM-87782,182.0,1885.17,9,3,Free,Crypto,USA,Tablet,Yes
ECOMM-41904,211.0,2235.53,7,3,Basic,PayPal,UK,Tablet,No
ECOMM-35550,277.0,3806.47,8,48,Premium,Crypto,Germany,Desktop,Yes
ECOMM-11648,145.0,2623.43,6,36,Premium,Apple Pay,UK,Desktop,No
ECOMM-53574,207.0,4986.72,5,15,Free,Apple Pay,Germany,Desktop,No
ECOMM-50987,306.0,4328.43,9,29,Free,Crypto,Canada,Mobile,Yes
ECOMM-25043,160.0,2850.36,6,9,Free,Credit Card,Canada,Tablet,No
ECOMM-52344,342.0,1026.43,1,3,Free,Apple Pay,UK,Tablet,Yes
ECOMM-61443,145.0,1940.88,8,0,Premium,Apple Pay,UK,Mobile,No
ECOMM-14724,158.0,712.64,1,43,Free,Credit Card,Germany,Mobile,No
ECOMM-30787,9.0,1110.34,1,4,Free,Apple Pay,Australia,Mobile,No
ECOMM-98197,195.0,3891.97,3,17,Basic,Crypto,Australia,Mobile,Yes
ECOMM-90849,171.0,4631.66,4,42,Basic,Crypto,Germany,Mobile,Yes
ECOMM-15276,152.0,3564.33,6,49,Free,PayPal,Australia,Mobile,No
ECOMM-57543,227.0,525.66,4,26,Free,Crypto,USA,Desktop,No
ECOMM-53531,200.0,2664.03,3,39,Free,Crypto,UK,Desktop,No
ECOMM-79038,345.0,4357.97,3,12,Free,Credit Card,USA,Desktop,No
ECOMM-96468,149.0,928.4,2,41,Basic,Apple Pay,Germany,Tablet,No
ECOMM-12739,159.0,1249.19,1,40,Free,Crypto,Germany,Desktop,No
ECOMM-49681,296.0,4643.33,9,40,Premium,Crypto,Germany,Tablet,No
ECOMM-93432,177.0,4058.14,7,29,Premium,Apple Pay,USA,Tablet,No
ECOMM-22696,92.0,4086.19,8,0,Basic,PayPal,Germany,Tablet,Yes
ECOMM-13700,189.0,2619.3,8,37,Basic,Crypto,Australia,Desktop,No
ECOMM-67188,185.0,3015.77,2,48,Free,Apple Pay,Canada,Desktop,No
ECOMM-56382,149.0,4395.76,6,40,Basic,Credit Card,Australia,Mobile,No
ECOMM-81307,194.0,3571.51,6,15,Free,Credit Card,Germany,Tablet,Yes
ECOMM-35698,211.0,1953.06,6,14,Basic,Credit Card,Germany,Tablet,No
ECOMM-95062,354.0,2745.69,7,0,Basic,Credit Card,Germany,Mobile,No
ECOMM-84969,26.0,4520.59,5,21,Premium,Crypto,UK,Tablet,No
ECOMM-77254,333.0,3540.08,5,41,Premium,PayPal,Germany,Tablet,No
ECOMM-13154,178.0,2636.26,2,42,Basic,Apple Pay,Germany,Desktop,No
ECOMM-54251,139.0,640.77,7,12,Basic,Crypto,Australia,Mobile,No
ECOMM-79189,223.0,602.22,6,35,Free,Apple Pay,UK,Desktop,No
ECOMM-46346,43.0,269.65,4,1,Premium,Apple Pay,Australia,Tablet,No
ECOMM-42378,271.0,477.19,5,28,Free,Crypto,USA,Desktop,Yes
ECOMM-51595,35.0,1853.3,0,34,Free,Crypto,USA,Tablet,No
ECOMM-26287,157.0,2260.35,4,13,Free,Crypto,Australia,Desktop,No
ECOMM-88337,74.0,478.79,2,24,Free,PayPal,Germany,Desktop,No
ECOMM-15465,111.0,1160.52,9,48,Free,PayPal,USA,Mobile,No
ECOMM-73348,172.0,2266.67,5,25,Basic,PayPal,USA,Tablet,No
ECOMM-15810,3.0,4292.93,0,3,Premium,Crypto,USA,Mobile,No
ECOMM-56681,324.0,3708.84,3,26,Premium,Crypto,USA,Mobile,No
ECOMM-61551,276.0,4815.13,5,6,Premium,Crypto,Canada,Mobile,No
ECOMM-58462,349.0,2839.71,3,49,Free,Crypto,Australia,Mobile,No
ECOMM-71978,29.0,1543.0,8,45,Free,PayPal,Canada,Tablet,No
ECOMM-97809,65.0,3915.4,8,44,Premium,PayPal,Germany,Mobile,No
ECOMM-28101,179.0,3485.27,1,14,Premium,PayPal,UK,Desktop,No
ECOMM-29766,312.0,3524.62,5,42,Free,PayPal,UK,Mobile,No
ECOMM-38588,111.0,2769.3,3,22,Premium,Apple Pay,Australia,Desktop,No
ECOMM-86457,110.0,501.96,0,41,Basic,Credit Card,USA,Mobile,No
ECOMM-24786,307.0,1211.38,2,24,Free,Apple Pay,UK,Desktop,No
ECOMM-45270,1.0,4788.25,8,34,Free,PayPal,USA,Tablet,No
ECOMM-68036,346.0,796.21,8,31,Premium,Apple Pay,UK,Desktop,No
ECOMM-94898,70.0,2281.19,7,28,Free,Crypto,Germany,Tablet,No
ECOMM-10132,117.0,426.0,6,22,Free,Apple Pay,USA,Mobile,No
ECOMM-36478,118.0,2754.61,0,4,Basic,PayPal,Canada,Mobile,No
ECOMM-84694,327.0,2323.33,4,34,Premium,Crypto,Australia,Desktop,No
ECOMM-78943,299.0,1364.12,4,14,Basic,Crypto,Australia,Desktop,Yes
ECOMM-68432,123.0,2237.3,8,43,Free,Apple Pay,Germany,Tablet,No
ECOMM-49564,125.0,1157.57,5,25,Basic,PayPal,Canada,Desktop,No
ECOMM-25190,296.0,1190.38,3,2,Basic,Credit Card,Canada,Tablet,Yes
ECOMM-18216,103.0,4878.9,2,15,Free,Credit Card,Australia,Desktop,Yes
ECOMM-11020,291.0,3994.37,7,20,Premium,Crypto,Germany,Tablet,Yes
ECOMM-63240,298.0,1146.42,0,32,Free,Crypto,UK,Tablet,No
ECOMM-32005,239.0,283.41,1,31,Free,Credit Card,UK,Desktop,No
ECOMM-68582,271.0,817.74,6,33,Free,Credit Card,UK,Desktop,Yes
ECOMM-43412,84.0,150.02,4,19,Free,PayPal,USA,Tablet,No
ECOMM-71293,205.0,942.73,9,3,Basic,PayPal,USA,Tablet,No
ECOMM-52408,51.0,1550.99,4,10,Basic,Crypto,UK,Desktop,No
ECOMM-94301,22.0,3762.38,0,31,Basic,Crypto,Australia,Desktop,No
ECOMM-51228,155.0,2860.3,6,33,Basic,Crypto,UK,Tablet,No
ECOMM-27718,108.0,456.1,7,16,Basic,Credit Card,Australia,Tablet,No
ECOMM-52523,56.0,4642.18,9,9,Basic,Apple Pay,UK,Desktop,No
ECOMM-41303,192.0,3622.27,0,40,Premium,Crypto,UK,Mobile,Yes
ECOMM-61630,318.0,2573.8,6,10,Basic,Crypto,Germany,Desktop,Yes
ECOMM-59219,91.0,2886.77,0,16,Free,Apple Pay,USA,Tablet,No
ECOMM-19785,66.0,3130.23,4,20,Premium,Crypto,Canada,Tablet,No
ECOMM-42488,317.0,3031.24,8,31,Basic,Crypto,Australia,Desktop,Yes
ECOMM-55988,12.0,4292.78,0,29,Basic,PayPal,Australia,Tablet,No
ECOMM-78927,214.0,3525.83,9,12,Free,Credit Card,USA,Desktop,Yes
ECOMM-11060,204.0,3471.17,4,15,Free,Crypto,UK,Tablet,Yes
ECOMM-91686,171.0,3290.65,6,15,Premium,Apple Pay,Germany,Tablet,No
ECOMM-27235,157.0,3587.97,4,7,Free,PayPal,Australia,Desktop,No
ECOMM-15187,10.0,1075.19,1,27,Basic,Apple Pay,Australia,Tablet,No
ECOMM-43002,313.0,3777.71,9,19,Basic,Crypto,USA,Tablet,Yes
ECOMM-28946,25.0,2193.6,4,16,Free,Credit Card,USA,Desktop,No
ECOMM-51288,59.0,3569.57,4,27,Free,Apple Pay,Australia,Tablet,No
ECOMM-79542,321.0,4963.57,5,24,Basic,Apple Pay,USA,Tablet,No
ECOMM-87496,132.0,4480.04,4,14,Free,Credit Card,Canada,Desktop,No
ECOMM-68544,168.0,4489.14,7,30,Premium,PayPal,Canada,Mobile,No
ECOMM-78915,234.0,2541.65,6,39,Free,Apple Pay,USA,Mobile,Yes
ECOMM-81199,206.0,592.67,6,12,Premium,Apple Pay,UK,Desktop,No
ECOMM-15772,339.0,442.79,9,45,Free,Crypto,Germany,Mobile,Yes
ECOMM-75204,342.0,4845.02,0,26,Free,Credit Card,USA,Mobile,No
ECOMM-28081,96.0,2943.32,1,13,Free,Apple Pay,UK,Mobile,No
ECOMM-57399,278.0,2666.7,2,30,Free,PayPal,Australia,Desktop,No
ECOMM-41954,251.0,3339.02,0,40,Free,Crypto,USA,Tablet,No
ECOMM-63524,91.0,2250.94,8,42,Free,Apple Pay,UK,Tablet,No
ECOMM-29812,55.0,2864.55,6,14,Basic,PayPal,USA,Mobile,Yes
ECOMM-97014,297.0,3832.14,7,26,Basic,Crypto,UK,Mobile,Yes
ECOMM-68021,270.0,3330.77,5,28,Basic,Credit Card,UK,Mobile,Yes
ECOMM-46153,137.0,1001.55,3,19,Free,Crypto,USA,Mobile,No
ECOMM-46100,107.0,3712.43,5,4,Free,Crypto,Canada,Mobile,No
ECOMM-87965,252.0,4145.02,4,34,Premium,PayPal,UK,Tablet,No
ECOMM-54153,89.0,2312.24,6,45,Basic,Apple Pay,Canada,Tablet,Yes
ECOMM-50717,169.0,2133.71,1,6,Free,Crypto,Canada,Desktop,No
ECOMM-87136,84.0,2419.62,8,1,Basic,Crypto,Canada,Mobile,Yes
ECOMM-42892,226.0,1113.41,1,21,Free,PayPal,UK,Mobile,No
ECOMM-61938,135.0,3071.67,1,44,Free,Credit Card,USA,Desktop,No
ECOMM-16184,243.0,4734.4,8,2,Free,PayPal,UK,Mobile,Yes
ECOMM-65371,120.0,2315.3,6,33,Basic,Crypto,Germany,Tablet,No
ECOMM-32711,228.0,2756.72,8,45,Basic,Apple Pay,USA,Mobile,Yes
ECOMM-47283,224.0,1240.75,7,7,Free,Credit Card,UK,Desktop,No
ECOMM-66332,165.0,2638.19,2,42,Free,Credit Card,USA,Mobile,No
ECOMM-60364,199.0,391.08,7,18,Free,Crypto,UK,Mobile,No
ECOMM-34813,65.0,2507.19,1,15,Free,Credit Card,Australia,Desktop,No
ECOMM-52336,273.0,724.01,1,20,Free,Apple Pay,UK,Tablet,No
ECOMM-11744,263.0,495.2,9,46,Basic,Credit Card,USA,Mobile,No
ECOMM-40566,108.0,2331.11,4,30,Free,Crypto,USA,Desktop,No
ECOMM-10296,154.0,4917.54,7,18,Basic,Credit Card,UK,Desktop,No
ECOMM-60100,350.0,2148.44,2,0,Free,Crypto,UK,Desktop,No
ECOMM-70086,47.0,325.13,9,44,Basic,PayPal,Australia,Desktop,Yes
ECOMM-89794,198.0,266.05,5,9,Free,PayPal,Canada,Desktop,Yes
ECOMM-54423,194.0,4188.68,9,30,Basic,PayPal,USA,Mobile,No
ECOMM-94627,248.0,3819.39,7,44,Free,Crypto,UK,Tablet,Yes
ECOMM-63044,163.0,3844.46,3,7,Free,Apple Pay,Germany,Tablet,No
ECOMM-33551,251.0,284.79,6,16,Free,PayPal,Australia,Desktop,No
ECOMM-60012,41.0,4841.58,3,9,Free,Apple Pay,Canada,Mobile,Yes
ECOMM-66023,56.0,1231.74,6,12,Basic,Apple Pay,Australia,Mobile,No
ECOMM-20981,195.0,2563.8,9,39,Basic,Crypto,Canada,Tablet,Yes
ECOMM-99437,53.0,495.69,8,33,Basic,Credit Card,Australia,Tablet,No
ECOMM-45680,9.0,225.47,4,27,Free,Apple Pay,UK,Mobile,No
ECOMM-76339,169.0,3956.79,7,29,Basic,Crypto,Germany,Mobile,No
ECOMM-94766,255.0,656.98,0,12,Free,Crypto,UK,Mobile,Yes
ECOMM-13520,190.0,3633.63,6,35,Free,PayPal,USA,Desktop,No
ECOMM-64271,319.0,125.95,5,44,Free,Credit Card,USA,Tablet,Yes
ECOMM-93834,100.0,217.04,1,18,Basic,Apple Pay,UK,Tablet,No
ECOMM-72182,164.0,2705.2,9,16,Free,Credit Card,UK,Mobile,No
ECOMM-91282,66.0,4191.59,1,3,Free,Credit Card,USA,Mobile,No
ECOMM-85751,93.0,4554.5,9,37,Premium,Crypto,Australia,Tablet,No
ECOMM-25017,184.0,4974.26,2,6,Free,PayPal,Australia,Mobile,No
ECOMM-59912,220.0,225.22,8,30,Basic,PayPal,Australia,Mobile,No
ECOMM-44593,241.0,4481.45,2,9,Free,Apple Pay,Australia,Desktop,Yes
ECOMM-61848,96.0,4859.22,2,21,Basic,PayPal,UK,Tablet,No
ECOMM-73893,84.0,4856.22,4,11,Basic,Crypto,UK,Mobile,No
ECOMM-55078,150.0,4262.93,8,34,Basic,Crypto,UK,Tablet,No
ECOMM-51977,80.0,3422.53,4,33,Premium,PayPal,Australia,Mobile,No
ECOMM-96650,83.0,974.96,7,15,Free,Credit Card,USA,Mobile,Yes
ECOMM-31503,348.0,3299.56,3,23,Basic,PayPal,Canada,Desktop,No
ECOMM-84031,123.0,2910.63,5,38,Basic,PayPal,Canada,Tablet,No
ECOMM-98889,264.0,4850.54,2,44,Basic,Crypto,Australia,Tablet,No
ECOMM-84025,116.0,3826.94,0,12,Free,Credit Card,UK,Desktop,No
ECOMM-86737,13.0,3795.66,6,21,Free,PayPal,Germany,Mobile,No
ECOMM-67506,19.0,1729.72,1,31,Free,PayPal,USA,Tablet,No
ECOMM-93129,358.0,980.98,1,37,Basic,Credit Card,UK,Tablet,Yes
ECOMM-34254,133.0,3431.95,0,33,Free,Apple Pay,Germany,Tablet,No
ECOMM-62072,4.0,3927.28,0,9,Free,Apple Pay,USA,Tablet,No
ECOMM-28564,138.0,4658.68,8,38,Free,Apple Pay,Australia,Mobile,No
ECOMM-96863,97.0,4394.43,4,3,Premium,PayPal,UK,Mobile,No
ECOMM-63626,245.0,873.18,8,22,Basic,Credit Card,USA,Mobile,No
ECOMM-76138,334.0,1403.58,3,49,Free,PayPal,UK,Tablet,No
ECOMM-97538,326.0,662.72,8,26,Free,Crypto,Australia,Desktop,No
ECOMM-35531,30.0,1728.28,6,6,Free,Apple Pay,Canada,Desktop,Yes
ECOMM-97165,2.0,1316.07,5,28,Free,Apple Pay,Canada,Mobile,No
ECOMM-82801,312.0,3726.74,2,36,Free,PayPal,Germany,Tablet,No
ECOMM-18771,66.0,19.12,1,29,Free,Apple Pay,UK,Tablet,No
ECOMM-16534,53.0,611.55,8,44,Premium,Credit Card,Canada,Tablet,No
ECOMM-20979,345.0,1466.08,9,29,Basic,PayPal,Canada,Desktop,Yes
ECOMM-46755,66.0,4637.24,3,45,Free,Apple Pay,Canada,Desktop,No
ECOMM-26648,313.0,1614.26,5,33,Free,Apple Pay,Australia,Tablet,No
ECOMM-70981,286.0,2660.02,5,46,Free,PayPal,UK,Tablet,No
ECOMM-81863,74.0,3838.27,1,21,Free,Apple Pay,USA,Desktop,Yes
ECOMM-80477,326.0,2080.36,7,46,Free,Apple Pay,Australia,Tablet,Yes
ECOMM-79490,228.0,3470.28,9,16,Basic,Credit Card,Germany,Tablet,Yes
ECOMM-70701,168.0,4240.43,9,38,Premium,Crypto,Germany,Mobile,Yes
ECOMM-24325,178.0,2998.25,9,30,Basic,Crypto,Canada,Mobile,No
ECOMM-83351,15.0,731.49,3,0,Basic,Apple Pay,Canada,Mobile,No
ECOMM-25068,317.0,4614.13,2,12,Basic,PayPal,UK,Desktop,No
ECOMM-86068,115.0,2420.3,3,9,Basic,Credit Card,Germany,Mobile,No
ECOMM-45375,102.0,2367.48,5,42,Basic,PayPal,UK,Mobile,No
ECOMM-30693,6.0,2032.54,3,42,Free,Apple Pay,UK,Desktop,No
ECOMM-52220,96.0,1003.58,2,18,Free,PayPal,Australia,Tablet,No
ECOMM-37012,128.0,1574.97,2,39,Free,Apple Pay,UK,Mobile,No
ECOMM-33092,17.0,3653.25,2,12,Free,Crypto,UK,Mobile,No
ECOMM-58308,240.0,3227.95,0,33,Free,Crypto,UK,Mobile,No
ECOMM-51280,52.0,103.41,4,34,Free,Crypto,Canada,Desktop,No
ECOMM-23683,97.0,262.32,7,35,Premium,PayPal,Germany,Desktop,No
ECOMM-54545,175.0,87.14,1,1,Basic,Credit Card,Canada,Mobile,No
ECOMM-53804,238.0,1163.01,7,26,Free,Credit Card,Germany,Desktop,Yes
ECOMM-26920,68.0,2601.98,8,4,Basic,PayPal,Australia,Tablet,No
ECOMM-97448,338.0,3472.92,0,8,Basic,Credit Card,USA,Mobile,Yes
ECOMM-62686,189.0,689.57,9,18,Free,Credit Card,Canada,Mobile,Yes
ECOMM-37607,170.0,4878.05,7,5,Free,Crypto,Germany,Tablet,No
ECOMM-66163,273.0,267.55,0,5,Premium,Apple Pay,Germany,Mobile,Yes
ECOMM-24924,76.0,3984.07,6,49,Free,Crypto,Australia,Desktop,Yes
ECOMM-19146,103.0,4299.75,9,15,Free,Apple Pay,Canada,Tablet,No
ECOMM-79438,336.0,2384.73,9,40,Basic,PayPal,UK,Mobile,No
ECOMM-93875,257.0,3941.65,7,16,Premium,Apple Pay,Germany,Mobile,Yes
ECOMM-83105,345.0,4369.97,0,2,Basic,Crypto,Australia,Mobile,No
ECOMM-14307,229.0,4759.89,9,4,Basic,PayPal,Canada,Tablet,Yes
ECOMM-41478,50.0,2992.92,9,32,Free,Credit Card,UK,Tablet,No
ECOMM-80464,275.0,1867.48,5,30,Free,Credit Card,Canada,Desktop,Yes
ECOMM-70468,328.0,46.45,5,41,Basic,PayPal,UK,Tablet,No
ECOMM-42912,46.0,4851.97,6,45,Free,Credit Card,USA,Desktop,No
ECOMM-65356,107.0,1161.68,7,13,Premium,PayPal,UK,Desktop,No
ECOMM-54084,285.0,3877.9,3,48,Basic,PayPal,USA,Desktop,No
ECOMM-88178,47.0,3120.64,7,37,Free,Apple Pay,Canada,Desktop,No
ECOMM-43766,354.0,4821.07,3,31,Free,PayPal,Australia,Mobile,Yes
ECOMM-54688,43.0,2306.66,1,3,Free,Crypto,Australia,Desktop,No
ECOMM-98080,10.0,2250.31,7,22,Basic,Apple Pay,Australia,Mobile,No
ECOMM-80337,277.0,737.43,4,14,Basic,Apple Pay,USA,Mobile,Yes
ECOMM-38939,2.0,856.54,6,9,Basic,Crypto,Australia,Tablet,No
ECOMM-44988,33.0,4637.13,5,49,Premium,Crypto,Canada,Tablet,No
ECOMM-81592,246.0,2642.59,4,37,Free,PayPal,USA,Desktop,Yes
ECOMM-53029,278.0,23.26,6,34,Basic,Apple Pay,Canada,Desktop,No
ECOMM-41887,323.0,2644.19,5,5,Free,PayPal,Germany,Desktop,Yes
ECOMM-23529,88.0,4598.65,5,13,Free,PayPal,USA,Desktop,Yes
ECOMM-90175,297.0,3702.25,3,25,Free,PayPal,Australia,Tablet,Yes
ECOMM-86353,153.0,2338.97,5,11,Free,Credit Card,Australia,Desktop,No
ECOMM-52766,282.0,3090.81,0,25,Premium,Apple Pay,Australia,Mobile,No
ECOMM-95376,53.0,4602.89,3,1,Free,Crypto,Canada,Tablet,No
ECOMM-30076,265.0,1645.52,9,36,Basic,PayPal,Germany,Tablet,No
ECOMM-13433,238.0,1333.71,6,27,Basic,PayPal,Germany,Mobile,Yes
ECOMM-99451,149.0,3352.63,4,27,Basic,Credit Card,Germany,Tablet,No
ECOMM-93276,167.0,906.51,2,46,Basic,PayPal,UK,Desktop,No
ECOMM-91431,64.0,1314.32,5,22,Free,Apple Pay,UK,Mobile,No
ECOMM-75513,144.0,2741.6,6,33,Premium,PayPal,Australia,Tablet,No
ECOMM-27044,223.0,1192.88,9,2,Free,PayPal,UK,Mobile,Yes
ECOMM-79102,293.0,810.49,2,31,Free,PayPal,Germany,Tablet,No
ECOMM-82610,218.0,2234.3,9,29,Free,PayPal,USA,Desktop,Yes
ECOMM-36494,168.0,314.1,0,19,Free,Credit Card,Germany,Desktop,No
ECOMM-24234,262.0,4395.2,2,35,Free,Crypto,UK,Mobile,Yes
ECOMM-43761,252.0,3869.5,2,35,Basic,PayPal,Germany,Desktop,No
ECOMM-49496,344.0,1466.27,9,33,Free,Credit Card,USA,Tablet,Yes
ECOMM-72700,285.0,2195.02,6,37,Free,PayPal,Australia,Tablet,No
ECOMM-41774,26.0,1654.2,3,43,Premium,Crypto,Canada,Tablet,No
ECOMM-90726,224.0,1000.25,8,42,Free,Credit Card,Germany,Mobile,No
ECOMM-66297,259.0,786.09,6,26,Free,PayPal,UK,Tablet,Yes
ECOMM-31869,350.0,927.31,4,49,Basic,Crypto,USA,Tablet,No
ECOMM-71105,277.0,490.08,4,35,Basic,Credit Card,USA,Desktop,Yes
ECOMM-81143,201.0,2709.72,9,30,Free,Crypto,Germany,Mobile,No
ECOMM-98880,16.0,1096.42,7,22,Premium,Crypto,Australia,Tablet,No
ECOMM-32822,80.0,1100.15,4,4,Free,Apple Pay,UK,Tablet,Yes
ECOMM-94770,278.0,4129.77,7,39,Basic,Credit Card,UK,Tablet,Yes
ECOMM-21339,198.0,1193.01,8,10,Free,Credit Card,USA,Desktop,Yes
ECOMM-83161,251.0,778.22,1,48,Free,Crypto,Australia,Mobile,No
ECOMM-32126,90.0,1680.25,7,14,Free,Crypto,USA,Mobile,Yes
ECOMM-32540,289.0,4743.83,5,4,Free,PayPal,UK,Mobile,No
ECOMM-27579,31.0,281.16,8,49,Premium,Credit Card,Australia,Mobile,No
ECOMM-88631,354.0,108.22,2,47,Free,Apple Pay,Australia,Desktop,No
ECOMM-80464,276.0,4295.14,4,34,Free,PayPal,UK,Mobile,Yes
ECOMM-77305,250.0,4367.18,8,17,Basic,PayPal,Australia,Desktop,Yes
ECOMM-39240,97.0,1446.01,3,29,Basic,Apple Pay,UK,Mobile,No
ECOMM-84584,291.0,330.39,7,30,Free,Crypto,Germany,Desktop,Yes
ECOMM-90775,115.0,1712.88,1,11,Free,Apple Pay,Australia,Tablet,No
ECOMM-88139,309.0,3874.91,1,29,Free,Crypto,Canada,Desktop,No
ECOMM-49914,360.0,2679.1,5,23,Premium,Apple Pay,Canada,Mobile,Yes
ECOMM-96660,313.0,2038.03,8,35,Premium,Apple Pay,USA,Tablet,No
ECOMM-24064,146.0,4499.2,4,47,Free,Crypto,USA,Desktop,No
ECOMM-27118,330.0,2986.66,1,40,Basic,Credit Card,Germany,Tablet,No
ECOMM-86528,161.0,2417.22,6,17,Free,PayPal,Australia,Desktop,Yes
ECOMM-74165,300.0,3924.64,5,28,Free,Crypto,UK,Desktop,Yes
ECOMM-49978,336.0,609.55,1,18,Free,PayPal,Canada,Tablet,No
ECOMM-20356,140.0,887.58,3,49,Free,PayPal,Canada,Tablet,Yes
ECOMM-25899,288.0,1979.27,6,16,Basic,Apple Pay,Australia,Desktop,Yes
ECOMM-60025,358.0,1872.22,2,24,Basic,Crypto,Canada,Desktop,No
ECOMM-98626,313.0,2713.61,1,16,Basic,Crypto,Australia,Tablet,No
ECOMM-77431,75.0,4731.06,5,4,Free,Apple Pay,Canada,Tablet,Yes
ECOMM-88892,171.0,2101.5,9,1,Free,Apple Pay,UK,Mobile,No
ECOMM-21495,162.0,32.55,0,26,Free,Apple Pay,Germany,Mobile,No
ECOMM-66804,78.0,2986.63,8,38,Premium,Crypto,Australia,Tablet,No
ECOMM-98996,80.0,789.41,9,9,Basic,Apple Pay,Germany,Tablet,No
ECOMM-45083,24.0,4542.48,1,38,Basic,PayPal,Germany,Mobile,No
ECOMM-40804,253.0,2957.14,9,6,Free,Apple Pay,Australia,Desktop,Yes
ECOMM-67719,30.0,3129.8,4,47,Free,Apple Pay,Australia,Mobile,Yes
ECOMM-73964,46.0,3096.79,4,25,Free,PayPal,Germany,Mobile,No
ECOMM-21569,50.0,4196.04,1,1,Premium,PayPal,USA,Desktop,No
ECOMM-85263,190.0,831.15,1,30,Free,PayPal,Australia,Mobile,No
ECOMM-80721,99.0,1997.93,7,15,Free,Credit Card,Germany,Desktop,No
ECOMM-70081,166.0,2147.05,4,12,Free,PayPal,UK,Desktop,No
ECOMM-77614,283.0,1573.65,3,11,Free,PayPal,UK,Mobile,Yes
ECOMM-95519,132.0,25.3,2,24,Basic,PayPal,UK,Mobile,No
ECOMM-67380,84.0,1347.23,8,46,Basic,Credit Card,UK,Tablet,No
ECOMM-24900,29.0,3064.57,5,31,Free,Credit Card,Canada,Desktop,No
ECOMM-43584,154.0,2046.75,2,21,Basic,Credit Card,Germany,Desktop,No
ECOMM-83856,298.0,4122.18,4,1,Free,Credit Card,Canada,Desktop,Yes
ECOMM-61839,167.0,3647.8,0,34,Premium,Crypto,Canada,Desktop,Yes
ECOMM-97140,98.0,4876.7,9,38,Basic,Credit Card,USA,Tablet,No
ECOMM-67823,113.0,2962.44,8,3,Free,Crypto,Australia,Mobile,No
ECOMM-97471,7.0,3793.14,2,0,Basic,Apple Pay,Germany,Desktop,Yes
ECOMM-78254,65.0,925.97,7,21,Free,Crypto,Canada,Tablet,No
ECOMM-31897,38.0,249.69,5,11,Basic,PayPal,Germany,Mobile,Yes
ECOMM-46280,98.0,1241.34,1,2,Free,PayPal,Australia,Mobile,No
ECOMM-37738,344.0,1682.71,5,21,Free,Apple Pay,Canada,Tablet,No
ECOMM-76046,311.0,325.51,6,47,Free,PayPal,UK,Mobile,No
ECOMM-42896,276.0,4127.44,1,46,Free,Credit Card,UK,Desktop,No
ECOMM-10808,362.0,1202.96,4,15,Premium,Apple Pay,Australia,Mobile,Yes
ECOMM-53445,113.0,4877.0,8,14,Basic,PayPal,USA,Mobile,No
ECOMM-50378,135.0,2376.62,7,49,Free,PayPal,Australia,Tablet,No
ECOMM-70343,14.0,4560.51,9,15,Basic,Apple Pay,Canada,Desktop,No
ECOMM-84146,169.0,1773.87,1,8,Free,Credit Card,Australia,Tablet,No
ECOMM-27876,188.0,2946.32,9,7,Free,Apple Pay,UK,Desktop,No
ECOMM-18204,122.0,2818.28,2,9,Free,Crypto,USA,Tablet,No
ECOMM-40734,243.0,2240.55,7,18,Free,PayPal,Canada,Mobile,Yes
ECOMM-30841,134.0,3085.95,8,37,Basic,Apple Pay,Canada,Desktop,Yes
ECOMM-57204,163.0,1970.78,9,35,Free,Credit Card,Australia,Mobile,No
ECOMM-38772,251.0,694.58,5,9,Basic,Apple Pay,Canada,Mobile,Yes
ECOMM-86031,253.0,4967.9,7,36,Free,Credit Card,Germany,Desktop,No
ECOMM-60285,268.0,569.49,2,22,Free,PayPal,USA,Mobile,Yes
ECOMM-57212,252.0,1272.6,8,3,Premium,Crypto,USA,Tablet,Yes
ECOMM-11418,116.0,371.51,5,18,Free,Apple Pay,Germany,Mobile,No
ECOMM-38195,83.0,3509.29,2,5,Free,Crypto,UK,Mobile,No
ECOMM-96546,53.0,2677.8,1,44,Free,PayPal,UK,Mobile,No
ECOMM-38376,119.0,3408.81,8,7,Premium,Crypto,Germany,Desktop,No
ECOMM-79587,258.0,4498.91,5,48,Free,Credit Card,USA,Desktop,No
ECOMM-87567,307.0,1831.45,3,4,Basic,PayPal,Canada,Desktop,No
ECOMM-97510,160.0,2098.82,9,36,Basic,Credit Card,USA,Tablet,No
ECOMM-55948,28.0,3289.99,7,30,Free,Crypto,Canada,Desktop,No
ECOMM-78873,334.0,2040.59,4,35,Free,Credit Card,Canada,Desktop,No
ECOMM-85479,301.0,599.82,1,4,Basic,Crypto,Canada,Desktop,No
ECOMM-62375,149.0,4615.01,3,11,Free,Credit Card,Canada,Tablet,No
ECOMM-90583,225.0,3544.33,9,41,Free,Apple Pay,Canada,Mobile,No
ECOMM-13919,11.0,1363.75,6,2,Free,Apple Pay,Germany,Mobile,No
ECOMM-27221,150.0,4592.06,7,42,Basic,Credit Card,USA,Tablet,No
ECOMM-83776,265.0,4244.31,5,25,Basic,Credit Card,Germany,Mobile,Yes
ECOMM-94083,271.0,834.49,7,29,Free,Credit Card,USA,Mobile,No
ECOMM-17918,359.0,3577.52,7,0,Free,Credit Card,Canada,Desktop,No
ECOMM-12442,183.0,3471.27,8,27,Free,Credit Card,Germany,Tablet,Yes
ECOMM-36439,170.0,1454.02,7,28,Free,Crypto,UK,Mobile,Yes
ECOMM-74161,197.0,2049.77,1,23,Basic,Credit Card,Canada,Tablet,Yes
ECOMM-83118,347.0,486.45,4,23,Basic,Credit Card,Australia,Tablet,Yes
ECOMM-10385,45.0,4696.53,9,42,Basic,PayPal,Germany,Desktop,No
ECOMM-61742,60.0,3462.0,5,11,Free,Credit Card,Australia,Desktop,No
ECOMM-16413,292.0,2427.12,4,3,Basic,Crypto,Australia,Mobile,No
ECOMM-84958,78.0,3679.56,9,30,Free,PayPal,Australia,Mobile,Yes
ECOMM-30317,230.0,4272.78,6,6,Free,Crypto,Canada,Mobile,Yes
ECOMM-82796,125.0,4893.13,3,7,Basic,Credit Card,Canada,Desktop,No
ECOMM-43259,275.0,4571.06,3,49,Free,Crypto,USA,Mobile,No
ECOMM-22213,148.0,2826.91,3,17,Free,Apple Pay,Canada,Mobile,No
ECOMM-80929,60.0,487.52,3,31,Free,Apple Pay,Australia,Tablet,No
ECOMM-77088,328.0,3186.49,7,1,Basic,Apple Pay,UK,Tablet,Yes
ECOMM-98706,4.0,827.62,9,31,Free,Crypto,Australia,Tablet,No
ECOMM-50039,354.0,2550.15,2,45,Premium,Apple Pay,UK,Mobile,No
ECOMM-39309,17.0,582.03,6,4,Free,Credit Card,Australia,Tablet,Yes
ECOMM-50579,186.0,2596.96,1,37,Premium,Apple Pay,Germany,Desktop,No
ECOMM-52371,333.0,1580.8,4,35,Basic,Apple Pay,Australia,Desktop,No
ECOMM-57316,254.0,609.12,1,34,Basic,Apple Pay,UK,Tablet,Yes
ECOMM-42248,81.0,3579.84,1,45,Free,PayPal,UK,Desktop,No
ECOMM-86889,229.0,2178.1,6,31,Free,PayPal,USA,Mobile,No
ECOMM-40939,77.0,2389.84,5,27,Premium,Crypto,Canada,Desktop,No
ECOMM-58470,314.0,4711.5,5,43,Free,Apple Pay,Australia,Mobile,Yes
ECOMM-38517,25.0,703.31,4,42,Basic,Crypto,Canada,Tablet,No
ECOMM-56385,40.0,4817.56,1,6,Free,PayPal,Australia,Desktop,No
ECOMM-17441,259.0,2427.3,3,3,Free,Credit Card,Australia,Tablet,No
ECOMM-32643,205.0,3098.9,9,33,Basic,PayPal,Germany,Desktop,Yes
ECOMM-64294,271.0,1232.95,7,10,Free,PayPal,Germany,Mobile,Yes
ECOMM-90910,295.0,3310.49,8,19,Basic,Apple Pay,UK,Tablet,Yes
ECOMM-52847,31.0,2075.7,6,3,Basic,Credit Card,Canada,Desktop,No
ECOMM-18274,282.0,4064.12,5,40,Free,Credit Card,UK,Mobile,No
ECOMM-69469,137.0,2421.61,7,45,Free,Crypto,Germany,Tablet,No
ECOMM-34293,280.0,1511.24,7,33,Free,Apple Pay,Germany,Mobile,No
ECOMM-88490,76.0,2880.32,2,7,Basic,PayPal,Canada,Mobile,No
ECOMM-94636,358.0,4807.52,6,14,Premium,Apple Pay,Germany,Desktop,No
ECOMM-85462,176.0,4877.65,5,38,Basic,Crypto,USA,Desktop,No
ECOMM-14233,11.0,2559.63,1,32,Free,PayPal,Australia,Tablet,No
ECOMM-53458,262.0,1802.51,4,25,Free,Apple Pay,Germany,Tablet,No
ECOMM-64508,39.0,4485.51,9,21,Basic,Apple Pay,Australia,Mobile,No
ECOMM-88290,219.0,2253.53,1,13,Basic,PayPal,Germany,Desktop,Yes
ECOMM-23949,56.0,3462.48,9,3,Basic,PayPal,UK,Desktop,No
ECOMM-30362,80.0,3769.76,0,15,Premium,Crypto,Germany,Desktop,No
ECOMM-48093,212.0,324.89,7,7,Premium,Apple Pay,USA,Mobile,No
ECOMM-85062,211.0,2043.9,3,27,Free,Credit Card,Germany,Mobile,No
ECOMM-91105,157.0,1366.06,7,19,Basic,Crypto,UK,Mobile,No
ECOMM-34040,104.0,119.9,5,49,Free,Credit Card,Australia,Tablet,No
ECOMM-21077,24.0,178.4,9,43,Basic,Crypto,Germany,Tablet,No
ECOMM-77556,124.0,1470.25,6,34,Free,Credit Card,UK,Desktop,No
ECOMM-64407,102.0,2294.72,8,9,Premium,Apple Pay,Australia,Desktop,No
ECOMM-83590,361.0,292.89,1,11,Premium,Credit Card,Australia,Tablet,Yes
ECOMM-38940,143.0,4406.34,0,34,Basic,Credit Card,Germany,Tablet,No
ECOMM-54395,197.0,2612.74,2,14,Basic,PayPal,Australia,Mobile,Yes
ECOMM-48278,185.0,2580.93,4,30,Premium,Crypto,Australia,Desktop,No
ECOMM-98743,338.0,2804.22,9,13,Free,PayPal,USA,Desktop,No
ECOMM-64716,276.0,1014.0,7,40,Free,Crypto,Germany,Mobile,No
ECOMM-92164,201.0,2829.46,8,15,Basic,Credit Card,Canada,Mobile,Yes
ECOMM-84061,179.0,4161.78,0,29,Free,Crypto,UK,Tablet,No
ECOMM-16876,327.0,3361.86,3,4,Basic,PayPal,Canada,Tablet,No
ECOMM-90050,301.0,109.84,9,36,Basic,Crypto,UK,Tablet,No
ECOMM-36803,252.0,4126.5,4,46,Free,PayPal,Germany,Mobile,No
ECOMM-65047,197.0,2667.82,5,0,Free,Credit Card,Germany,Mobile,Yes
ECOMM-90012,40.0,2410.47,0,28,Premium,Credit Card,Germany,Tablet,No
ECOMM-50936,131.0,2660.94,1,28,Free,Apple Pay,Germany,Tablet,No
ECOMM-45173,256.0,34.74,3,37,Free,Crypto,Canada,Tablet,Yes
ECOMM-25383,294.0,586.39,8,16,Free,Apple Pay,Germany,Tablet,Yes
ECOMM-89609,247.0,871.83,7,13,Free,PayPal,Germany,Mobile,Yes
ECOMM-83298,68.0,2829.97,5,38,Premium,Crypto,Australia,Mobile,No
ECOMM-26286,78.0,4756.04,5,36,Free,PayPal,USA,Mobile,No
ECOMM-34905,324.0,3020.82,6,31,Premium,Apple Pay,Australia,Desktop,Yes
ECOMM-46934,129.0,2498.75,9,46,Free,PayPal,Canada,Desktop,No
ECOMM-29445,246.0,146.15,2,22,Free,Crypto,UK,Desktop,No
ECOMM-35176,71.0,3706.33,6,33,Free,PayPal,USA,Tablet,No
ECOMM-76037,348.0,4289.21,5,20,Basic,Crypto,Canada,Desktop,Yes
ECOMM-91714,102.0,936.24,6,23,Premium,PayPal,USA,Desktop,No
ECOMM-52335,77.0,3148.93,7,41,Free,Apple Pay,Australia,Desktop,Yes
ECOMM-74588,99.0,3180.52,8,19,Basic,Apple Pay,USA,Tablet,Yes
ECOMM-20987,85.0,4522.03,9,40,Basic,Apple Pay,Canada,Tablet,No
ECOMM-25263,35.0,67.96,2,26,Premium,Crypto,Australia,Desktop,No
ECOMM-67284,167.0,2029.2,0,43,Free,Crypto,USA,Mobile,No
ECOMM-70968,209.0,2864.68,3,19,Basic,Credit Card,Australia,Mobile,No
ECOMM-41239,55.0,2694.81,5,37,Basic,PayPal,UK,Mobile,No
ECOMM-69787,169.0,1705.79,9,3,Free,Crypto,Germany,Desktop,No
ECOMM-17742,15.0,4599.67,5,20,Basic,Crypto,Australia,Mobile,Yes
ECOMM-12005,201.0,3820.8,1,9,Premium,Apple Pay,Australia,Mobile,No
ECOMM-98638,129.0,745.11,7,9,Free,Apple Pay,UK,Mobile,No
ECOMM-67000,247.0,3086.19,4,14,Free,Credit Card,UK,Mobile,No
ECOMM-47500,274.0,2008.79,3,35,Basic,Credit Card,Canada,Mobile,No
ECOMM-41543,58.0,2965.73,7,38,Basic,Apple Pay,Germany,Mobile,No
ECOMM-10105,324.0,2830.61,0,12,Basic,PayPal,Canada,Tablet,Yes
ECOMM-87543,288.0,3780.06,0,8,Free,Crypto,USA,Tablet,No
ECOMM-74757,85.0,4512.54,3,44,Basic,Credit Card,Australia,Tablet,No
ECOMM-15210,161.0,3049.15,7,20,Basic,PayPal,UK,Tablet,No
ECOMM-47558,344.0,2556.89,4,3,Basic,PayPal,Australia,Mobile,No
ECOMM-35440,322.0,1451.15,1,43,Free,Apple Pay,Canada,Desktop,No
ECOMM-78557,29.0,4099.43,1,22,Basic,Credit Card,Canada,Tablet,No
ECOMM-63897,326.0,4886.72,0,35,Free,PayPal,Germany,Mobile,No
ECOMM-54339,29.0,1630.75,8,2,Free,Crypto,Australia,Tablet,No
ECOMM-24842,121.0,1735.7,7,3,Basic,Apple Pay,Germany,Desktop,Yes
ECOMM-66511,257.0,1414.13,7,21,Basic,Credit Card,USA,Mobile,No
ECOMM-26651,300.0,4923.93,3,23,Premium,Apple Pay,UK,Mobile,No
ECOMM-47580,25.0,596.13,7,14,Premium,Apple Pay,USA,Mobile,No
ECOMM-66698,350.0,3378.88,8,12,Basic,Crypto,Canada,Mobile,Yes
ECOMM-69376,354.0,2883.36,1,44,Free,Crypto,Germany,Desktop,No
ECOMM-54689,140.0,3512.13,0,26,Basic,Apple Pay,Canada,Mobile,No
ECOMM-23451,100.0,3599.37,2,11,Free,PayPal,Australia,Tablet,No
ECOMM-41735,39.0,4004.35,5,34,Premium,PayPal,USA,Tablet,No
ECOMM-56351,47.0,3516.5,5,38,Free,Crypto,Canada,Desktop,No
ECOMM-72608,22.0,935.29,4,33,Free,Credit Card,Canada,Mobile,No
ECOMM-34824,280.0,4006.43,5,11,Premium,Apple Pay,Canada,Desktop,No
ECOMM-20229,156.0,3086.46,5,23,Basic,Apple Pay,UK,Mobile,Yes
ECOMM-42389,154.0,4760.16,8,31,Free,PayPal,Germany,Mobile,No
ECOMM-51878,96.0,645.36,4,8,Basic,Apple Pay,Germany,Tablet,Yes
ECOMM-24615,328.0,1724.18,2,32,Premium,Apple Pay,USA,Desktop,No
ECOMM-85869,191.0,636.46,5,10,Premium,Crypto,Germany,Tablet,No
ECOMM-30566,180.0,3569.08,9,2,Free,PayPal,USA,Tablet,No
ECOMM-40285,141.0,4746.17,4,21,Basic,Credit Card,UK,Desktop,No
ECOMM-35474,3.0,127.99,4,10,Free,PayPal,USA,Tablet,No
ECOMM-83264,60.0,2329.04,0,24,Free,Credit Card,Australia,Mobile,No
ECOMM-38855,60.0,3782.94,4,14,Free,Apple Pay,Germany,Desktop,Yes
ECOMM-69581,155.0,1176.35,0,35,Premium,Apple Pay,Germany,Tablet,No
ECOMM-81239,37.0,1132.3,2,4,Free,PayPal,Australia,Mobile,No
ECOMM-19426,329.0,952.77,6,30,Basic,Credit Card,Australia,Tablet,No
ECOMM-76812,67.0,855.44,9,30,Basic,PayPal,USA,Mobile,No
ECOMM-13231,212.0,575.45,4,25,Free,Crypto,Australia,Desktop,No
ECOMM-44617,99.0,3818.96,8,20,Free,Credit Card,Germany,Desktop,No
ECOMM-50862,32.0,1434.97,8,41,Free,Credit Card,USA,Desktop,Yes
ECOMM-23420,28.0,2075.04,3,2,Free,Credit Card,Australia,Mobile,No
ECOMM-80940,173.0,3568.69,0,25,Premium,PayPal,Australia,Tablet,No
ECOMM-58844,320.0,2826.43,4,6,Basic,Apple Pay,Australia,Mobile,Yes
ECOMM-19980,265.0,3826.73,7,0,Basic,Crypto,Canada,Desktop,Yes
ECOMM-17040,246.0,30.25,2,6,Basic,PayPal,UK,Mobile,Yes
ECOMM-86634,230.0,1458.65,6,35,Free,Credit Card,Australia,Tablet,Yes
ECOMM-74397,162.0,923.7,7,3,Free,Credit Card,Canada,Mobile,No
ECOMM-90519,254.0,91.34,5,25,Basic,Crypto,USA,Mobile,Yes
ECOMM-35373,328.0,2749.08,6,5,Free,Credit Card,UK,Desktop,Yes
ECOMM-62526,193.0,11.32,4,36,Free,PayPal,Germany,Tablet,No
ECOMM-57381,223.0,4897.54,0,45,Free,Crypto,Australia,Mobile,No
ECOMM-61456,70.0,2570.63,9,16,Premium,Crypto,Germany,Mobile,No
ECOMM-18264,249.0,686.44,0,32,Basic,Credit Card,Germany,Tablet,No
ECOMM-16739,41.0,3391.69,7,40,Premium,PayPal,Germany,Mobile,No
ECOMM-73064,260.0,3585.27,6,12,Free,Crypto,Australia,Desktop,No
ECOMM-24324,363.0,2408.03,6,29,Free,Crypto,Germany,Desktop,Yes
ECOMM-89306,160.0,3340.55,0,25,Free,Crypto,Germany,Tablet,No
ECOMM-52766,190.0,1939.45,9,29,Basic,Crypto,USA,Tablet,Yes
ECOMM-15451,107.0,2934.65,0,0,Basic,PayPal,USA,Desktop,No
ECOMM-63672,275.0,3988.03,3,33,Basic,Credit Card,Canada,Mobile,No
ECOMM-82544,323.0,2084.54,3,32,Free,Apple Pay,Australia,Mobile,No
ECOMM-58725,60.0,1755.75,8,31,Basic,Apple Pay,Australia,Desktop,No
ECOMM-64401,135.0,2629.44,8,48,Free,PayPal,Canada,Mobile,No
ECOMM-11602,133.0,4377.72,4,47,Basic,Apple Pay,Australia,Mobile,No
ECOMM-22379,159.0,1914.75,5,20,Free,Credit Card,Germany,Tablet,No
ECOMM-56193,7.0,1769.43,5,24,Premium,PayPal,UK,Tablet,Yes
ECOMM-90041,101.0,513.87,4,22,Free,PayPal,USA,Desktop,No
ECOMM-38007,180.0,275.06,9,32,Free,Crypto,Germany,Mobile,Yes
ECOMM-79459,202.0,3195.47,1,45,Premium,Crypto,Australia,Mobile,No
ECOMM-13628,280.0,4040.86,7,26,Free,PayPal,USA,Tablet,No
ECOMM-27763,196.0,3059.82,1,22,Basic,PayPal,Canada,Desktop,No
ECOMM-69074,16.0,3543.09,6,24,Basic,Crypto,UK,Tablet,Yes
ECOMM-89399,158.0,2156.84,9,26,Basic,Crypto,Australia,Mobile,No
ECOMM-67131,159.0,3805.6,1,2,Basic,Credit Card,UK,Desktop,No
ECOMM-86121,129.0,2841.24,0,36,Free,Credit Card,USA,Mobile,No
ECOMM-12803,103.0,361.27,2,42,Premium,Apple Pay,Canada,Desktop,No
ECOMM-94174,198.0,824.42,4,39,Premium,Crypto,USA,Mobile,No
ECOMM-95108,170.0,460.73,0,39,Premium,Apple Pay,Canada,Mobile,No
ECOMM-75642,140.0,269.15,5,30,Free,Apple Pay,Germany,Desktop,No
ECOMM-90353,359.0,1818.77,6,18,Free,Crypto,Germany,Mobile,No
ECOMM-59943,284.0,1559.21,5,7,Premium,Credit Card,UK,Mobile,No
ECOMM-58109,52.0,129.75,1,30,Free,Apple Pay,Germany,Desktop,No
ECOMM-79258,56.0,1777.78,9,20,Free,Credit Card,UK,Tablet,No
ECOMM-84188,101.0,1793.35,1,26,Basic,PayPal,Germany,Desktop,Yes
ECOMM-54925,263.0,3425.98,3,34,Basic,PayPal,USA,Desktop,Yes
ECOMM-27656,76.0,266.48,9,42,Premium,PayPal,Australia,Tablet,Yes
ECOMM-45579,76.0,1421.32,2,2,Free,Credit Card,Germany,Mobile,No
ECOMM-86844,363.0,4558.85,7,10,Basic,Credit Card,Australia,Desktop,Yes
ECOMM-91194,340.0,1636.55,0,27,Free,Crypto,Australia,Desktop,No
ECOMM-11445,256.0,4569.84,8,0,Free,Credit Card,Australia,Mobile,Yes
ECOMM-87195,141.0,1761.51,8,1,Basic,PayPal,Australia,Desktop,Yes
ECOMM-31060,234.0,2845.43,9,49,Free,Credit Card,UK,Mobile,Yes
ECOMM-42275,118.0,1856.27,9,45,Free,Credit Card,Canada,Tablet,No
ECOMM-81181,6.0,4082.87,6,36,Basic,Apple Pay,USA,Desktop,Yes
ECOMM-82085,328.0,3499.53,0,6,Basic,Apple Pay,UK,Mobile,No
ECOMM-83434,361.0,4261.13,4,25,Free,Crypto,Germany,Desktop,No
ECOMM-12731,18.0,40.92,8,47,Free,Credit Card,USA,Tablet,No
ECOMM-78711,208.0,983.03,4,33,Free,Credit Card,Canada,Tablet,Yes
ECOMM-55062,356.0,2188.08,5,43,Free,Credit Card,Canada,Desktop,Yes
ECOMM-55871,298.0,3331.55,9,40,Premium,Apple Pay,Canada,Mobile,No
ECOMM-45447,339.0,3101.43,2,4,Free,PayPal,Canada,Desktop,No
ECOMM-84528,291.0,4400.36,0,31,Premium,Apple Pay,USA,Tablet,Yes
ECOMM-41799,242.0,3943.33,8,24,Basic,Crypto,Germany,Desktop,Yes
ECOMM-26034,186.0,1474.68,6,36,Premium,Crypto,Australia,Mobile,No
ECOMM-63534,208.0,3185.71,7,12,Free,Credit Card,Canada,Desktop,Yes
ECOMM-39940,8.0,3894.54,0,37,Free,Apple Pay,UK,Tablet,No
ECOMM-34078,191.0,4641.25,1,48,Basic,Credit Card,Germany,Tablet,No
ECOMM-95195,12.0,4742.48,0,4,Basic,PayPal,USA,Desktop,No
ECOMM-35124,31.0,729.49,4,3,Free,PayPal,Canada,Mobile,No
ECOMM-65317,303.0,2836.04,2,35,Premium,Credit Card,UK,Desktop,No
ECOMM-67674,34.0,3643.06,0,45,Free,Crypto,USA,Desktop,No
ECOMM-49041,207.0,1801.68,9,0,Basic,Crypto,Canada,Desktop,Yes
ECOMM-88831,252.0,3823.31,7,10,Basic,Credit Card,USA,Desktop,Yes
ECOMM-50252,9.0,4873.56,5,14,Premium,Crypto,UK,Mobile,No
ECOMM-30304,349.0,3433.26,0,20,Basic,PayPal,USA,Tablet,No
ECOMM-24635,151.0,4668.74,8,8,Free,PayPal,Australia,Tablet,No
ECOMM-79149,186.0,4100.77,3,10,Free,Apple Pay,Germany,Desktop,Yes
ECOMM-64468,344.0,780.16,2,7,Free,Crypto,Germany,Desktop,Yes
ECOMM-94374,1.0,1809.7,8,26,Free,PayPal,Canada,Desktop,Yes
ECOMM-86910,46.0,2101.77,2,1,Free,Crypto,USA,Tablet,No
ECOMM-20527,302.0,969.24,0,39,Basic,Crypto,UK,Mobile,Yes
ECOMM-59436,114.0,3372.06,7,35,Basic,Apple Pay,UK,Desktop,No
ECOMM-16702,303.0,4804.36,2,2,Free,Apple Pay,Australia,Mobile,No
ECOMM-10837,339.0,573.02,6,19,Free,PayPal,Australia,Mobile,Yes
ECOMM-57022,123.0,4490.15,4,31,Basic,Credit Card,UK,Tablet,Yes
ECOMM-85275,2.0,1850.46,6,19,Basic,Crypto,Germany,Mobile,No
ECOMM-40241,248.0,2235.55,3,41,Premium,Credit Card,Germany,Tablet,No
ECOMM-11073,290.0,2446.03,1,6,Premium,Apple Pay,USA,Desktop,No
ECOMM-92348,52.0,4515.96,6,46,Basic,Apple Pay,Germany,Mobile,No
ECOMM-46313,93.0,3610.95,5,7,Premium,Apple Pay,Canada,Tablet,No
ECOMM-47593,60.0,402.14,5,42,Free,Credit Card,Australia,Desktop,No
ECOMM-10737,219.0,2033.85,4,15,Basic,Credit Card,Canada,Desktop,Yes
ECOMM-99418,259.0,4228.22,5,31,Free,PayPal,Germany,Mobile,Yes
ECOMM-29093,13.0,3353.79,7,31,Premium,PayPal,Germany,Mobile,No
ECOMM-79406,186.0,1943.54,8,9,Basic,Apple Pay,UK,Tablet,No
ECOMM-17167,266.0,4476.32,2,10,Basic,Apple Pay,Canada,Tablet,Yes
ECOMM-84301,215.0,3188.5,2,27,Free,Crypto,Germany,Mobile,No
ECOMM-38302,359.0,712.55,1,41,Free,Crypto,Canada,Tablet,No
ECOMM-95877,191.0,1729.72,1,41,Free,Crypto,USA,Tablet,No
ECOMM-28696,339.0,2894.56,3,49,Free,PayPal,USA,Mobile,No
ECOMM-13740,343.0,2578.65,5,45,Premium,Credit Card,Germany,Mobile,No
ECOMM-78699,65.0,3238.61,3,43,Free,Credit Card,UK,Tablet,No
ECOMM-70576,288.0,1875.45,4,34,Basic,Apple Pay,USA,Mobile,No
ECOMM-40863,227.0,2151.63,9,38,Free,Credit Card,USA,Tablet,Yes
ECOMM-34736,328.0,4802.3,2,13,Basic,Crypto,Germany,Desktop,No
ECOMM-93348,91.0,2766.24,4,0,Premium,PayPal,Germany,Tablet,No
ECOMM-15874,107.0,4701.64,6,31,Free,Apple Pay,Canada,Desktop,No
ECOMM-11612,149.0,3977.87,3,49,Basic,Crypto,Australia,Tablet,No
ECOMM-47214,357.0,1929.33,3,5,Basic,Crypto,Canada,Mobile,Yes
ECOMM-46418,364.0,2655.37,7,3,Basic,Apple Pay,Canada,Tablet,Yes
ECOMM-70861,299.0,4134.06,0,15,Premium,Apple Pay,Australia,Mobile,No
ECOMM-64002,19.0,4780.29,8,24,Free,Crypto,USA,Desktop,No
ECOMM-93091,37.0,3020.49,0,44,Basic,Crypto,USA,Desktop,No
ECOMM-25141,247.0,4814.92,0,37,Basic,PayPal,UK,Mobile,No
ECOMM-49175,32.0,181.82,2,19,Premium,Apple Pay,UK,Desktop,No
ECOMM-28577,353.0,1590.21,1,15,Free,Credit Card,Canada,Tablet,No
ECOMM-87932,70.0,3521.25,3,29,Free,Apple Pay,Canada,Desktop,No
ECOMM-37099,344.0,331.28,6,15,Premium,PayPal,USA,Desktop,No
ECOMM-39050,123.0,2968.38,9,8,Free,Crypto,UK,Desktop,No
ECOMM-49184,95.0,1774.58,3,4,Basic,Apple Pay,Germany,Desktop,No
ECOMM-32570,80.0,3535.97,0,39,Basic,Crypto,Canada,Desktop,No
ECOMM-90505,281.0,31.5,3,6,Basic,Crypto,Australia,Mobile,Yes
ECOMM-22436,19.0,775.76,7,20,Free,Apple Pay,USA,Mobile,Yes
ECOMM-69898,215.0,4700.54,4,26,Free,Apple Pay,UK,Desktop,Yes
ECOMM-92101,162.0,972.88,5,19,Free,Credit Card,USA,Desktop,No
ECOMM-24507,199.0,4342.45,2,4,Basic,PayPal,Canada,Tablet,No
ECOMM-14467,96.0,819.36,1,23,Free,Apple Pay,Germany,Tablet,No
ECOMM-52094,23.0,2144.01,7,29,Free,Credit Card,Germany,Mobile,No
ECOMM-88079,169.0,935.55,6,12,Free,Crypto,Germany,Mobile,No
ECOMM-22578,116.0,3319.38,0,0,Free,Apple Pay,UK,Mobile,No
ECOMM-70315,286.0,4418.44,1,23,Free,PayPal,Germany,Mobile,No
ECOMM-17790,123.0,723.81,0,5,Free,PayPal,Germany,Desktop,No
ECOMM-94707,118.0,946.37,5,34,Free,Apple Pay,Germany,Tablet,No
ECOMM-38435,140.0,220.25,9,38,Free,Crypto,USA,Mobile,No
ECOMM-41208,15.0,3662.51,5,44,Basic,Credit Card,Germany,Mobile,No
ECOMM-60623,182.0,1987.69,7,20,Free,PayPal,Australia,Mobile,Yes
ECOMM-17847,304.0,840.47,6,10,Free,Crypto,Germany,Mobile,Yes
ECOMM-85445,185.0,3762.52,3,49,Free,PayPal,USA,Mobile,No
ECOMM-36591,179.0,3670.44,1,33,Free,Crypto,USA,Mobile,Yes
ECOMM-15740,180.0,1167.7,1,30,Basic,Credit Card,USA,Tablet,No
ECOMM-97244,89.0,502.72,3,18,Free,Credit Card,UK,Tablet,No
ECOMM-46519,40.0,152.43,6,44,Premium,Credit Card,Canada,Desktop,No
ECOMM-14043,338.0,4214.09,2,23,Basic,Apple Pay,UK,Tablet,Yes
ECOMM-36935,286.0,316.65,6,43,Premium,Apple Pay,Canada,Desktop,No
ECOMM-15542,268.0,3266.75,0,41,Free,Apple Pay,USA,Mobile,No
ECOMM-23133,21.0,4512.04,9,41,Free,Credit Card,USA,Mobile,No
ECOMM-15773,154.0,2472.91,5,18,Basic,Crypto,UK,Tablet,No
ECOMM-75921,1.0,2484.01,4,40,Free,PayPal,USA,Tablet,No
ECOMM-23541,127.0,1797.51,9,42,Basic,PayPal,USA,Tablet,No
ECOMM-15415,36.0,1379.32,9,31,Free,Crypto,Canada,Tablet,No
ECOMM-77561,26.0,731.92,1,9,Free,Apple Pay,Germany,Tablet,No
ECOMM-97962,170.0,2927.79,0,12,Free,PayPal,Canada,Tablet,No
ECOMM-11120,104.0,347.42,7,5,Basic,Credit Card,Germany,Desktop,No
ECOMM-10892,356.0,495.16,4,16,Free,Credit Card,Canada,Mobile,No
ECOMM-39868,261.0,2452.87,0,3,Premium,Apple Pay,USA,Tablet,No
ECOMM-71558,130.0,594.34,9,8,Free,Credit Card,USA,Desktop,No
ECOMM-13697,28.0,761.12,5,30,Premium,Crypto,Canada,Tablet,No
ECOMM-64740,236.0,4524.32,7,43,Free,Crypto,USA,Tablet,No
ECOMM-85113,138.0,4473.06,9,4,Free,Credit Card,UK,Desktop,No
ECOMM-99410,138.0,2306.67,6,5,Free,Credit Card,Australia,Tablet,Yes
ECOMM-50551,216.0,567.41,1,22,Free,Credit Card,UK,Tablet,Yes
ECOMM-12132,149.0,220.03,9,28,Free,Credit Card,USA,Desktop,No
ECOMM-26858,270.0,324.27,5,12,Free,Apple Pay,Canada,Mobile,Yes
ECOMM-81103,320.0,1648.26,5,48,Basic,PayPal,Germany,Tablet,No
ECOMM-76386,271.0,4217.03,2,17,Premium,PayPal,UK,Mobile,Yes
ECOMM-68205,358.0,1740.74,5,4,Free,PayPal,UK,Mobile,Yes
ECOMM-68396,107.0,448.51,4,3,Premium,PayPal,Australia,Mobile,No
ECOMM-30776,112.0,501.39,2,29,Free,Crypto,USA,Mobile,No
ECOMM-17699,120.0,2784.75,7,39,Free,PayPal,USA,Mobile,No
ECOMM-31685,70.0,2111.41,9,2,Free,Apple Pay,USA,Desktop,Yes
ECOMM-33482,58.0,909.01,9,43,Free,PayPal,UK,Desktop,Yes
ECOMM-73149,70.0,4243.68,3,48,Free,Credit Card,Australia,Tablet,No
ECOMM-54647,266.0,2669.91,5,31,Free,Credit Card,Germany,Desktop,Yes
ECOMM-89987,184.0,4957.16,9,22,Free,Credit Card,UK,Tablet,Yes
ECOMM-19130,97.0,1432.22,0,42,Basic,Credit Card,Germany,Tablet,No
ECOMM-62390,239.0,446.45,9,16,Free,Credit Card,Australia,Desktop,Yes
ECOMM-41691,175.0,2307.1,7,35,Free,PayPal,Australia,Mobile,No
ECOMM-64912,3.0,2368.7,2,38,Free,Crypto,UK,Tablet,No
ECOMM-43146,328.0,1507.26,3,36,Basic,Crypto,UK,Desktop,No
ECOMM-86407,137.0,423.36,8,14,Free,Crypto,USA,Mobile,No
ECOMM-30669,3.0,2135.79,7,43,Free,Apple Pay,Canada,Mobile,No
ECOMM-79617,67.0,4696.6,9,30,Free,Apple Pay,USA,Tablet,No
ECOMM-66157,312.0,2870.05,2,7,Free,Credit Card,USA,Tablet,No
ECOMM-97945,234.0,3578.36,2,42,Free,Crypto,Germany,Mobile,No
ECOMM-54899,270.0,2852.88,4,21,Free,Crypto,Germany,Mobile,Yes
ECOMM-58274,121.0,4484.51,2,39,Free,Apple Pay,USA,Mobile,No
ECOMM-86003,235.0,2047.62,1,2,Free,Crypto,Canada,Mobile,No
ECOMM-77758,113.0,419.52,7,36,Free,Crypto,Australia,Tablet,No
ECOMM-74268,149.0,2651.04,7,43,Free,Apple Pay,Canada,Desktop,No
ECOMM-99954,62.0,4610.15,3,28,Basic,PayPal,Canada,Desktop,No
ECOMM-23591,228.0,3602.2,1,36,Premium,Crypto,Canada,Desktop,No
ECOMM-70932,220.0,2942.57,7,47,Basic,Crypto,Germany,Tablet,Yes
ECOMM-27043,346.0,1037.45,1,10,Premium,PayPal,Australia,Desktop,Yes
ECOMM-22086,245.0,2628.86,5,18,Basic,Apple Pay,USA,Tablet,Yes
ECOMM-92705,35.0,90.13,7,39,Free,Crypto,Canada,Mobile,No
ECOMM-84764,98.0,1257.37,8,18,Basic,PayPal,USA,Tablet,No
ECOMM-28807,25.0,3103.16,9,24,Premium,Apple Pay,USA,Tablet,No
ECOMM-84049,103.0,270.14,7,12,Basic,Credit Card,Australia,Desktop,No
ECOMM-17246,124.0,4185.79,0,21,Basic,Apple Pay,Australia,Tablet,No
ECOMM-38345,343.0,4339.72,5,11,Basic,Apple Pay,USA,Mobile,No
ECOMM-44133,38.0,183.3,0,41,Premium,Apple Pay,UK,Mobile,No
ECOMM-13075,188.0,2959.02,9,5,Basic,Crypto,Australia,Mobile,Yes
ECOMM-14381,335.0,2417.99,5,1,Premium,Apple Pay,USA,Tablet,No
ECOMM-96860,113.0,4508.31,9,44,Free,Apple Pay,Germany,Tablet,No
ECOMM-19062,287.0,2711.5,0,21,Free,Credit Card,Australia,Tablet,No
ECOMM-80494,121.0,364.6,0,45,Basic,Crypto,Australia,Desktop,No
ECOMM-64734,58.0,177.96,3,43,Basic,Crypto,USA,Mobile,No
ECOMM-40430,213.0,3089.23,0,32,Free,Apple Pay,USA,Mobile,Yes
ECOMM-65355,137.0,3169.7,4,39,Basic,Credit Card,Canada,Mobile,Yes
ECOMM-56395,1.0,3302.98,2,37,Basic,Credit Card,UK,Desktop,No
ECOMM-85535,152.0,1379.57,5,44,Free,Apple Pay,Germany,Desktop,No
ECOMM-67037,145.0,4110.62,5,19,Free,Apple Pay,Germany,Desktop,No
ECOMM-92870,348.0,1384.67,6,10,Premium,Apple Pay,Australia,Desktop,Yes
ECOMM-58707,313.0,4943.96,6,34,Basic,Apple Pay,UK,Desktop,No
ECOMM-91705,120.0,3630.83,8,30,Free,Apple Pay,UK,Mobile,No
ECOMM-52391,270.0,570.46,9,42,Free,Crypto,Australia,Desktop,No
ECOMM-80737,175.0,26.28,1,7,Free,Credit Card,Germany,Mobile,No
ECOMM-61023,331.0,1826.18,5,12,Premium,Credit Card,Australia,Desktop,Yes
ECOMM-33044,193.0,1166.4,4,35,Free,PayPal,Canada,Mobile,Yes
ECOMM-21821,31.0,2457.18,6,14,Basic,PayPal,Germany,Tablet,No
ECOMM-42663,285.0,1717.42,6,24,Premium,PayPal,Canada,Tablet,Yes
ECOMM-24985,245.0,2918.54,6,16,Basic,Apple Pay,USA,Desktop,No
ECOMM-88918,316.0,3937.68,0,16,Free,PayPal,Germany,Tablet,No
ECOMM-23942,262.0,1588.23,2,49,Basic,PayPal,UK,Tablet,No
ECOMM-96048,245.0,2326.84,8,25,Basic,PayPal,Germany,Desktop,No
ECOMM-19384,132.0,196.92,7,37,Free,Credit Card,USA,Tablet,No
ECOMM-30752,133.0,2271.39,3,3,Basic,Credit Card,Germany,Desktop,No
ECOMM-79498,139.0,1819.94,6,30,Free,Credit Card,Germany,Desktop,No
ECOMM-17028,84.0,2746.77,1,43,Basic,PayPal,Germany,Mobile,No
ECOMM-15152,258.0,202.78,9,30,Premium,Credit Card,Australia,Tablet,No
ECOMM-72981,145.0,923.5,8,25,Free,Credit Card,Australia,Mobile,Yes
ECOMM-85415,351.0,1696.99,0,35,Premium,Credit Card,USA,Tablet,Yes
ECOMM-28407,210.0,2084.24,3,49,Free,PayPal,USA,Mobile,No
ECOMM-59422,110.0,498.64,5,28,Free,PayPal,Australia,Mobile,No
ECOMM-67496,280.0,4451.03,4,34,Premium,Apple Pay,USA,Desktop,No
ECOMM-26451,167.0,2466.99,6,32,Basic,Credit Card,Canada,Mobile,No
ECOMM-60733,350.0,4761.27,7,1,Free,Apple Pay,Canada,Desktop,No
ECOMM-50864,292.0,1003.87,3,39,Free,Crypto,USA,Tablet,Yes
ECOMM-87177,318.0,2674.3,8,12,Free,PayPal,USA,Mobile,Yes
ECOMM-81021,353.0,2162.27,9,2,Premium,PayPal,USA,Tablet,Yes
ECOMM-59488,287.0,532.77,4,8,Free,Credit Card,UK,Desktop,No
ECOMM-69597,344.0,3634.04,0,3,Free,Apple Pay,Canada,Desktop,Yes
ECOMM-82473,328.0,2224.23,0,43,Basic,Credit Card,Germany,Mobile,No
ECOMM-48227,55.0,4162.05,5,9,Free,Credit Card,UK,Mobile,Yes
ECOMM-86490,254.0,2658.89,9,11,Free,Crypto,USA,Desktop,No
ECOMM-97954,203.0,4231.27,3,7,Free,PayPal,USA,Mobile,No
ECOMM-27928,345.0,4105.38,1,44,Basic,Credit Card,Australia,Tablet,No
ECOMM-79788,276.0,824.53,9,0,Basic,PayPal,Germany,Tablet,Yes
ECOMM-57887,187.0,1741.59,8,45,Basic,PayPal,Australia,Desktop,Yes
ECOMM-48651,232.0,1922.27,0,7,Free,PayPal,Germany,Mobile,No
ECOMM-27027,34.0,3395.47,5,12,Basic,Apple Pay,Canada,Desktop,Yes
ECOMM-59078,129.0,3354.36,0,33,Basic,Crypto,Australia,Desktop,No
ECOMM-48092,266.0,1115.85,0,14,Free,Credit Card,USA,Mobile,Yes
ECOMM-71870,157.0,4419.48,6,2,Basic,Credit Card,Australia,Mobile,Yes
ECOMM-40219,346.0,2041.61,5,7,Free,PayPal,USA,Mobile,Yes
ECOMM-45468,240.0,3614.31,5,5,Premium,PayPal,USA,Desktop,Yes
ECOMM-87622,12.0,4835.3,4,12,Premium,Credit Card,Canada,Mobile,No
ECOMM-47880,58.0,835.96,2,24,Premium,Crypto,UK,Tablet,No
ECOMM-86843,227.0,4477.59,6,17,Free,Apple Pay,USA,Desktop,Yes
ECOMM-36911,290.0,2672.47,5,37,Free,Credit Card,Germany,Mobile,Yes
ECOMM-50711,111.0,3184.87,6,30,Premium,Crypto,UK,Desktop,No
ECOMM-65094,144.0,1865.52,3,41,Free,Apple Pay,Germany,Tablet,No
ECOMM-72764,148.0,4414.69,8,45,Basic,Crypto,Australia,Desktop,No
ECOMM-65921,91.0,4704.99,9,23,Basic,Apple Pay,UK,Tablet,No
ECOMM-88429,335.0,3517.43,5,44,Premium,Credit Card,UK,Mobile,No
ECOMM-86154,183.0,783.59,7,15,Free,Crypto,UK,Mobile,Yes
ECOMM-82375,122.0,4053.88,1,49,Basic,Crypto,Canada,Desktop,No
ECOMM-31268,341.0,2179.46,4,13,Basic,PayPal,Germany,Tablet,Yes
ECOMM-31107,228.0,4411.13,9,22,Basic,Apple Pay,Australia,Tablet,Yes
ECOMM-21482,4.0,2909.09,2,39,Basic,PayPal,Australia,Desktop,No
ECOMM-51294,155.0,2176.93,3,29,Free,Crypto,Australia,Mobile,No
ECOMM-37023,247.0,4362.3,2,22,Free,PayPal,Australia,Tablet,Yes
ECOMM-85126,338.0,2631.53,3,3,Basic,Crypto,UK,Desktop,No
ECOMM-49268,189.0,925.74,7,33,Free,Credit Card,Canada,Desktop,No
ECOMM-46790,135.0,2256.33,7,24,Premium,PayPal,UK,Mobile,No
ECOMM-39338,119.0,4452.39,5,6,Basic,Crypto,Australia,Mobile,Yes
ECOMM-50519,37.0,1918.71,8,28,Free,Crypto,Australia,Mobile,No
ECOMM-69738,34.0,3728.23,3,15,Free,Apple Pay,Germany,Mobile,No
ECOMM-74319,153.0,2745.51,6,16,Basic,PayPal,UK,Tablet,No
ECOMM-49915,286.0,1133.5,4,4,Free,PayPal,Germany,Desktop,Yes
ECOMM-46658,148.0,4670.69,0,32,Basic,PayPal,UK,Tablet,No
ECOMM-25390,51.0,3687.95,6,34,Basic,Apple Pay,Germany,Desktop,No
ECOMM-43565,323.0,2353.56,8,17,Basic,Credit Card,Canada,Desktop,Yes
ECOMM-57669,297.0,4958.6,2,22,Basic,Credit Card,Australia,Desktop,No
ECOMM-60488,121.0,4924.54,5,42,Basic,PayPal,USA,Mobile,No
ECOMM-16333,124.0,84.34,7,15,Free,Crypto,Germany,Tablet,Yes
ECOMM-51796,108.0,3467.73,9,1,Free,Apple Pay,Germany,Desktop,No
ECOMM-82961,53.0,4860.18,9,26,Free,Credit Card,Canada,Tablet,No
ECOMM-17860,149.0,1388.66,0,0,Basic,Crypto,Germany,Mobile,No
ECOMM-81321,173.0,1860.17,0,25,Free,Crypto,Germany,Desktop,No
ECOMM-40951,252.0,1922.04,8,29,Premium,Credit Card,Canada,Desktop,No
ECOMM-65178,66.0,3208.01,9,42,Free,Credit Card,Germany,Tablet,No
ECOMM-17486,154.0,1912.61,6,32,Free,Crypto,Canada,Desktop,No
ECOMM-63498,5.0,3921.44,6,21,Free,Crypto,Australia,Desktop,No
ECOMM-46558,191.0,2775.65,6,26,Basic,Credit Card,UK,Desktop,No
ECOMM-10385,152.0,832.31,5,12,Basic,Credit Card,UK,Tablet,Yes
ECOMM-26039,259.0,4757.96,1,34,Basic,PayPal,UK,Desktop,No
ECOMM-89637,210.0,2659.77,8,0,Free,PayPal,USA,Tablet,Yes
ECOMM-76984,10.0,1757.7,3,11,Premium,Credit Card,Australia,Desktop,No
ECOMM-47251,50.0,2978.07,6,28,Free,Credit Card,USA,Tablet,No
ECOMM-29626,49.0,4457.23,5,13,Free,Apple Pay,Germany,Tablet,No
ECOMM-68164,301.0,3845.62,5,18,Premium,Apple Pay,USA,Tablet,Yes
ECOMM-44974,264.0,2609.86,3,20,Free,PayPal,Germany,Desktop,No
ECOMM-57370,59.0,2258.76,8,1,Free,Apple Pay,Australia,Desktop,Yes
ECOMM-27060,331.0,1346.07,0,18,Premium,Apple Pay,Canada,Tablet,No
ECOMM-32528,193.0,3885.68,2,38,Basic,Apple Pay,Canada,Tablet,No
ECOMM-31861,316.0,2798.93,7,3,Basic,PayPal,UK,Desktop,No
ECOMM-46927,76.0,3264.11,5,17,Premium,PayPal,Germany,Tablet,Yes
ECOMM-41233,258.0,3479.44,3,12,Free,Apple Pay,Australia,Mobile,No
ECOMM-72010,234.0,4453.11,0,40,Free,Credit Card,USA,Desktop,No
ECOMM-12778,358.0,4557.1,8,43,Basic,Crypto,Canada,Desktop,No
ECOMM-63691,157.0,2632.9,2,47,Free,PayPal,Germany,Desktop,No
ECOMM-44738,311.0,4010.81,5,31,Free,Credit Card,Australia,Tablet,No
ECOMM-49997,24.0,171.77,2,48,Free,Apple Pay,Canada,Mobile,No
ECOMM-13551,253.0,3996.76,4,14,Premium,Apple Pay,USA,Tablet,No
ECOMM-42930,204.0,1862.28,5,19,Free,PayPal,Germany,Mobile,Yes
ECOMM-96108,234.0,447.96,5,39,Free,Apple Pay,Canada,Mobile,Yes
ECOMM-57483,289.0,1892.96,1,11,Free,PayPal,Germany,Desktop,Yes
ECOMM-21572,311.0,3546.53,9,21,Basic,Crypto,Canada,Tablet,No
ECOMM-76531,29.0,3768.7,1,3,Basic,Credit Card,USA,Mobile,Yes
ECOMM-45656,321.0,1604.98,2,5,Free,Credit Card,UK,Mobile,Yes
ECOMM-78793,168.0,1012.91,3,37,Free,PayPal,Australia,Mobile,No
ECOMM-33725,100.0,2057.36,0,6,Premium,Crypto,USA,Mobile,No
ECOMM-86131,22.0,3962.31,3,0,Premium,Crypto,UK,Tablet,No
ECOMM-18171,311.0,1028.06,7,4,Free,Credit Card,Germany,Mobile,Yes
ECOMM-56578,262.0,1583.95,7,4,Free,Crypto,USA,Desktop,Yes
ECOMM-62657,215.0,1166.16,3,7,Basic,Crypto,UK,Mobile,No
ECOMM-58941,18.0,134.21,2,13,Free,Credit Card,UK,Tablet,No
ECOMM-21730,1.0,4743.35,4,19,Free,PayPal,UK,Tablet,No
ECOMM-96499,109.0,1190.2,0,13,Free,PayPal,Germany,Mobile,No
ECOMM-64597,72.0,700.17,4,7,Premium,PayPal,Australia,Desktop,No
ECOMM-48395,276.0,3383.23,9,10,Free,Crypto,Germany,Mobile,No
ECOMM-50730,284.0,4722.65,8,19,Premium,Apple Pay,Germany,Desktop,No
ECOMM-51378,75.0,2379.02,7,8,Free,PayPal,USA,Tablet,Yes
ECOMM-98326,125.0,1355.26,2,43,Free,Apple Pay,Australia,Mobile,No
ECOMM-59192,21.0,230.44,8,34,Basic,Apple Pay,UK,Mobile,Yes
ECOMM-10346,307.0,3751.93,0,47,Basic,PayPal,UK,Mobile,No
ECOMM-89066,15.0,805.35,3,17,Basic,Crypto,Germany,Mobile,No
ECOMM-32253,220.0,1531.62,0,26,Premium,Crypto,UK,Tablet,No
ECOMM-46312,225.0,1374.23,1,30,Free,Credit Card,Australia,Desktop,No
ECOMM-75373,360.0,1827.52,2,38,Free,PayPal,Canada,Mobile,Yes
ECOMM-13637,164.0,2461.38,2,26,Free,Crypto,Canada,Mobile,No
ECOMM-93893,279.0,1005.86,0,30,Basic,PayPal,USA,Desktop,No
ECOMM-77321,98.0,591.44,0,13,Free,Apple Pay,Germany,Tablet,Yes
ECOMM-69894,34.0,1260.23,6,1,Free,Crypto,USA,Tablet,No
ECOMM-83577,302.0,2147.89,8,46,Free,Crypto,USA,Tablet,Yes
ECOMM-98699,305.0,4995.97,2,25,Basic,Crypto,USA,Tablet,No
ECOMM-80773,337.0,1919.75,0,35,Free,Crypto,Australia,Desktop,No
ECOMM-21175,242.0,4055.48,6,25,Free,Apple Pay,Germany,Mobile,No
ECOMM-64161,41.0,919.44,9,36,Free,Credit Card,USA,Desktop,No
ECOMM-71024,81.0,1007.34,5,46,Free,PayPal,USA,Mobile,No
ECOMM-84006,207.0,2861.55,9,33,Premium,Apple Pay,Canada,Desktop,No
ECOMM-27190,189.0,812.59,1,45,Basic,PayPal,USA,Mobile,No
ECOMM-25123,35.0,121.74,8,15,Premium,PayPal,USA,Desktop,No
ECOMM-64120,59.0,3383.47,8,44,Free,Apple Pay,USA,Mobile,Yes
ECOMM-46480,228.0,4106.98,4,17,Premium,Credit Card,Germany,Mobile,Yes
ECOMM-61954,136.0,80.68,4,23,Basic,Credit Card,Germany,Mobile,Yes
ECOMM-10697,332.0,1790.63,0,25,Free,PayPal,UK,Desktop,No
ECOMM-40164,272.0,2413.25,5,43,Premium,PayPal,USA,Mobile,No
ECOMM-68774,170.0,834.42,3,10,Free,Credit Card,Germany,Mobile,No
ECOMM-17510,166.0,670.91,2,25,Premium,Credit Card,Australia,Desktop,No
ECOMM-77446,38.0,3502.22,6,20,Free,Crypto,UK,Desktop,No
ECOMM-88820,241.0,4663.22,6,0,Free,PayPal,UK,Tablet,Yes
ECOMM-87710,296.0,3538.25,6,10,Free,PayPal,Australia,Tablet,Yes
ECOMM-25402,328.0,1684.3,1,31,Premium,Credit Card,UK,Mobile,No
ECOMM-53837,87.0,996.44,1,5,Free,PayPal,Canada,Mobile,No
ECOMM-24159,256.0,2246.9,5,0,Basic,Apple Pay,Germany,Mobile,No
ECOMM-93839,137.0,1687.91,7,28,Basic,Apple Pay,Australia,Tablet,No
ECOMM-65162,34.0,2099.25,3,37,Premium,Crypto,USA,Desktop,No
ECOMM-13891,55.0,3164.57,5,49,Free,Apple Pay,USA,Mobile,Yes
ECOMM-25833,151.0,3100.83,8,6,Free,PayPal,Canada,Desktop,No
ECOMM-53590,5.0,1023.51,3,4,Basic,PayPal,Germany,Desktop,No
ECOMM-73504,116.0,4448.76,2,10,Free,Crypto,Canada,Tablet,No
ECOMM-93406,179.0,663.95,6,16,Basic,Credit Card,UK,Mobile,No
ECOMM-60014,175.0,2277.71,4,49,Premium,PayPal,Canada,Desktop,No
ECOMM-28465,319.0,1969.46,3,19,Free,Apple Pay,USA,Mobile,No
ECOMM-88334,327.0,2478.6,6,21,Free,Crypto,Canada,Mobile,No
ECOMM-61024,145.0,118.05,0,5,Premium,Crypto,UK,Desktop,No
ECOMM-47974,125.0,2739.62,7,6,Premium,Credit Card,Australia,Desktop,No
ECOMM-22435,354.0,2624.16,3,17,Free,Credit Card,Canada,Desktop,No
ECOMM-75081,270.0,1265.73,2,45,Free,PayPal,Australia,Mobile,No
ECOMM-51912,61.0,2367.25,2,39,Free,Credit Card,Canada,Desktop,No
ECOMM-51252,171.0,2820.43,9,32,Free,Apple Pay,UK,Desktop,No
ECOMM-92727,213.0,4290.34,4,0,Basic,Crypto,USA,Mobile,Yes
ECOMM-41741,305.0,3217.46,6,0,Basic,Crypto,Germany,Desktop,Yes
ECOMM-71525,187.0,1742.9,4,42,Free,Credit Card,Germany,Tablet,Yes
ECOMM-49343,86.0,3629.35,5,1,Free,Apple Pay,Australia,Desktop,No
ECOMM-99669,348.0,3332.25,5,37,Free,PayPal,UK,Tablet,No
ECOMM-68429,191.0,3915.15,3,3,Basic,Crypto,Germany,Desktop,No
ECOMM-24783,204.0,3485.29,0,26,Free,Credit Card,Germany,Desktop,No
ECOMM-26403,230.0,1050.8,6,47,Premium,Apple Pay,Australia,Desktop,Yes
ECOMM-34566,343.0,1408.22,5,32,Premium,Apple Pay,Canada,Desktop,Yes
ECOMM-51719,138.0,4556.45,1,48,Premium,Credit Card,USA,Desktop,No
ECOMM-11700,314.0,334.69,8,22,Free,Credit Card,Canada,Mobile,No
ECOMM-30940,206.0,4147.64,3,48,Free,PayPal,Canada,Mobile,No
ECOMM-87539,324.0,3422.04,7,8,Free,Crypto,Canada,Tablet,Yes
ECOMM-10755,109.0,4622.58,2,15,Free,PayPal,Canada,Desktop,Yes
ECOMM-79494,318.0,186.73,4,19,Basic,Apple Pay,USA,Mobile,Yes
ECOMM-53810,360.0,1599.1,7,16,Free,PayPal,UK,Tablet,No
ECOMM-65143,183.0,4460.65,9,40,Premium,PayPal,USA,Mobile,Yes
ECOMM-57737,251.0,2433.98,2,42,Free,Apple Pay,USA,Tablet,Yes
ECOMM-47505,303.0,852.78,7,49,Free,Crypto,Germany,Desktop,No
ECOMM-55261,230.0,4181.62,3,36,Free,Apple Pay,USA,Desktop,No
ECOMM-81937,339.0,2078.98,7,23,Free,Crypto,UK,Tablet,Yes
ECOMM-65797,341.0,2921.67,3,17,Free,Apple Pay,USA,Desktop,No
ECOMM-69830,64.0,581.31,6,10,Basic,Apple Pay,USA,Tablet,No
ECOMM-18109,161.0,4036.1,0,7,Free,PayPal,Canada,Tablet,Yes
ECOMM-58696,295.0,1082.39,6,29,Premium,Apple Pay,UK,Tablet,Yes
ECOMM-78473,358.0,1817.79,3,49,Free,Credit Card,Germany,Mobile,No
ECOMM-20965,331.0,1456.21,3,45,Basic,Crypto,Germany,Desktop,No
ECOMM-88854,33.0,4461.06,1,16,Basic,Crypto,Germany,Mobile,No
ECOMM-69595,298.0,2065.94,9,27,Basic,Apple Pay,UK,Desktop,Yes
ECOMM-19353,360.0,2504.59,3,31,Basic,Crypto,UK,Mobile,No
ECOMM-79354,45.0,4994.17,9,43,Basic,Apple Pay,Australia,Tablet,No
ECOMM-79820,262.0,1470.43,7,23,Free,PayPal,Australia,Tablet,No
ECOMM-48627,171.0,4348.67,5,39,Basic,Crypto,Canada,Mobile,No
ECOMM-69735,212.0,4432.17,2,22,Premium,Credit Card,USA,Mobile,No
ECOMM-53394,353.0,4770.76,0,45,Free,PayPal,Canada,Tablet,No
ECOMM-27813,130.0,2509.76,4,2,Free,Crypto,USA,Mobile,No
ECOMM-57940,101.0,2555.88,3,46,Free,Credit Card,USA,Mobile,No
ECOMM-48337,74.0,2032.2,3,2,Free,PayPal,USA,Mobile,No
ECOMM-48330,73.0,2310.52,1,46,Free,Credit Card,Germany,Mobile,No
ECOMM-17661,358.0,4933.81,6,48,Basic,Apple Pay,Germany,Mobile,No
ECOMM-26355,91.0,889.36,8,11,Free,Crypto,Australia,Tablet,No
ECOMM-88476,86.0,2832.33,8,47,Free,Apple Pay,Canada,Mobile,No
ECOMM-31169,184.0,4934.11,8,49,Free,PayPal,Germany,Desktop,Yes
ECOMM-12664,321.0,2015.14,4,21,Free,Credit Card,Canada,Mobile,No
ECOMM-66896,305.0,2136.69,0,11,Free,PayPal,Germany,Tablet,No
ECOMM-80866,21.0,2999.04,5,19,Free,Crypto,UK,Desktop,No
ECOMM-69757,41.0,1526.13,7,35,Premium,Crypto,Canada,Tablet,Yes
ECOMM-11208,292.0,2405.45,8,46,Free,Credit Card,Australia,Tablet,No
ECOMM-84719,268.0,3523.08,6,9,Premium,Crypto,Canada,Desktop,No
ECOMM-26744,317.0,2338.67,6,0,Free,Apple Pay,USA,Desktop,Yes
ECOMM-52118,65.0,1422.24,9,28,Free,Crypto,Australia,Mobile,Yes
ECOMM-63708,90.0,3974.32,4,36,Free,Crypto,Germany,Mobile,No
ECOMM-21628,360.0,2855.04,1,0,Free,Apple Pay,Canada,Tablet,No
ECOMM-70492,356.0,1924.6,6,31,Basic,Crypto,Australia,Tablet,Yes
ECOMM-72192,242.0,1294.51,8,8,Premium,Crypto,USA,Tablet,No
ECOMM-94412,136.0,2219.08,4,24,Basic,PayPal,UK,Mobile,No
ECOMM-87490,278.0,4852.01,3,39,Free,Credit Card,Canada,Desktop,No
ECOMM-42626,58.0,2977.95,4,44,Premium,PayPal,USA,Desktop,No
ECOMM-62266,235.0,684.35,7,2,Basic,Apple Pay,Germany,Mobile,Yes
ECOMM-60905,153.0,298.63,3,19,Basic,PayPal,Germany,Desktop,Yes
ECOMM-52096,310.0,1409.48,2,18,Free,Apple Pay,USA,Mobile,No
ECOMM-60896,354.0,1358.19,1,32,Premium,PayPal,USA,Tablet,No
ECOMM-44637,157.0,539.66,4,15,Free,PayPal,USA,Mobile,No
ECOMM-19042,42.0,3457.78,3,34,Basic,Crypto,UK,Tablet,No
ECOMM-76768,359.0,2193.9,6,2,Free,PayPal,Germany,Tablet,No
ECOMM-11374,253.0,4398.47,8,35,Free,PayPal,UK,Mobile,Yes
ECOMM-67486,96.0,2882.74,0,19,Premium,Crypto,Canada,Mobile,No
ECOMM-39314,50.0,4092.62,1,14,Premium,Credit Card,USA,Tablet,No
ECOMM-84376,136.0,2892.25,1,44,Premium,Credit Card,Germany,Mobile,No
ECOMM-83043,250.0,1447.63,9,38,Basic,Crypto,UK,Mobile,No
ECOMM-23949,113.0,1130.01,1,39,Free,Credit Card,Australia,Mobile,No
ECOMM-44420,57.0,1921.66,7,23,Free,PayPal,UK,Tablet,No
ECOMM-34257,138.0,3155.34,7,40,Free,Crypto,USA,Tablet,No
ECOMM-46538,344.0,3503.47,2,10,Free,PayPal,Australia,Mobile,Yes
ECOMM-21434,115.0,4561.29,8,10,Basic,Credit Card,USA,Desktop,No
ECOMM-66545,333.0,461.73,3,32,Free,Credit Card,Germany,Tablet,No
ECOMM-69580,149.0,819.88,2,35,Free,Credit Card,Canada,Tablet,No
ECOMM-40379,359.0,4371.39,0,0,Basic,Crypto,Australia,Tablet,No
ECOMM-52819,345.0,648.46,2,43,Basic,Crypto,Germany,Desktop,No
ECOMM-39309,320.0,1607.35,9,19,Basic,Crypto,Canada,Tablet,Yes
ECOMM-37930,23.0,3860.24,6,14,Free,Apple Pay,UK,Desktop,Yes
ECOMM-67986,141.0,18.74,8,24,Premium,PayPal,Canada,Desktop,No
ECOMM-30215,297.0,4389.67,2,6,Free,Crypto,Canada,Desktop,No
ECOMM-79409,170.0,580.8,3,7,Basic,Credit Card,Germany,Desktop,Yes
ECOMM-71450,221.0,3604.36,2,6,Basic,PayPal,Canada,Tablet,No
ECOMM-87543,115.0,2701.4,6,13,Free,Crypto,Canada,Mobile,Yes
ECOMM-97702,232.0,4292.39,4,48,Basic,Apple Pay,USA,Tablet,No
ECOMM-36352,180.0,1847.13,7,33,Free,Apple Pay,Germany,Tablet,Yes
ECOMM-33112,307.0,3830.87,9,45,Basic,PayPal,Australia,Tablet,Yes
ECOMM-75044,87.0,2147.26,2,7,Free,Credit Card,USA,Tablet,No
ECOMM-59959,72.0,4408.28,2,42,Premium,Credit Card,Canada,Mobile,No
ECOMM-22336,350.0,4138.66,0,13,Premium,PayPal,Australia,Tablet,No
ECOMM-76309,185.0,3418.59,2,44,Premium,Credit Card,Australia,Tablet,No
ECOMM-26791,153.0,1377.48,2,15,Premium,Credit Card,Germany,Mobile,No
ECOMM-67792,49.0,3360.7,4,5,Premium,Crypto,USA,Tablet,No
ECOMM-99107,123.0,3585.02,6,31,Free,Crypto,Canada,Desktop,No
ECOMM-91203,291.0,2477.05,7,27,Free,Credit Card,UK,Mobile,No
ECOMM-43215,341.0,1004.7,6,39,Free,Crypto,Canada,Mobile,No
ECOMM-20492,29.0,3144.26,5,39,Free,Credit Card,Canada,Mobile,No
ECOMM-51085,127.0,2611.45,1,6,Free,Credit Card,Germany,Desktop,No
ECOMM-82589,41.0,3992.17,0,48,Premium,PayPal,Germany,Desktop,No
ECOMM-79839,154.0,1349.87,4,27,Premium,Crypto,Germany,Tablet,No
ECOMM-42041,22.0,4585.0,4,42,Free,PayPal,Germany,Mobile,No
ECOMM-82698,229.0,2033.58,2,43,Basic,Crypto,Canada,Desktop,Yes
ECOMM-69168,170.0,440.69,9,6,Basic,PayPal,UK,Desktop,Yes
ECOMM-59679,266.0,4949.55,8,11,Free,PayPal,UK,Tablet,Yes
ECOMM-34695,40.0,500.36,1,26,Basic,Apple Pay,USA,Mobile,No
ECOMM-31360,155.0,3188.62,0,16,Free,Credit Card,Canada,Desktop,No
ECOMM-54839,278.0,619.0,7,23,Free,Apple Pay,Germany,Tablet,No
ECOMM-50492,81.0,100.33,3,41,Basic,Apple Pay,USA,Desktop,Yes
ECOMM-16086,103.0,2150.56,8,24,Premium,Crypto,Canada,Tablet,No
ECOMM-26420,227.0,2229.85,9,44,Premium,Apple Pay,Australia,Mobile,No
ECOMM-74757,288.0,4785.53,2,1,Free,Crypto,USA,Mobile,No
ECOMM-62329,62.0,4135.68,6,23,Basic,PayPal,USA,Mobile,No
ECOMM-62113,145.0,3778.9,8,7,Free,PayPal,USA,Mobile,No
ECOMM-69441,226.0,4250.22,9,16,Free,Apple Pay,UK,Mobile,No
ECOMM-95638,338.0,3472.96,0,0,Premium,PayPal,Australia,Desktop,No
ECOMM-20651,234.0,2522.34,7,7,Free,Crypto,Australia,Mobile,Yes
ECOMM-49426,192.0,3591.48,0,26,Basic,Credit Card,Canada,Mobile,Yes
ECOMM-33334,233.0,528.29,9,10,Basic,Credit Card,USA,Mobile,Yes
ECOMM-19011,38.0,2078.54,1,21,Free,Credit Card,Australia,Desktop,No
ECOMM-58636,129.0,2312.98,0,0,Free,Credit Card,Australia,Mobile,No
ECOMM-74677,205.0,2940.07,7,48,Premium,Crypto,Germany,Mobile,No
ECOMM-12557,145.0,2842.25,4,12,Basic,Credit Card,UK,Tablet,No
ECOMM-31268,33.0,1800.19,7,5,Free,Apple Pay,USA,Tablet,No
ECOMM-19882,97.0,3268.03,2,34,Premium,Credit Card,Germany,Tablet,No
ECOMM-33118,14.0,4783.82,9,36,Free,Credit Card,Australia,Desktop,Yes
ECOMM-61644,288.0,1462.69,7,21,Free,Credit Card,UK,Tablet,No
ECOMM-46338,216.0,2304.32,3,49,Premium,PayPal,Australia,Mobile,No
ECOMM-86824,261.0,3681.55,4,25,Basic,Apple Pay,Germany,Tablet,No
ECOMM-83385,198.0,1576.95,8,43,Basic,Apple Pay,USA,Tablet,Yes
ECOMM-61619,252.0,3633.21,5,21,Free,Credit Card,Australia,Desktop,Yes
ECOMM-40485,215.0,4454.08,8,22,Basic,Crypto,UK,Desktop,Yes
ECOMM-85626,354.0,4343.4,8,36,Free,Credit Card,Germany,Desktop,No
ECOMM-40019,120.0,517.92,7,12,Free,Credit Card,Germany,Tablet,No
ECOMM-39642,323.0,2171.14,0,32,Basic,PayPal,USA,Tablet,No
ECOMM-61121,35.0,2440.04,8,20,Basic,Credit Card,Germany,Desktop,No
ECOMM-85324,157.0,1026.56,9,19,Free,Apple Pay,USA,Tablet,No
ECOMM-18107,351.0,4235.27,1,45,Free,PayPal,Canada,Desktop,No
ECOMM-86220,276.0,2392.84,6,30,Basic,Credit Card,UK,Tablet,Yes
ECOMM-44863,189.0,356.63,9,23,Basic,Crypto,UK,Tablet,No
ECOMM-98658,235.0,2852.95,1,25,Free,Credit Card,Australia,Desktop,Yes
ECOMM-93718,272.0,606.54,6,6,Premium,Credit Card,Canada,Tablet,No
ECOMM-30386,196.0,3031.09,1,37,Basic,Apple Pay,Germany,Mobile,No
ECOMM-26212,297.0,2507.42,9,36,Basic,Crypto,UK,Mobile,Yes
ECOMM-91635,51.0,1590.09,0,1,Free,Credit Card,USA,Desktop,No
ECOMM-39184,253.0,610.13,3,20,Premium,Crypto,Canada,Mobile,No
ECOMM-67585,180.0,1005.07,4,1,Free,Apple Pay,Germany,Desktop,No
ECOMM-43821,260.0,368.65,8,3,Basic,Credit Card,Australia,Mobile,No
ECOMM-34167,79.0,4548.35,3,3,Basic,Credit Card,Australia,Desktop,No
ECOMM-75215,13.0,1610.51,0,49,Basic,PayPal,Germany,Mobile,No
ECOMM-75206,295.0,1857.37,3,25,Free,Crypto,UK,Tablet,Yes
ECOMM-26701,16.0,2407.66,6,46,Premium,Credit Card,UK,Tablet,No
ECOMM-52766,270.0,3041.38,1,25,Free,PayPal,Canada,Desktop,No
ECOMM-20986,115.0,1362.45,9,34,Premium,PayPal,Australia,Desktop,Yes
ECOMM-96740,66.0,4095.24,9,2,Basic,Credit Card,Canada,Tablet,No
ECOMM-68109,177.0,3362.04,0,2,Free,Credit Card,UK,Desktop,No
ECOMM-92304,33.0,3030.37,8,12,Free,Credit Card,Germany,Tablet,No
ECOMM-75228,269.0,2971.84,0,27,Basic,PayPal,Germany,Tablet,Yes
ECOMM-28245,40.0,4136.2,2,0,Free,PayPal,Australia,Desktop,No
ECOMM-60052,276.0,1955.59,2,25,Free,Crypto,UK,Desktop,No
ECOMM-13002,286.0,3034.72,9,44,Free,PayPal,Australia,Desktop,Yes
ECOMM-14490,155.0,4119.57,2,23,Premium,PayPal,UK,Desktop,No
ECOMM-51440,343.0,1620.6,3,49,Free,Apple Pay,Canada,Desktop,No
ECOMM-94101,311.0,2733.06,5,46,Free,PayPal,Canada,Tablet,Yes
ECOMM-39444,106.0,4062.39,1,0,Premium,Apple Pay,Germany,Desktop,No
ECOMM-23534,337.0,999.14,2,39,Free,Apple Pay,UK,Tablet,No
ECOMM-66636,40.0,4798.07,1,15,Free,Credit Card,Australia,Desktop,No
ECOMM-88768,324.0,1133.46,1,6,Free,Credit Card,UK,Desktop,No
ECOMM-86079,258.0,2707.74,0,21,Free,PayPal,Australia,Mobile,No
ECOMM-86612,121.0,404.71,5,48,Basic,Crypto,UK,Mobile,No
ECOMM-65095,191.0,1421.63,6,47,Free,Credit Card,UK,Tablet,Yes
ECOMM-40530,86.0,3249.98,6,43,Free,Crypto,Germany,Desktop,No
ECOMM-76265,221.0,1400.75,4,20,Free,Credit Card,Canada,Tablet,No
ECOMM-91440,25.0,2716.3,7,34,Basic,Crypto,Australia,Tablet,No
ECOMM-41231,183.0,1528.54,6,26,Free,Credit Card,Germany,Mobile,Yes
ECOMM-93479,257.0,595.45,8,37,Basic,Crypto,Canada,Mobile,No
ECOMM-74072,295.0,2756.46,0,13,Premium,PayPal,Germany,Tablet,No
ECOMM-45259,14.0,2379.5,8,16,Basic,Crypto,Canada,Desktop,Yes
ECOMM-62874,213.0,2482.75,7,37,Free,Apple Pay,UK,Tablet,Yes
ECOMM-30340,302.0,4312.29,4,2,Free,Crypto,Germany,Desktop,Yes
ECOMM-98866,293.0,3594.36,7,42,Premium,Apple Pay,USA,Tablet,No
ECOMM-51342,335.0,4877.95,2,13,Free,PayPal,Germany,Tablet,No
ECOMM-68726,240.0,3265.2,2,32,Premium,Crypto,USA,Desktop,No
ECOMM-97831,127.0,3346.28,2,15,Free,Apple Pay,UK,Tablet,No
ECOMM-89339,250.0,4610.63,3,36,Free,Apple Pay,Canada,Mobile,No
ECOMM-80611,85.0,883.41,2,17,Basic,Credit Card,Canada,Tablet,No
ECOMM-16651,269.0,1854.32,7,23,Premium,Apple Pay,USA,Desktop,No
ECOMM-98593,84.0,973.08,8,17,Free,Crypto,Germany,Desktop,No
ECOMM-85379,211.0,3376.97,4,25,Basic,PayPal,Australia,Desktop,Yes
ECOMM-96038,157.0,1156.78,8,39,Basic,Credit Card,Australia,Tablet,No
ECOMM-81414,131.0,792.14,3,34,Free,Credit Card,Australia,Tablet,No
ECOMM-42841,315.0,2393.58,2,21,Premium,Credit Card,USA,Tablet,Yes
ECOMM-25147,145.0,4064.16,1,18,Premium,Crypto,UK,Tablet,No
ECOMM-69498,232.0,1951.42,2,21,Free,PayPal,Canada,Desktop,No
ECOMM-36461,9.0,2561.85,2,5,Premium,PayPal,USA,Desktop,No
ECOMM-29983,258.0,4384.0,9,37,Basic,Crypto,USA,Mobile,No
ECOMM-40995,14.0,3861.8,3,30,Basic,Apple Pay,Germany,Tablet,Yes
ECOMM-30249,206.0,157.69,7,38,Free,PayPal,UK,Tablet,No
ECOMM-21138,170.0,3719.33,1,9,Free,PayPal,Australia,Tablet,Yes
ECOMM-35487,293.0,1562.63,5,26,Free,PayPal,Australia,Desktop,No
ECOMM-78192,292.0,294.16,9,7,Basic,Credit Card,Germany,Tablet,Yes
ECOMM-36539,189.0,3295.14,8,38,Premium,Credit Card,Canada,Tablet,Yes
ECOMM-80049,258.0,4266.8,9,30,Free,Credit Card,Germany,Tablet,No
ECOMM-93827,39.0,87.44,1,17,Free,Crypto,Canada,Desktop,No
ECOMM-64434,141.0,2075.07,7,13,Free,Credit Card,USA,Tablet,Yes
ECOMM-38603,212.0,2207.38,4,2,Free,Apple Pay,UK,Mobile,Yes
ECOMM-63927,175.0,2346.81,3,24,Free,PayPal,Australia,Mobile,No
ECOMM-78035,114.0,3629.68,1,4,Free,Credit Card,UK,Tablet,Yes
ECOMM-44378,306.0,1079.0,6,42,Premium,Crypto,USA,Tablet,No
ECOMM-26494,57.0,2823.64,3,26,Free,Credit Card,USA,Tablet,No
ECOMM-67722,287.0,1944.18,9,32,Free,Apple Pay,Australia,Tablet,No
ECOMM-88987,81.0,2463.52,5,32,Free,PayPal,UK,Desktop,No
ECOMM-55112,223.0,3975.41,1,49,Free,Crypto,UK,Tablet,No
ECOMM-11943,199.0,3082.49,9,3,Free,PayPal,Germany,Tablet,No
ECOMM-54323,310.0,4576.97,5,9,Free,Credit Card,USA,Mobile,Yes
ECOMM-44527,154.0,4273.93,3,8,Free,PayPal,Canada,Tablet,No
ECOMM-77177,357.0,3002.63,1,4,Premium,Credit Card,UK,Mobile,No
ECOMM-45732,38.0,3131.9,6,38,Basic,Credit Card,UK,Mobile,No
ECOMM-98663,227.0,992.78,7,38,Basic,Credit Card,UK,Desktop,No
ECOMM-35926,60.0,4017.86,6,36,Basic,Crypto,UK,Mobile,No
ECOMM-84331,354.0,3822.03,5,34,Free,PayPal,UK,Mobile,Yes
ECOMM-94687,272.0,1434.09,5,7,Premium,Crypto,Canada,Tablet,No
ECOMM-68274,29.0,521.9,0,4,Basic,Crypto,Germany,Desktop,No
ECOMM-13838,298.0,1791.51,2,4,Basic,PayPal,Germany,Tablet,Yes
ECOMM-78435,283.0,1003.06,7,24,Free,Credit Card,USA,Tablet,Yes
ECOMM-40402,89.0,4449.28,4,43,Free,Apple Pay,USA,Mobile,No
ECOMM-87897,35.0,3735.97,3,48,Basic,PayPal,Germany,Tablet,No
ECOMM-95266,36.0,2344.95,2,44,Free,Credit Card,Germany,Mobile,Yes
ECOMM-40684,81.0,715.58,6,9,Basic,PayPal,UK,Tablet,No
ECOMM-38973,39.0,409.1,9,37,Premium,Crypto,UK,Desktop,No
ECOMM-19872,124.0,4084.78,8,12,Premium,PayPal,Canada,Tablet,Yes
ECOMM-37097,221.0,1114.71,5,10,Free,Apple Pay,UK,Desktop,No
ECOMM-89040,43.0,4120.52,3,4,Basic,Crypto,Australia,Tablet,Yes
ECOMM-38356,205.0,2282.45,1,30,Free,Crypto,USA,Mobile,No
ECOMM-63639,261.0,614.58,8,2,Free,Credit Card,UK,Desktop,No
ECOMM-77398,61.0,4926.66,0,32,Premium,PayPal,Canada,Mobile,No
ECOMM-64567,128.0,3585.61,3,33,Free,Crypto,Canada,Desktop,Yes
ECOMM-71072,321.0,558.27,4,29,Free,Apple Pay,Australia,Desktop,No
ECOMM-26599,62.0,701.09,5,0,Basic,PayPal,Australia,Desktop,Yes
ECOMM-12175,2.0,1671.94,3,0,Premium,Credit Card,USA,Mobile,No
ECOMM-90101,79.0,4377.6,3,43,Free,Credit Card,UK,Tablet,No
ECOMM-71011,192.0,2040.89,7,40,Basic,PayPal,Germany,Desktop,No
ECOMM-84214,10.0,402.2,7,38,Basic,Apple Pay,Germany,Desktop,No
ECOMM-53565,261.0,3345.38,5,26,Free,Credit Card,Germany,Desktop,No
ECOMM-87977,350.0,1447.37,9,49,Premium,Credit Card,USA,Mobile,No
ECOMM-88302,160.0,1650.5,7,0,Free,Credit Card,Germany,Desktop,No
ECOMM-32656,347.0,3390.07,9,43,Basic,Apple Pay,Germany,Desktop,Yes
ECOMM-20660,113.0,1555.02,2,20,Premium,Crypto,Germany,Desktop,No
ECOMM-79385,93.0,197.84,3,7,Free,Apple Pay,UK,Desktop,Yes
ECOMM-69557,288.0,367.66,2,39,Basic,Credit Card,Australia,Tablet,No
ECOMM-38412,255.0,243.26,0,30,Free,Credit Card,Canada,Desktop,Yes
ECOMM-85336,24.0,3478.52,9,8,Basic,Crypto,UK,Mobile,No
ECOMM-85454,17.0,2879.8,9,33,Free,Crypto,UK,Mobile,Yes
ECOMM-38056,9.0,3059.1,5,46,Basic,Credit Card,USA,Mobile,No
ECOMM-40713,128.0,695.69,5,13,Free,Apple Pay,Australia,Desktop,No
ECOMM-64116,198.0,583.9,9,35,Free,PayPal,UK,Mobile,No
ECOMM-35668,247.0,2089.08,1,33,Free,Credit Card,Germany,Mobile,No
ECOMM-77324,22.0,4283.54,4,12,Basic,Credit Card,UK,Mobile,No
ECOMM-28949,83.0,117.31,8,19,Free,Crypto,Australia,Tablet,No
ECOMM-47517,322.0,2677.97,2,39,Free,Crypto,Germany,Mobile,No
ECOMM-21923,124.0,4184.19,7,30,Basic,Crypto,Germany,Tablet,No
ECOMM-48922,4.0,4091.89,6,16,Free,Apple Pay,Germany,Mobile,No
ECOMM-83922,48.0,1768.2,0,36,Premium,Crypto,Canada,Desktop,No
ECOMM-89803,305.0,3631.46,0,46,Premium,Crypto,USA,Mobile,No
ECOMM-81838,56.0,3945.89,5,28,Free,Apple Pay,UK,Mobile,No
ECOMM-67552,260.0,2171.32,9,31,Basic,Crypto,Australia,Desktop,Yes
ECOMM-86164,3.0,4646.59,0,12,Premium,PayPal,Germany,Desktop,No
ECOMM-40255,226.0,4288.05,9,35,Free,PayPal,UK,Tablet,No
ECOMM-91784,124.0,2354.17,7,42,Basic,Apple Pay,UK,Mobile,No
ECOMM-80691,175.0,524.73,4,27,Basic,Crypto,USA,Tablet,No
ECOMM-88409,155.0,4421.73,3,9,Free,PayPal,Germany,Desktop,No
ECOMM-58674,356.0,2306.65,6,19,Free,PayPal,USA,Tablet,Yes
ECOMM-31969,154.0,1174.95,8,23,Free,Crypto,USA,Desktop,No
ECOMM-87837,358.0,272.66,1,38,Basic,PayPal,Germany,Mobile,Yes
ECOMM-52006,104.0,2474.53,5,10,Premium,Credit Card,Australia,Tablet,No
ECOMM-64647,255.0,1938.61,9,11,Basic,Crypto,Australia,Desktop,Yes
ECOMM-97643,194.0,1964.03,8,26,Premium,Apple Pay,UK,Desktop,Yes
ECOMM-21232,201.0,4923.88,8,18,Free,Apple Pay,Canada,Mobile,No
ECOMM-22626,10.0,3705.06,7,19,Free,Credit Card,USA,Mobile,No
ECOMM-40832,65.0,4434.99,2,15,Free,Apple Pay,Canada,Desktop,No
ECOMM-59641,148.0,2194.43,6,33,Free,Crypto,Germany,Mobile,No
ECOMM-30464,132.0,1218.49,5,13,Premium,PayPal,Germany,Desktop,Yes
ECOMM-66259,224.0,169.29,8,41,Basic,Credit Card,Germany,Mobile,Yes
ECOMM-59934,5.0,4835.45,1,23,Free,Credit Card,Canada,Desktop,No
ECOMM-64357,279.0,4804.45,2,13,Free,PayPal,Germany,Tablet,No
ECOMM-61608,35.0,3659.92,2,24,Premium,Apple Pay,Canada,Desktop,No
ECOMM-59689,362.0,77.17,2,12,Basic,Apple Pay,Australia,Desktop,Yes
ECOMM-87785,80.0,3142.65,3,47,Premium,Credit Card,Canada,Desktop,No
ECOMM-69415,160.0,341.51,0,30,Free,Credit Card,USA,Mobile,No
ECOMM-25128,146.0,4101.42,9,6,Free,Apple Pay,UK,Tablet,No
ECOMM-58990,343.0,4204.45,6,30,Premium,Credit Card,USA,Desktop,No
ECOMM-85535,335.0,3301.95,5,35,Premium,PayPal,Germany,Tablet,Yes
ECOMM-25881,334.0,282.99,3,22,Basic,PayPal,Germany,Tablet,No
ECOMM-73168,286.0,214.19,2,40,Basic,PayPal,Canada,Desktop,No
ECOMM-57534,51.0,1808.92,6,36,Basic,Apple Pay,Australia,Tablet,No
ECOMM-92757,100.0,4249.4,5,12,Free,PayPal,Canada,Desktop,No
ECOMM-76497,183.0,4018.64,6,41,Free,Apple Pay,USA,Desktop,No
ECOMM-43578,206.0,451.17,2,46,Free,Apple Pay,USA,Mobile,Yes
ECOMM-81710,82.0,3578.23,1,45,Basic,Crypto,UK,Mobile,No
ECOMM-28916,280.0,2009.01,6,26,Basic,Crypto,UK,Desktop,No
ECOMM-40307,289.0,4554.58,4,25,Free,PayPal,Germany,Tablet,No
ECOMM-72554,265.0,1934.45,7,8,Premium,Credit Card,USA,Tablet,No
ECOMM-32906,268.0,298.68,2,47,Premium,Crypto,USA,Mobile,Yes
ECOMM-50461,309.0,2588.36,2,43,Free,Crypto,UK,Desktop,Yes
ECOMM-86604,355.0,444.24,2,16,Basic,Crypto,Canada,Desktop,No
ECOMM-13180,161.0,1717.93,7,20,Free,Credit Card,Germany,Mobile,No
ECOMM-19492,22.0,4199.64,7,1,Basic,Apple Pay,Australia,Desktop,No
ECOMM-34077,344.0,4551.43,9,29,Basic,Apple Pay,Germany,Desktop,No
ECOMM-85969,158.0,1585.54,8,42,Free,PayPal,Australia,Mobile,No
ECOMM-23473,183.0,4991.24,5,47,Basic,Apple Pay,Germany,Mobile,Yes
ECOMM-63859,133.0,2185.23,5,32,Premium,Credit Card,Canada,Mobile,No
ECOMM-15816,273.0,366.73,4,12,Free,PayPal,UK,Tablet,Yes
ECOMM-72245,239.0,1453.32,3,29,Free,Crypto,Canada,Tablet,Yes
ECOMM-64488,53.0,1203.83,4,19,Free,PayPal,USA,Mobile,Yes
ECOMM-93341,194.0,3256.36,1,48,Free,Crypto,Germany,Mobile,No
ECOMM-29791,249.0,2627.63,1,44,Premium,PayPal,USA,Mobile,No
ECOMM-45698,208.0,1000.45,6,6,Free,PayPal,UK,Mobile,Yes
ECOMM-24951,189.0,887.2,7,10,Free,Crypto,USA,Mobile,Yes
ECOMM-74239,52.0,4306.82,7,29,Premium,Apple Pay,Australia,Mobile,Yes
ECOMM-14713,119.0,1089.72,1,20,Free,Credit Card,Canada,Mobile,No
ECOMM-20247,343.0,3363.41,3,0,Basic,Crypto,USA,Tablet,Yes
ECOMM-73991,263.0,519.58,9,4,Basic,Credit Card,Germany,Tablet,Yes
ECOMM-55683,119.0,1097.82,5,46,Premium,Apple Pay,Australia,Mobile,Yes
ECOMM-47057,140.0,4576.32,2,49,Basic,Crypto,UK,Tablet,No
ECOMM-57403,144.0,535.37,1,10,Free,Crypto,Australia,Mobile,No
ECOMM-77477,85.0,1799.57,1,0,Free,Crypto,Germany,Desktop,No
ECOMM-35155,84.0,2861.14,6,31,Free,Apple Pay,Canada,Desktop,No
ECOMM-90401,69.0,134.94,1,44,Premium,PayPal,USA,Desktop,No
ECOMM-60063,111.0,3539.69,1,7,Free,Crypto,Australia,Tablet,No
ECOMM-42435,74.0,2848.68,7,43,Free,Apple Pay,USA,Mobile,Yes
ECOMM-12531,138.0,3565.73,6,12,Premium,Crypto,Australia,Mobile,No
ECOMM-12882,176.0,1514.71,5,3,Free,Credit Card,UK,Mobile,Yes
ECOMM-55832,95.0,2528.44,6,24,Premium,Credit Card,Australia,Mobile,No
ECOMM-98812,330.0,59.86,3,27,Free,Apple Pay,UK,Mobile,Yes
ECOMM-40121,166.0,3432.45,8,24,Free,PayPal,Canada,Desktop,No
ECOMM-30593,222.0,529.54,0,49,Free,Apple Pay,UK,Mobile,No
ECOMM-88676,304.0,1875.53,7,13,Free,Crypto,UK,Mobile,Yes
ECOMM-60504,81.0,222.51,4,25,Free,Credit Card,USA,Desktop,No
ECOMM-18349,308.0,3468.26,9,28,Basic,Crypto,UK,Mobile,No
ECOMM-21945,355.0,3187.85,9,17,Premium,Credit Card,UK,Tablet,Yes
ECOMM-22898,223.0,2295.87,4,9,Free,Apple Pay,UK,Mobile,Yes
ECOMM-12645,237.0,3167.49,1,13,Free,PayPal,Germany,Tablet,No
ECOMM-64078,202.0,859.85,6,21,Free,Crypto,Australia,Mobile,No
ECOMM-33778,126.0,4712.81,0,21,Free,PayPal,Germany,Desktop,No
ECOMM-30404,220.0,4172.55,1,26,Free,Apple Pay,Canada,Mobile,No
ECOMM-77592,149.0,3571.0,9,16,Premium,PayPal,Germany,Desktop,No
ECOMM-97910,184.0,651.09,7,13,Free,Crypto,Australia,Mobile,No
ECOMM-18870,52.0,312.22,2,20,Free,Apple Pay,Canada,Desktop,No
ECOMM-82686,26.0,1826.09,9,49,Free,Crypto,Australia,Mobile,No
ECOMM-98668,158.0,2824.3,9,21,Free,Apple Pay,Australia,Desktop,No
ECOMM-74497,38.0,345.92,9,38,Basic,Crypto,Australia,Tablet,No
ECOMM-71610,303.0,2636.05,9,26,Free,PayPal,Canada,Desktop,Yes
ECOMM-97403,175.0,2073.77,9,42,Free,Crypto,Germany,Desktop,No
ECOMM-91575,364.0,2372.37,1,26,Free,PayPal,Australia,Tablet,No
ECOMM-90856,27.0,326.72,5,17,Basic,Credit Card,UK,Tablet,No
ECOMM-17711,28.0,3990.86,5,48,Free,Apple Pay,UK,Desktop,No
ECOMM-28136,48.0,2237.17,7,36,Free,PayPal,Australia,Mobile,No
ECOMM-13233,123.0,2367.34,0,35,Basic,PayPal,UK,Tablet,No
ECOMM-82285,228.0,4778.29,2,35,Premium,Apple Pay,UK,Desktop,No
ECOMM-80860,133.0,3702.15,9,5,Free,Crypto,USA,Mobile,Yes
ECOMM-76795,345.0,2180.83,5,28,Free,Credit Card,UK,Mobile,No
ECOMM-61274,361.0,4184.42,4,19,Free,Credit Card,Canada,Tablet,Yes
ECOMM-78781,13.0,3677.3,4,33,Basic,Apple Pay,Canada,Tablet,Yes
ECOMM-86437,236.0,2482.69,5,47,Free,Crypto,Canada,Mobile,Yes
ECOMM-38969,220.0,232.9,6,33,Premium,PayPal,Australia,Desktop,No
ECOMM-47624,313.0,2360.29,1,29,Free,Credit Card,Australia,Desktop,No
ECOMM-48656,165.0,4982.29,8,42,Free,PayPal,USA,Mobile,No
ECOMM-51591,33.0,2409.47,9,7,Basic,Credit Card,Germany,Tablet,No
ECOMM-87465,15.0,716.7,7,11,Free,Credit Card,USA,Mobile,Yes
ECOMM-30337,60.0,3004.68,5,29,Basic,Apple Pay,Canada,Tablet,No
ECOMM-85281,285.0,3991.29,6,30,Basic,Apple Pay,Australia,Desktop,No
ECOMM-31384,34.0,2256.05,1,43,Free,Credit Card,Canada,Desktop,No
ECOMM-52132,257.0,1589.61,1,13,Premium,Credit Card,UK,Desktop,No
ECOMM-40816,46.0,4647.78,6,40,Free,PayPal,Australia,Desktop,No
ECOMM-71492,341.0,2970.98,5,16,Basic,Apple Pay,UK,Tablet,No
ECOMM-64944,43.0,118.54,3,39,Premium,Crypto,UK,Mobile,No
ECOMM-64249,242.0,1422.41,0,36,Free,Crypto,Canada,Tablet,No
ECOMM-12822,6.0,3073.79,9,18,Free,Apple Pay,UK,Tablet,Yes
ECOMM-19576,261.0,1484.05,6,19,Free,Credit Card,UK,Desktop,Yes
ECOMM-86752,25.0,352.03,4,31,Free,PayPal,UK,Desktop,No
ECOMM-68028,132.0,463.51,2,10,Basic,Credit Card,Australia,Desktop,No
ECOMM-33728,312.0,3408.22,9,9,Premium,PayPal,Germany,Mobile,No
ECOMM-95159,211.0,2876.68,6,9,Premium,Crypto,Canada,Tablet,No
ECOMM-35509,124.0,3796.58,0,44,Premium,Credit Card,USA,Mobile,No
ECOMM-97775,226.0,45.21,6,45,Basic,Credit Card,USA,Mobile,Yes
ECOMM-79159,226.0,3945.75,2,10,Free,Crypto,Germany,Desktop,No
ECOMM-24751,43.0,2006.24,7,0,Premium,PayPal,Australia,Desktop,No
ECOMM-87989,172.0,454.62,4,14,Free,Credit Card,UK,Mobile,No
ECOMM-40929,73.0,2602.85,4,44,Premium,Crypto,Australia,Desktop,No
ECOMM-76287,175.0,2796.75,2,49,Free,Apple Pay,UK,Tablet,No
ECOMM-48799,86.0,4769.18,2,5,Basic,Apple Pay,Canada,Tablet,No
ECOMM-64396,93.0,4703.55,4,49,Basic,Crypto,USA,Mobile,No
ECOMM-67485,222.0,3887.84,8,20,Free,Crypto,Canada,Mobile,Yes
ECOMM-66303,171.0,1898.13,6,47,Premium,PayPal,USA,Mobile,No
ECOMM-46662,198.0,3256.64,6,6,Basic,Crypto,Germany,Mobile,No
ECOMM-77958,45.0,3571.02,8,10,Basic,Apple Pay,Australia,Mobile,No
ECOMM-45958,118.0,2998.46,6,2,Free,PayPal,USA,Tablet,No
ECOMM-14458,123.0,899.53,6,34,Free,Credit Card,USA,Mobile,No
ECOMM-29180,288.0,2233.78,0,39,Free,Crypto,Canada,Tablet,No
ECOMM-57478,135.0,1934.4,0,7,Basic,Apple Pay,Australia,Mobile,No
ECOMM-86325,252.0,4094.55,6,19,Premium,Apple Pay,Australia,Desktop,Yes
ECOMM-91388,313.0,1092.1,3,45,Premium,Credit Card,Australia,Desktop,No
ECOMM-48037,51.0,2099.66,1,36,Basic,Apple Pay,Australia,Tablet,No
ECOMM-58896,31.0,4164.11,6,46,Free,Credit Card,Australia,Tablet,No
ECOMM-58487,288.0,3047.71,8,26,Premium,Credit Card,UK,Mobile,No
ECOMM-73509,114.0,3239.04,7,49,Free,PayPal,UK,Mobile,No
ECOMM-35493,113.0,2942.91,7,40,Basic,PayPal,Germany,Desktop,No
ECOMM-36593,364.0,3650.9,4,25,Basic,PayPal,Germany,Desktop,No
ECOMM-34364,170.0,4623.01,5,15,Premium,Apple Pay,UK,Desktop,No
ECOMM-77580,225.0,4567.45,3,49,Premium,Apple Pay,Canada,Mobile,No
ECOMM-70377,67.0,4223.57,5,2,Free,Apple Pay,Australia,Mobile,Yes
ECOMM-19330,94.0,237.13,6,1,Premium,Crypto,UK,Desktop,No
ECOMM-23698,147.0,2254.22,9,12,Free,Apple Pay,USA,Tablet,No
ECOMM-61053,8.0,3451.34,6,7,Free,Apple Pay,USA,Tablet,No
ECOMM-90430,84.0,2036.6,4,1,Premium,PayPal,Canada,Desktop,No
ECOMM-79164,360.0,4125.37,6,41,Free,Crypto,Germany,Desktop,Yes
ECOMM-36530,267.0,1688.57,3,2,Free,PayPal,Canada,Tablet,No
ECOMM-95769,214.0,1191.84,4,7,Free,Credit Card,USA,Tablet,Yes
ECOMM-69559,215.0,2696.52,4,32,Premium,Crypto,Australia,Mobile,Yes
ECOMM-83106,123.0,725.09,7,14,Basic,Apple Pay,Australia,Tablet,Yes
ECOMM-86639,321.0,1999.03,2,2,Basic,Credit Card,UK,Mobile,No
ECOMM-83805,170.0,2060.27,8,18,Premium,Apple Pay,USA,Mobile,No
ECOMM-57614,58.0,1223.37,7,6,Free,Credit Card,USA,Mobile,Yes
ECOMM-29435,22.0,223.9,6,47,Premium,PayPal,Germany,Tablet,No
ECOMM-82650,210.0,2859.71,1,18,Free,PayPal,USA,Desktop,No
ECOMM-13386,44.0,1545.16,4,26,Premium,PayPal,USA,Tablet,No
ECOMM-93537,172.0,3065.41,8,30,Basic,Credit Card,Australia,Mobile,No
ECOMM-98907,307.0,3769.13,2,42,Basic,Crypto,Australia,Desktop,No
ECOMM-76183,174.0,1610.68,4,21,Free,PayPal,USA,Mobile,No
ECOMM-71253,219.0,2018.9,7,28,Free,Credit Card,Australia,Desktop,Yes
ECOMM-91104,275.0,4411.25,6,20,Basic,PayPal,Canada,Desktop,No
ECOMM-51220,151.0,1367.65,1,0,Free,Crypto,Australia,Tablet,No
ECOMM-13405,151.0,26.13,1,9,Free,Credit Card,Australia,Mobile,No
ECOMM-86362,29.0,1339.36,4,6,Premium,Apple Pay,UK,Desktop,No
ECOMM-91443,254.0,1951.9,8,44,Premium,Crypto,Australia,Mobile,No
ECOMM-19925,6.0,881.99,9,33,Free,Credit Card,USA,Mobile,No
ECOMM-41286,102.0,3974.45,8,47,Free,Credit Card,UK,Desktop,Yes
ECOMM-85487,100.0,4870.07,6,48,Premium,Credit Card,UK,Mobile,Yes
ECOMM-36954,47.0,2730.71,3,39,Free,Crypto,USA,Desktop,No
ECOMM-34141,276.0,3985.1,0,48,Free,Crypto,UK,Mobile,No
ECOMM-44957,289.0,379.7,4,12,Basic,Credit Card,USA,Tablet,Yes
ECOMM-66219,47.0,4141.24,6,19,Free,Credit Card,Australia,Tablet,No
ECOMM-28752,192.0,2852.15,4,38,Free,Crypto,Canada,Tablet,Yes
ECOMM-68333,87.0,805.48,1,22,Free,PayPal,UK,Tablet,No
ECOMM-68223,91.0,3021.8,4,40,Free,Apple Pay,Canada,Desktop,No
ECOMM-22239,57.0,4281.95,0,41,Premium,Apple Pay,Australia,Desktop,No
ECOMM-71402,165.0,2172.24,9,48,Free,Credit Card,Canada,Desktop,Yes
ECOMM-74219,351.0,543.69,7,28,Free,PayPal,USA,Desktop,Yes
ECOMM-59274,231.0,3998.55,8,44,Premium,Crypto,Canada,Mobile,Yes
ECOMM-13600,3.0,3306.71,9,33,Free,Apple Pay,USA,Mobile,No
ECOMM-48835,90.0,1181.81,9,15,Basic,Credit Card,USA,Desktop,No
ECOMM-57966,110.0,3494.02,4,15,Basic,Crypto,Canada,Desktop,Yes
ECOMM-97338,66.0,3947.69,8,49,Basic,Crypto,USA,Tablet,No
ECOMM-74494,61.0,3513.19,9,12,Basic,Credit Card,Germany,Desktop,No
ECOMM-32027,361.0,3814.1,4,26,Premium,PayPal,Germany,Desktop,Yes
ECOMM-50024,241.0,2734.06,5,22,Premium,PayPal,UK,Mobile,No
ECOMM-17026,68.0,4475.28,3,27,Free,PayPal,Canada,Mobile,No
ECOMM-68381,189.0,2723.78,5,26,Premium,Apple Pay,USA,Mobile,No
ECOMM-48356,122.0,1439.95,6,35,Basic,PayPal,UK,Desktop,Yes
ECOMM-10545,121.0,1393.05,8,44,Premium,Crypto,Australia,Desktop,No
ECOMM-62648,145.0,531.48,7,45,Free,PayPal,USA,Mobile,No
ECOMM-57397,342.0,2065.44,8,29,Free,PayPal,Germany,Mobile,No
ECOMM-68389,314.0,631.07,2,5,Basic,PayPal,USA,Desktop,No
ECOMM-80886,200.0,2809.54,6,30,Free,Credit Card,USA,Desktop,Yes
ECOMM-95354,102.0,4976.56,4,39,Premium,PayPal,UK,Desktop,No
ECOMM-51541,321.0,4174.37,2,30,Free,Crypto,Australia,Desktop,No
ECOMM-10463,81.0,1715.08,1,19,Free,Crypto,USA,Mobile,No
ECOMM-59569,11.0,758.98,7,40,Free,Apple Pay,USA,Mobile,No
ECOMM-16760,47.0,2716.39,8,33,Premium,Crypto,Canada,Mobile,No
ECOMM-33915,193.0,3024.66,0,41,Premium,PayPal,UK,Desktop,No
ECOMM-29841,277.0,2669.77,4,49,Free,Crypto,Australia,Desktop,No
ECOMM-32926,84.0,4315.61,2,49,Free,Crypto,Australia,Desktop,No
ECOMM-55695,206.0,1051.11,8,24,Free,Apple Pay,Germany,Tablet,Yes
ECOMM-32474,104.0,4892.47,9,23,Free,Crypto,Canada,Desktop,Yes
ECOMM-43726,35.0,2860.22,9,42,Basic,Apple Pay,Australia,Tablet,Yes
ECOMM-42774,235.0,4382.08,8,11,Premium,Crypto,Germany,Desktop,Yes
ECOMM-11804,166.0,2534.26,0,44,Basic,PayPal,UK,Desktop,No
ECOMM-97550,136.0,3307.99,5,42,Free,Credit Card,UK,Desktop,No
ECOMM-35730,360.0,1490.84,6,12,Premium,Credit Card,UK,Tablet,No
ECOMM-61465,351.0,3761.42,0,14,Free,Crypto,Australia,Desktop,No
ECOMM-24966,336.0,1721.02,2,2,Free,Apple Pay,USA,Desktop,No
ECOMM-82071,74.0,503.5,2,29,Basic,Apple Pay,Australia,Tablet,No
ECOMM-10389,205.0,1389.84,5,5,Free,Apple Pay,Canada,Tablet,No
ECOMM-53224,144.0,3087.17,5,36,Free,Credit Card,Canada,Mobile,Yes
ECOMM-22167,86.0,4626.15,4,43,Premium,Credit Card,UK,Mobile,No
ECOMM-72161,196.0,2270.22,3,19,Free,Apple Pay,Canada,Desktop,No
ECOMM-47145,215.0,1399.51,8,44,Basic,Crypto,Canada,Tablet,No
ECOMM-81708,301.0,3987.99,7,33,Basic,Credit Card,Germany,Mobile,Yes
ECOMM-81652,187.0,1322.06,3,36,Free,Crypto,UK,Desktop,No
ECOMM-24834,213.0,4110.61,4,3,Premium,Apple Pay,Australia,Mobile,No
ECOMM-74471,354.0,3443.75,7,10,Basic,PayPal,USA,Mobile,Yes
ECOMM-24759,58.0,3990.56,9,34,Free,PayPal,UK,Tablet,No
ECOMM-66164,6.0,3249.82,9,46,Basic,PayPal,UK,Tablet,Yes
ECOMM-97722,64.0,530.99,1,39,Free,Crypto,UK,Tablet,No
ECOMM-84284,114.0,4323.41,7,49,Premium,Credit Card,Australia,Tablet,Yes
ECOMM-33989,106.0,1264.77,4,9,Premium,Crypto,Canada,Tablet,No
ECOMM-34422,147.0,3769.93,5,19,Basic,PayPal,Australia,Mobile,No
ECOMM-85534,241.0,3170.48,6,30,Premium,Credit Card,UK,Desktop,Yes
ECOMM-22795,266.0,369.51,9,28,Premium,Credit Card,Australia,Desktop,No
ECOMM-85800,249.0,4337.17,3,9,Free,Apple Pay,Australia,Desktop,No
ECOMM-36742,273.0,4545.87,1,33,Free,Crypto,Australia,Desktop,No
ECOMM-56649,191.0,2578.83,8,36,Free,Credit Card,Germany,Desktop,Yes
ECOMM-96365,268.0,887.49,2,42,Basic,Apple Pay,Canada,Tablet,No
ECOMM-68557,319.0,1227.98,5,30,Basic,Credit Card,UK,Tablet,No
ECOMM-26343,208.0,4251.53,3,47,Basic,PayPal,UK,Tablet,No
ECOMM-53848,291.0,1980.44,1,14,Free,Apple Pay,USA,Desktop,No
ECOMM-61263,201.0,3330.44,1,8,Free,Credit Card,USA,Desktop,No
ECOMM-93552,129.0,456.34,5,44,Free,Credit Card,UK,Mobile,No
ECOMM-60847,106.0,4588.22,1,48,Basic,Apple Pay,Australia,Mobile,Yes
ECOMM-35839,310.0,878.13,3,47,Free,Credit Card,Canada,Tablet,No
ECOMM-76534,317.0,2065.04,2,17,Free,Crypto,USA,Desktop,No
ECOMM-54498,71.0,3330.79,0,18,Premium,Credit Card,USA,Tablet,No
ECOMM-41835,156.0,3355.92,2,47,Basic,Credit Card,Canada,Desktop,No
ECOMM-93362,229.0,2500.24,4,46,Premium,Apple Pay,Germany,Tablet,No
ECOMM-33531,131.0,1708.63,1,20,Basic,Credit Card,Germany,Desktop,No
ECOMM-37046,187.0,748.96,2,11,Free,Credit Card,USA,Tablet,No
ECOMM-83069,290.0,308.41,0,20,Free,Crypto,USA,Mobile,No
ECOMM-54905,91.0,4143.13,4,29,Premium,Crypto,Australia,Tablet,No
ECOMM-43364,264.0,4480.36,6,31,Basic,PayPal,UK,Desktop,No
ECOMM-73076,152.0,550.26,7,6,Free,Credit Card,Australia,Mobile,No
ECOMM-59080,116.0,2905.56,7,30,Free,Crypto,Australia,Desktop,No
ECOMM-47006,22.0,1905.66,8,18,Free,Credit Card,Canada,Mobile,No
ECOMM-34347,9.0,1512.96,5,0,Premium,Apple Pay,Australia,Mobile,No
ECOMM-39602,71.0,2869.26,9,25,Free,Crypto,Canada,Tablet,No
ECOMM-25113,4.0,3885.01,8,1,Free,PayPal,UK,Mobile,No
ECOMM-60232,196.0,3245.47,3,34,Free,Apple Pay,Australia,Tablet,No
ECOMM-41847,310.0,3908.24,4,31,Free,Apple Pay,USA,Desktop,No
ECOMM-10145,12.0,3786.68,0,22,Free,Credit Card,UK,Tablet,Yes
ECOMM-50620,55.0,3611.2,1,35,Premium,Apple Pay,Australia,Mobile,No
ECOMM-87218,317.0,2869.45,9,5,Basic,PayPal,UK,Tablet,Yes
ECOMM-92031,220.0,3603.22,2,10,Free,PayPal,USA,Tablet,No
ECOMM-82067,281.0,4337.75,2,45,Basic,Crypto,USA,Desktop,Yes
ECOMM-85944,216.0,1847.39,1,41,Free,PayPal,Germany,Mobile,No
ECOMM-12536,346.0,3072.88,4,21,Premium,Credit Card,USA,Tablet,No
ECOMM-78000,83.0,271.52,1,31,Premium,Crypto,UK,Mobile,No
ECOMM-82109,307.0,477.37,3,16,Premium,Credit Card,Germany,Desktop,No
ECOMM-78285,163.0,2200.18,7,24,Premium,Crypto,USA,Desktop,Yes
ECOMM-41430,13.0,3481.7,9,14,Free,Crypto,Germany,Tablet,Yes
ECOMM-77949,153.0,4489.29,1,35,Free,Apple Pay,Canada,Mobile,Yes
ECOMM-95087,150.0,572.29,1,35,Free,PayPal,USA,Desktop,No
ECOMM-76040,183.0,3506.82,3,37,Free,Crypto,Germany,Desktop,No
ECOMM-27997,61.0,3482.75,0,4,Free,PayPal,USA,Mobile,No
ECOMM-66325,312.0,4484.45,1,36,Free,PayPal,USA,Mobile,No
ECOMM-99992,113.0,2962.67,4,37,Basic,PayPal,Germany,Tablet,No
ECOMM-18354,334.0,3301.8,6,32,Free,PayPal,USA,Desktop,Yes
ECOMM-81616,364.0,204.08,9,42,Free,Apple Pay,Australia,Desktop,No
ECOMM-28651,32.0,1517.45,1,48,Free,Apple Pay,UK,Tablet,No
ECOMM-84720,268.0,3415.29,5,31,Premium,Apple Pay,UK,Desktop,No
ECOMM-82580,157.0,3437.52,7,28,Free,Credit Card,Germany,Mobile,No
ECOMM-69624,189.0,1834.98,4,24,Free,Apple Pay,USA,Tablet,Yes
ECOMM-89274,108.0,1989.98,5,3,Free,Credit Card,Canada,Tablet,No
ECOMM-64556,147.0,1760.7,1,36,Premium,PayPal,Germany,Tablet,No
ECOMM-69952,287.0,3143.5,8,17,Free,Crypto,USA,Tablet,Yes
ECOMM-59029,215.0,4729.46,7,20,Free,Credit Card,USA,Mobile,Yes
ECOMM-92196,126.0,3750.89,8,4,Free,Credit Card,Germany,Desktop,Yes
ECOMM-32740,259.0,1920.29,5,26,Premium,Crypto,UK,Desktop,No
ECOMM-29742,177.0,2954.99,0,30,Premium,PayPal,Australia,Desktop,No
ECOMM-51225,262.0,2290.21,7,39,Basic,Credit Card,Australia,Mobile,Yes
ECOMM-55940,258.0,4901.67,4,16,Free,Apple Pay,Germany,Mobile,Yes
ECOMM-78870,319.0,3847.96,1,46,Free,PayPal,Canada,Desktop,No
ECOMM-58644,232.0,427.43,8,7,Free,Crypto,USA,Desktop,No
ECOMM-79813,271.0,3229.48,6,33,Free,Credit Card,UK,Tablet,No
ECOMM-88226,271.0,4022.37,6,15,Basic,PayPal,Germany,Mobile,No
ECOMM-53878,293.0,3115.96,5,34,Free,Credit Card,USA,Tablet,Yes
ECOMM-69692,157.0,4021.61,8,47,Basic,PayPal,Germany,Tablet,No
ECOMM-49306,96.0,4939.72,7,42,Basic,Crypto,Australia,Desktop,No
ECOMM-77359,198.0,3825.6,8,20,Premium,PayPal,Germany,Desktop,No
ECOMM-21317,164.0,2124.9,2,3,Premium,Apple Pay,USA,Tablet,No
ECOMM-17358,100.0,4304.71,0,12,Free,Credit Card,Australia,Tablet,No
ECOMM-38103,87.0,3665.64,2,5,Free,Apple Pay,Australia,Tablet,No
ECOMM-71714,283.0,4889.83,5,0,Free,PayPal,Canada,Mobile,Yes
ECOMM-67140,215.0,3650.71,3,12,Premium,Apple Pay,Canada,Tablet,Yes
ECOMM-14861,316.0,2260.94,0,2,Basic,Crypto,UK,Desktop,No
ECOMM-86779,196.0,1459.21,6,48,Free,Apple Pay,UK,Mobile,No
ECOMM-29086,110.0,1537.97,8,8,Premium,Crypto,USA,Tablet,Yes
ECOMM-37983,310.0,4249.54,0,17,Premium,PayPal,Germany,Tablet,No
ECOMM-19411,182.0,1766.59,4,2,Free,Crypto,Canada,Mobile,Yes
ECOMM-38433,5.0,4272.5,4,38,Basic,Crypto,UK,Desktop,No
ECOMM-59582,39.0,925.87,4,35,Free,Credit Card,UK,Tablet,No
ECOMM-66131,192.0,654.86,6,42,Premium,Apple Pay,USA,Desktop,No
ECOMM-19884,41.0,1677.67,2,17,Premium,Apple Pay,UK,Tablet,No
ECOMM-26280,294.0,4876.98,7,11,Free,Crypto,USA,Mobile,Yes
ECOMM-39248,53.0,1372.45,9,15,Premium,PayPal,Canada,Mobile,No
ECOMM-45917,173.0,4107.29,6,26,Premium,Credit Card,Australia,Mobile,No
ECOMM-49723,230.0,1801.48,3,34,Free,Credit Card,Canada,Mobile,No
ECOMM-85862,9.0,27.65,5,26,Basic,PayPal,UK,Mobile,No
ECOMM-61857,287.0,3965.65,9,6,Premium,Apple Pay,Germany,Tablet,Yes
ECOMM-74427,30.0,3641.77,0,24,Free,PayPal,Australia,Desktop,No
ECOMM-86779,48.0,1632.7,0,44,Basic,Apple Pay,Germany,Tablet,No
ECOMM-34236,17.0,4641.88,6,12,Free,Apple Pay,Canada,Tablet,No
ECOMM-10483,364.0,3027.27,1,1,Premium,Apple Pay,Canada,Tablet,No
ECOMM-11142,158.0,1608.8,5,0,Basic,Crypto,Germany,Tablet,Yes
ECOMM-36594,129.0,2875.26,0,33,Premium,PayPal,USA,Tablet,No
ECOMM-63804,82.0,1046.2,8,27,Free,Credit Card,Australia,Tablet,No
ECOMM-11797,326.0,4320.47,0,39,Free,Crypto,Australia,Mobile,No
ECOMM-46646,220.0,1100.74,5,13,Free,Crypto,Australia,Tablet,Yes
ECOMM-86424,364.0,4907.61,4,28,Free,Crypto,UK,Tablet,No
ECOMM-56415,360.0,3448.25,7,35,Free,PayPal,Canada,Desktop,No
ECOMM-99545,307.0,3988.51,0,38,Free,Apple Pay,Canada,Desktop,No
ECOMM-16201,283.0,1871.15,6,48,Free,Credit Card,UK,Mobile,No
ECOMM-36169,139.0,1328.84,1,7,Free,Credit Card,Canada,Mobile,No
ECOMM-11280,124.0,2926.77,6,48,Basic,Crypto,Australia,Tablet,No
ECOMM-32647,9.0,2912.82,2,41,Free,Crypto,USA,Mobile,No
ECOMM-94266,288.0,2930.25,1,5,Basic,Crypto,Germany,Tablet,Yes
ECOMM-73786,185.0,3824.25,9,37,Premium,Credit Card,Australia,Tablet,No
ECOMM-75797,319.0,45.0,8,16,Premium,Credit Card,Canada,Desktop,No
ECOMM-81328,178.0,3210.22,9,13,Free,PayPal,Australia,Tablet,No
ECOMM-27065,3.0,2087.03,9,1,Free,Crypto,UK,Desktop,No
ECOMM-10751,2.0,450.54,4,42,Free,Crypto,USA,Mobile,No
ECOMM-76161,293.0,754.42,8,2,Free,Credit Card,USA,Tablet,Yes
ECOMM-34668,317.0,1178.57,3,30,Basic,PayPal,Canada,Mobile,Yes
ECOMM-70157,129.0,3650.41,4,12,Free,Apple Pay,USA,Mobile,No
ECOMM-78352,54.0,3546.17,4,13,Basic,Credit Card,USA,Desktop,Yes
ECOMM-53278,21.0,587.62,7,1,Free,Credit Card,Canada,Mobile,No
ECOMM-53077,229.0,1746.81,0,16,Basic,Apple Pay,UK,Desktop,Yes
ECOMM-96390,302.0,1216.22,5,43,Free,Crypto,Canada,Desktop,No
ECOMM-91687,96.0,3161.86,0,41,Free,Apple Pay,Germany,Desktop,No
ECOMM-84597,70.0,338.42,1,16,Premium,PayPal,UK,Desktop,No
ECOMM-33524,151.0,26.63,3,16,Free,Crypto,Canada,Tablet,No
ECOMM-18428,287.0,2665.05,0,20,Free,Apple Pay,UK,Desktop,Yes
ECOMM-88387,172.0,2034.57,4,28,Premium,Apple Pay,Australia,Mobile,No
ECOMM-51273,188.0,4301.44,5,6,Basic,Crypto,UK,Desktop,No
ECOMM-83097,214.0,3080.45,2,21,Free,Crypto,USA,Mobile,Yes
ECOMM-42704,194.0,4490.07,5,44,Free,Apple Pay,USA,Tablet,No
ECOMM-28490,190.0,4062.5,5,43,Free,Credit Card,Germany,Mobile,Yes
ECOMM-55259,27.0,3850.97,7,36,Free,Crypto,USA,Tablet,No
ECOMM-24439,133.0,656.61,1,12,Free,Crypto,Germany,Tablet,Yes
ECOMM-25873,218.0,4850.42,1,43,Basic,PayPal,UK,Desktop,No
ECOMM-63552,15.0,3496.41,3,22,Free,Apple Pay,UK,Desktop,No
ECOMM-67601,297.0,359.7,5,15,Basic,PayPal,Germany,Desktop,No
ECOMM-85360,47.0,3171.11,2,18,Basic,Credit Card,UK,Desktop,Yes
ECOMM-19285,5.0,3585.44,8,8,Basic,Credit Card,Canada,Desktop,Yes
ECOMM-56090,228.0,3980.51,7,22,Free,PayPal,Australia,Tablet,Yes
ECOMM-72376,235.0,4399.79,8,30,Free,Crypto,USA,Tablet,Yes
ECOMM-59356,221.0,1690.89,7,48,Premium,PayPal,Canada,Tablet,No
ECOMM-27591,207.0,2114.38,0,43,Basic,Apple Pay,Germany,Tablet,No
ECOMM-86973,244.0,3434.87,5,45,Premium,Crypto,UK,Tablet,No
ECOMM-31407,132.0,810.26,2,41,Premium,PayPal,Germany,Desktop,No
ECOMM-40730,30.0,1990.06,5,9,Premium,PayPal,Canada,Tablet,No
ECOMM-92206,265.0,2807.57,0,8,Free,PayPal,Germany,Desktop,Yes
ECOMM-43776,91.0,1534.26,2,45,Basic,Crypto,Canada,Desktop,No
ECOMM-31650,30.0,1819.34,0,14,Free,Credit Card,Canada,Mobile,No
ECOMM-16878,86.0,1064.02,7,49,Free,Apple Pay,Australia,Mobile,No
ECOMM-53358,321.0,4779.44,7,15,Free,Crypto,Germany,Mobile,Yes
ECOMM-59341,297.0,4753.22,6,36,Premium,Apple Pay,Australia,Desktop,Yes
ECOMM-99404,40.0,3751.61,1,14,Premium,Credit Card,Germany,Desktop,No
ECOMM-54295,277.0,3337.35,4,13,Free,Apple Pay,USA,Desktop,Yes
ECOMM-38388,201.0,2999.24,4,25,Free,Credit Card,Canada,Mobile,Yes
ECOMM-83440,274.0,4063.95,1,41,Free,Credit Card,USA,Desktop,Yes
ECOMM-23495,262.0,160.66,9,3,Free,Apple Pay,Australia,Tablet,No
ECOMM-95856,354.0,509.37,3,28,Free,PayPal,Canada,Tablet,No
ECOMM-59606,221.0,918.27,6,47,Free,Credit Card,USA,Desktop,No
ECOMM-52073,334.0,1995.45,9,44,Basic,Apple Pay,USA,Tablet,No
ECOMM-36840,283.0,3164.05,2,47,Free,Apple Pay,UK,Tablet,No
ECOMM-29441,235.0,168.6,4,34,Basic,Crypto,Canada,Mobile,No
ECOMM-37761,138.0,1688.75,8,47,Free,Crypto,Australia,Tablet,Yes
ECOMM-98526,186.0,3479.06,8,7,Premium,Apple Pay,Australia,Tablet,No
ECOMM-54167,334.0,1493.07,0,21,Basic,Credit Card,USA,Desktop,No
ECOMM-42604,298.0,4598.13,4,26,Premium,Apple Pay,Australia,Tablet,No
ECOMM-74087,179.0,1145.41,5,25,Premium,Apple Pay,Australia,Mobile,No
ECOMM-33009,201.0,2517.92,8,39,Premium,Credit Card,Australia,Mobile,No
ECOMM-91205,226.0,3154.76,8,10,Basic,Crypto,UK,Tablet,No
ECOMM-76811,280.0,2993.64,2,22,Basic,Apple Pay,UK,Desktop,Yes
ECOMM-65239,86.0,1513.95,9,18,Free,Apple Pay,UK,Tablet,No
ECOMM-53989,66.0,3589.77,5,27,Premium,Crypto,Germany,Desktop,No
ECOMM-74403,267.0,739.82,4,45,Basic,Crypto,Germany,Mobile,No
ECOMM-19739,187.0,4537.01,6,39,Basic,Apple Pay,Australia,Mobile,Yes
ECOMM-73838,200.0,4498.11,0,9,Free,Credit Card,Canada,Mobile,No
ECOMM-52873,177.0,1520.3,4,28,Basic,Credit Card,USA,Mobile,Yes
ECOMM-96617,253.0,2777.24,2,15,Free,Credit Card,Germany,Desktop,No
ECOMM-12707,177.0,27.0,2,12,Free,Credit Card,Germany,Mobile,No
ECOMM-31850,247.0,4429.22,5,12,Basic,PayPal,UK,Mobile,No
ECOMM-78254,190.0,1703.02,8,42,Premium,PayPal,UK,Mobile,No
ECOMM-77119,17.0,304.35,0,33,Free,Crypto,UK,Mobile,No
ECOMM-24069,224.0,2912.46,3,27,Premium,Crypto,UK,Desktop,No
ECOMM-24507,30.0,2263.59,0,11,Free,PayPal,Germany,Mobile,No
ECOMM-93605,221.0,1400.64,1,3,Free,PayPal,Germany,Tablet,No
ECOMM-37309,27.0,4604.38,7,17,Free,Crypto,Australia,Mobile,Yes
ECOMM-45187,347.0,126.79,5,33,Premium,Apple Pay,USA,Tablet,Yes
ECOMM-89148,89.0,2990.84,2,16,Basic,Crypto,Germany,Tablet,No
ECOMM-86242,80.0,4218.49,8,32,Basic,Crypto,Australia,Desktop,No
ECOMM-87696,4.0,2972.4,3,43,Basic,PayPal,Australia,Tablet,No
ECOMM-60712,53.0,4974.54,9,33,Basic,Crypto,UK,Desktop,No
ECOMM-79161,13.0,1424.95,7,34,Free,Crypto,Germany,Desktop,No
ECOMM-34877,266.0,184.22,5,24,Free,PayPal,Canada,Tablet,No
ECOMM-54962,47.0,4263.97,5,5,Free,Credit Card,Canada,Desktop,No
ECOMM-85077,89.0,4142.64,0,18,Free,PayPal,USA,Desktop,No
ECOMM-84139,326.0,1505.08,3,18,Free,Apple Pay,USA,Desktop,No
ECOMM-73062,103.0,3668.5,2,46,Free,Credit Card,UK,Mobile,No
ECOMM-49155,227.0,1484.13,3,1,Basic,PayPal,Germany,Tablet,Yes
ECOMM-77079,66.0,634.28,1,19,Free,Apple Pay,USA,Desktop,No
ECOMM-16873,140.0,2188.53,5,6,Free,Credit Card,Germany,Tablet,Yes
ECOMM-61300,174.0,4507.89,5,34,Basic,Apple Pay,Australia,Tablet,No
ECOMM-51884,311.0,4869.32,5,16,Free,Credit Card,Australia,Desktop,Yes
ECOMM-10290,150.0,3976.13,8,30,Premium,PayPal,UK,Mobile,No
ECOMM-71723,143.0,4011.28,2,15,Free,PayPal,USA,Mobile,No
ECOMM-48582,355.0,3981.09,5,18,Free,Credit Card,Australia,Mobile,No
ECOMM-15186,132.0,2779.92,5,16,Free,Crypto,USA,Desktop,No
ECOMM-85207,246.0,3838.54,3,12,Free,Apple Pay,Germany,Tablet,No
ECOMM-70061,344.0,3220.55,4,28,Free,PayPal,Germany,Tablet,No
ECOMM-16094,213.0,1545.99,8,33,Basic,PayPal,USA,Tablet,Yes
ECOMM-26945,266.0,620.61,1,11,Premium,PayPal,Canada,Tablet,No
ECOMM-34162,211.0,2774.42,3,30,Free,Credit Card,Germany,Mobile,No
ECOMM-78694,267.0,1791.51,6,0,Premium,Apple Pay,Australia,Mobile,No
ECOMM-13365,104.0,3804.73,6,4,Free,Crypto,Germany,Mobile,No
ECOMM-23962,208.0,640.64,5,28,Basic,Apple Pay,USA,Desktop,Yes
ECOMM-85636,323.0,3944.8,9,1,Basic,Crypto,UK,Tablet,No
ECOMM-25077,67.0,2275.73,0,12,Free,Crypto,Canada,Mobile,No
ECOMM-14548,43.0,4749.49,8,21,Free,Crypto,USA,Mobile,No
ECOMM-65415,146.0,1995.78,4,32,Basic,Credit Card,Germany,Desktop,No
ECOMM-13798,268.0,775.76,3,8,Free,Crypto,UK,Tablet,Yes
ECOMM-40351,298.0,4360.3,2,26,Basic,Credit Card,UK,Tablet,No
ECOMM-51665,46.0,4566.97,2,37,Basic,PayPal,USA,Tablet,No
ECOMM-82136,234.0,4535.89,0,12,Free,Apple Pay,UK,Tablet,Yes
ECOMM-67765,182.0,4907.33,5,24,Basic,Apple Pay,Australia,Desktop,No
ECOMM-80092,209.0,3502.55,3,20,Free,Apple Pay,Canada,Tablet,Yes
ECOMM-60205,79.0,319.24,6,0,Basic,PayPal,Australia,Mobile,Yes
ECOMM-15506,69.0,2300.12,7,10,Premium,PayPal,USA,Mobile,Yes
ECOMM-23926,202.0,946.56,4,46,Basic,Apple Pay,Canada,Tablet,Yes
ECOMM-29594,211.0,1968.99,4,39,Premium,Apple Pay,UK,Mobile,No
ECOMM-97228,72.0,1696.21,0,47,Basic,PayPal,Canada,Mobile,Yes
ECOMM-59653,79.0,753.95,5,13,Basic,Credit Card,USA,Mobile,No
ECOMM-39310,184.0,674.27,6,23,Free,Credit Card,UK,Mobile,Yes
ECOMM-14378,220.0,4818.41,7,38,Premium,Crypto,Canada,Mobile,Yes
ECOMM-45131,12.0,4685.03,1,44,Free,Apple Pay,USA,Tablet,No
ECOMM-80636,262.0,1260.81,3,17,Free,Apple Pay,Australia,Desktop,Yes
ECOMM-53376,90.0,23.17,6,26,Free,PayPal,Australia,Desktop,No
ECOMM-18542,281.0,3804.83,2,28,Free,Apple Pay,UK,Desktop,Yes
ECOMM-15497,268.0,2173.03,4,47,Basic,Crypto,UK,Desktop,Yes
ECOMM-37740,319.0,3364.55,7,6,Premium,Credit Card,Australia,Mobile,Yes
ECOMM-33815,190.0,1568.04,3,24,Basic,Crypto,Australia,Mobile,No
ECOMM-60325,255.0,4254.75,3,24,Free,Apple Pay,Australia,Mobile,No
ECOMM-28185,181.0,1838.89,4,26,Premium,Apple Pay,Canada,Mobile,No
ECOMM-30050,117.0,205.21,5,2,Free,Crypto,USA,Desktop,No
ECOMM-58138,232.0,1754.18,8,35,Basic,Credit Card,Australia,Tablet,Yes
ECOMM-51022,245.0,4507.05,2,7,Basic,Credit Card,Germany,Desktop,No
ECOMM-73195,192.0,74.64,0,13,Free,PayPal,Canada,Desktop,No
ECOMM-64894,102.0,1353.1,0,2,Premium,PayPal,Canada,Tablet,No
ECOMM-27056,96.0,4827.84,2,11,Premium,Credit Card,UK,Tablet,No
ECOMM-45145,336.0,3586.76,6,46,Basic,Apple Pay,Germany,Desktop,Yes
ECOMM-92041,324.0,2675.6,8,19,Free,PayPal,USA,Tablet,No
ECOMM-56890,280.0,4913.93,9,14,Basic,PayPal,Germany,Tablet,Yes
ECOMM-71047,114.0,4907.64,8,29,Basic,PayPal,Germany,Desktop,Yes
ECOMM-27163,171.0,2197.65,7,10,Free,Credit Card,Australia,Mobile,No
ECOMM-83845,7.0,4105.56,2,27,Free,PayPal,UK,Tablet,No
ECOMM-67900,210.0,2862.12,5,49,Basic,Apple Pay,USA,Tablet,Yes
ECOMM-16492,69.0,2670.55,9,21,Basic,Credit Card,Canada,Tablet,No
ECOMM-56243,364.0,311.08,9,37,Free,Crypto,Australia,Mobile,Yes
ECOMM-74285,149.0,2679.63,1,35,Free,Apple Pay,Canada,Desktop,No
ECOMM-37214,16.0,3660.97,5,22,Free,Credit Card,Australia,Tablet,No
ECOMM-87950,4.0,928.93,6,7,Premium,Crypto,Canada,Tablet,No
ECOMM-59624,249.0,4038.67,4,19,Basic,Credit Card,Germany,Tablet,Yes
ECOMM-67613,199.0,2319.64,3,28,Free,Apple Pay,Canada,Tablet,Yes
ECOMM-11663,255.0,2483.72,7,23,Free,Crypto,Germany,Mobile,No
ECOMM-27718,347.0,3570.89,6,10,Free,Apple Pay,Germany,Tablet,Yes
ECOMM-16487,115.0,3260.9,3,40,Free,Crypto,USA,Desktop,No
ECOMM-97761,204.0,4482.63,8,48,Premium,PayPal,Australia,Mobile,No
ECOMM-23910,52.0,2965.86,5,40,Basic,Credit Card,Australia,Mobile,No
ECOMM-87010,76.0,1113.35,8,27,Free,Crypto,Australia,Tablet,No
ECOMM-85954,110.0,1779.69,5,23,Free,Credit Card,USA,Tablet,No
ECOMM-62924,24.0,4632.23,0,34,Free,Crypto,Germany,Desktop,No
ECOMM-94489,43.0,3233.38,6,48,Premium,Apple Pay,Australia,Mobile,No
ECOMM-49899,197.0,3526.11,5,43,Free,Credit Card,UK,Mobile,Yes
ECOMM-67503,181.0,1800.83,3,12,Free,PayPal,Australia,Tablet,No
ECOMM-22774,250.0,317.78,7,48,Premium,Credit Card,UK,Mobile,No
ECOMM-38751,236.0,4655.38,6,18,Basic,PayPal,Canada,Tablet,Yes
ECOMM-62308,234.0,3089.42,6,37,Free,PayPal,Canada,Desktop,Yes
ECOMM-79883,94.0,3520.56,8,19,Free,PayPal,USA,Tablet,No
ECOMM-43473,207.0,4870.08,6,30,Basic,Credit Card,USA,Desktop,Yes
ECOMM-46562,127.0,3329.91,5,40,Premium,Crypto,Canada,Tablet,No
ECOMM-69974,134.0,2138.35,0,48,Free,Credit Card,UK,Tablet,No
ECOMM-44112,181.0,2427.0,0,31,Free,Crypto,Germany,Mobile,No
ECOMM-40525,142.0,388.15,0,34,Basic,PayPal,Germany,Mobile,No
ECOMM-24581,47.0,543.7,7,14,Free,Apple Pay,Canada,Desktop,Yes
ECOMM-88086,314.0,2206.43,2,35,Premium,PayPal,Germany,Tablet,No
ECOMM-11487,144.0,1366.22,6,2,Basic,Credit Card,USA,Mobile,No
ECOMM-13534,18.0,1584.26,9,35,Premium,Credit Card,Germany,Mobile,No
ECOMM-84593,238.0,1359.05,4,47,Premium,Credit Card,USA,Mobile,Yes
ECOMM-33475,109.0,1556.59,5,43,Basic,Credit Card,Germany,Mobile,Yes
ECOMM-14736,289.0,2148.38,6,17,Free,PayPal,USA,Mobile,Yes
ECOMM-86167,105.0,4637.27,5,41,Free,Credit Card,Canada,Tablet,No
ECOMM-86717,311.0,1369.67,1,38,Basic,PayPal,Canada,Tablet,No
ECOMM-99761,358.0,2669.65,6,34,Basic,Apple Pay,Australia,Mobile,Yes
ECOMM-73737,194.0,2298.81,2,7,Basic,Credit Card,Germany,Mobile,No
ECOMM-61384,183.0,1852.18,3,13,Free,Crypto,Germany,Desktop,No
ECOMM-10393,57.0,4298.59,9,17,Free,Apple Pay,Canada,Mobile,No
ECOMM-12322,66.0,437.5,8,25,Premium,PayPal,Australia,Tablet,No
ECOMM-52416,75.0,543.84,7,43,Basic,Credit Card,Australia,Desktop,Yes
ECOMM-95756,309.0,3487.41,6,17,Basic,PayPal,Germany,Tablet,Yes
ECOMM-38693,319.0,2729.11,7,24,Free,Credit Card,USA,Desktop,Yes
ECOMM-34161,137.0,22.6,7,25,Free,Apple Pay,USA,Mobile,No
ECOMM-64318,305.0,1306.82,1,11,Free,Credit Card,USA,Mobile,No
ECOMM-34763,141.0,4225.97,0,42,Premium,Credit Card,USA,Desktop,No
ECOMM-28672,58.0,29.57,9,25,Free,PayPal,Germany,Mobile,No
ECOMM-66635,123.0,622.64,9,21,Free,PayPal,USA,Mobile,No
ECOMM-74244,151.0,3526.75,9,37,Free,Credit Card,USA,Desktop,No
ECOMM-93271,55.0,1627.64,3,12,Premium,Apple Pay,USA,Mobile,No
ECOMM-75270,245.0,1884.91,7,7,Free,Credit Card,Canada,Tablet,Yes
ECOMM-20591,163.0,138.36,0,11,Basic,Credit Card,USA,Desktop,Yes
ECOMM-73510,271.0,2065.45,1,21,Free,Apple Pay,UK,Mobile,No
ECOMM-43627,200.0,3296.76,9,21,Free,PayPal,Australia,Desktop,Yes
ECOMM-13920,221.0,4309.84,2,13,Free,Apple Pay,Australia,Mobile,No
ECOMM-75632,165.0,810.26,1,36,Basic,PayPal,USA,Mobile,No
ECOMM-21254,216.0,145.47,6,26,Free,Credit Card,UK,Tablet,Yes
ECOMM-86098,139.0,2064.96,4,49,Premium,Crypto,Australia,Mobile,No
ECOMM-88045,125.0,4676.48,0,7,Basic,PayPal,Canada,Tablet,No
ECOMM-91333,84.0,2554.15,2,3,Basic,Crypto,Canada,Tablet,Yes
ECOMM-19477,310.0,3226.94,1,8,Basic,Crypto,Canada,Desktop,No
ECOMM-90375,313.0,443.54,9,0,Free,Apple Pay,UK,Desktop,Yes
ECOMM-78502,305.0,524.68,1,15,Free,PayPal,Germany,Mobile,No
ECOMM-97859,315.0,3552.72,0,30,Free,PayPal,Australia,Mobile,No
ECOMM-82024,95.0,4255.89,3,44,Free,Apple Pay,Australia,Desktop,Yes
ECOMM-62772,205.0,4134.51,2,2,Free,Apple Pay,USA,Desktop,Yes
ECOMM-27363,351.0,502.22,7,42,Free,Crypto,Canada,Mobile,No
ECOMM-56289,259.0,2644.2,0,14,Free,Crypto,UK,Tablet,Yes
ECOMM-79007,55.0,4524.66,1,31,Basic,Crypto,Australia,Mobile,No
ECOMM-41498,332.0,2946.14,9,16,Free,PayPal,Australia,Desktop,Yes
ECOMM-46630,211.0,3233.7,1,38,Premium,Apple Pay,Australia,Desktop,No
ECOMM-95058,59.0,2403.12,7,35,Free,Apple Pay,Germany,Desktop,No
ECOMM-52476,61.0,4126.45,8,45,Free,Crypto,USA,Tablet,No
ECOMM-64087,47.0,448.75,7,1,Premium,PayPal,Australia,Mobile,No
ECOMM-75674,83.0,899.94,3,31,Free,Apple Pay,UK,Tablet,No
ECOMM-95999,73.0,2390.4,2,49,Basic,Credit Card,Germany,Mobile,No
ECOMM-83985,364.0,2015.82,8,35,Basic,Apple Pay,USA,Mobile,Yes
ECOMM-43655,216.0,761.54,9,12,Free,PayPal,UK,Desktop,No
ECOMM-82155,255.0,3224.1,7,29,Free,Credit Card,UK,Desktop,Yes
ECOMM-56790,27.0,1491.32,2,36,Free,Apple Pay,USA,Desktop,No
ECOMM-56366,256.0,348.75,0,4,Premium,Apple Pay,Australia,Mobile,Yes
ECOMM-10160,268.0,3020.45,4,27,Free,PayPal,Germany,Mobile,No
ECOMM-10606,3.0,2933.68,1,21,Free,Crypto,USA,Desktop,No
ECOMM-76558,19.0,4140.14,6,3,Free,Credit Card,Germany,Mobile,No
ECOMM-34924,184.0,1991.59,3,43,Basic,PayPal,USA,Tablet,Yes
ECOMM-93465,10.0,950.25,1,18,Free,Crypto,Australia,Tablet,No
ECOMM-89680,134.0,2039.83,0,38,Free,Apple Pay,Canada,Tablet,No
ECOMM-14211,352.0,1659.14,6,7,Premium,Apple Pay,Germany,Desktop,No
ECOMM-91213,344.0,2911.7,8,7,Free,Apple Pay,USA,Mobile,No
ECOMM-98441,129.0,1047.94,9,44,Free,Apple Pay,Australia,Desktop,Yes
ECOMM-17882,363.0,1194.84,8,19,Free,Apple Pay,Canada,Desktop,Yes
ECOMM-71640,204.0,4554.62,2,14,Free,Crypto,Australia,Tablet,No
ECOMM-82605,190.0,4169.64,4,47,Premium,Crypto,Canada,Desktop,No
ECOMM-56170,176.0,1280.17,8,34,Free,Crypto,USA,Tablet,Yes
ECOMM-81804,284.0,16.35,9,33,Free,PayPal,UK,Mobile,Yes
ECOMM-92385,236.0,2369.49,4,18,Basic,Apple Pay,Germany,Mobile,Yes
ECOMM-11345,213.0,4167.81,6,49,Free,Crypto,Australia,Mobile,Yes
ECOMM-99618,343.0,2943.69,7,8,Basic,Credit Card,Australia,Mobile,Yes
ECOMM-50019,109.0,2920.69,5,8,Basic,Apple Pay,Canada,Tablet,Yes
ECOMM-83428,203.0,1641.48,3,26,Free,Apple Pay,USA,Mobile,No
ECOMM-59123,30.0,2836.09,8,37,Free,PayPal,UK,Desktop,No
ECOMM-46086,118.0,2117.7,1,20,Free,Credit Card,Germany,Mobile,No
ECOMM-56648,254.0,1846.08,5,39,Free,Apple Pay,Canada,Tablet,No
ECOMM-33517,15.0,4615.49,5,30,Premium,Apple Pay,Australia,Desktop,No
ECOMM-32460,190.0,2403.09,4,43,Free,Credit Card,USA,Mobile,Yes
ECOMM-61586,235.0,3840.41,3,14,Premium,Crypto,UK,Tablet,Yes
ECOMM-16452,33.0,1344.74,7,24,Free,PayPal,Germany,Desktop,No
ECOMM-94877,154.0,2514.06,4,45,Basic,Credit Card,Australia,Desktop,No
ECOMM-68405,18.0,1525.93,6,15,Free,PayPal,UK,Tablet,No
ECOMM-70724,348.0,1640.49,9,38,Free,Credit Card,Australia,Tablet,Yes
ECOMM-95078,345.0,854.66,5,13,Basic,Crypto,Germany,Desktop,Yes
ECOMM-46025,214.0,4223.58,3,9,Premium,Credit Card,Germany,Desktop,Yes
ECOMM-15598,40.0,1734.41,1,41,Premium,PayPal,Canada,Desktop,No
ECOMM-78617,231.0,149.02,1,20,Free,PayPal,Canada,Tablet,No
ECOMM-42399,284.0,445.4,9,23,Free,Apple Pay,Australia,Tablet,Yes
ECOMM-93604,234.0,2830.56,7,13,Basic,PayPal,USA,Mobile,No
ECOMM-71099,285.0,856.15,8,2,Premium,Crypto,Australia,Tablet,No
ECOMM-60378,198.0,4594.93,5,42,Premium,Apple Pay,Canada,Tablet,No
ECOMM-76971,324.0,4145.53,3,49,Basic,Credit Card,Australia,Tablet,No
ECOMM-33976,142.0,4403.3,8,28,Premium,PayPal,Australia,Desktop,No
ECOMM-46058,363.0,2458.81,9,31,Free,Crypto,Germany,Desktop,Yes
ECOMM-75115,168.0,1381.26,0,28,Premium,Credit Card,Canada,Tablet,No
ECOMM-82039,358.0,1127.5,3,43,Basic,PayPal,Canada,Tablet,No
ECOMM-80142,249.0,3060.72,1,43,Free,Crypto,Germany,Tablet,No
ECOMM-28811,143.0,4042.72,0,0,Free,PayPal,Australia,Desktop,No
ECOMM-89755,87.0,238.32,4,39,Free,Credit Card,Canada,Tablet,No
ECOMM-69403,327.0,2089.05,2,2,Free,Apple Pay,Canada,Desktop,Yes
ECOMM-19027,67.0,3064.65,0,15,Free,Crypto,Canada,Tablet,No
ECOMM-92104,345.0,4695.59,7,32,Basic,Crypto,USA,Mobile,Yes
ECOMM-84644,328.0,2087.68,4,1,Basic,Crypto,USA,Mobile,Yes
ECOMM-79358,230.0,2766.73,1,19,Basic,Apple Pay,Australia,Mobile,No
ECOMM-73393,249.0,4342.99,8,43,Basic,Credit Card,Germany,Tablet,No
ECOMM-27018,210.0,1798.31,0,2,Basic,Apple Pay,USA,Mobile,Yes
ECOMM-13225,318.0,4763.52,6,41,Basic,Crypto,UK,Desktop,No
ECOMM-96831,56.0,3239.85,7,7,Basic,PayPal,Canada,Desktop,Yes
ECOMM-85319,134.0,1104.5,1,0,Free,PayPal,Australia,Mobile,Yes
ECOMM-14753,127.0,2820.74,2,18,Free,Crypto,USA,Mobile,No
ECOMM-59436,210.0,2207.81,3,8,Basic,PayPal,Canada,Mobile,No
ECOMM-15855,185.0,637.18,1,27,Free,Credit Card,Germany,Tablet,No
ECOMM-92958,220.0,629.23,2,18,Free,Credit Card,USA,Desktop,Yes
ECOMM-82343,110.0,2221.75,6,39,Free,Credit Card,UK,Desktop,No
ECOMM-82620,326.0,881.76,2,44,Free,PayPal,Australia,Tablet,Yes
ECOMM-27611,112.0,1662.54,8,0,Free,Credit Card,USA,Tablet,No
ECOMM-56309,320.0,2936.05,4,19,Premium,Crypto,USA,Mobile,No
ECOMM-26546,35.0,3898.86,4,1,Basic,Credit Card,USA,Tablet,No
ECOMM-82020,95.0,2265.36,4,23,Free,Credit Card,Canada,Mobile,No
ECOMM-30915,257.0,2849.34,4,23,Basic,Credit Card,Australia,Mobile,No
ECOMM-72805,353.0,313.12,3,5,Basic,PayPal,Germany,Desktop,Yes
ECOMM-86528,89.0,40.13,8,36,Free,Credit Card,USA,Mobile,No
ECOMM-86174,136.0,2111.88,4,18,Free,Credit Card,USA,Tablet,No
ECOMM-69417,342.0,3990.51,9,2,Basic,Credit Card,UK,Mobile,Yes
ECOMM-47114,222.0,3126.96,3,19,Basic,Credit Card,USA,Mobile,No
ECOMM-66841,240.0,3599.61,8,8,Free,PayPal,Canada,Mobile,No
ECOMM-71826,362.0,4013.65,2,46,Free,PayPal,Australia,Desktop,No
ECOMM-32562,351.0,350.82,7,24,Basic,PayPal,UK,Tablet,No
ECOMM-29488,149.0,229.85,1,31,Basic,PayPal,UK,Desktop,No
ECOMM-16519,212.0,4642.12,5,2,Basic,Credit Card,UK,Tablet,Yes
ECOMM-66616,234.0,2676.25,4,3,Free,PayPal,UK,Desktop,Yes
ECOMM-55741,296.0,2156.92,2,49,Basic,PayPal,Germany,Mobile,No
ECOMM-79463,360.0,736.22,3,25,Free,Credit Card,Australia,Desktop,No
ECOMM-19298,72.0,2276.06,2,39,Free,Crypto,Canada,Mobile,No
ECOMM-71549,230.0,1490.15,0,5,Basic,Credit Card,USA,Tablet,Yes
ECOMM-68982,125.0,1262.79,0,24,Premium,PayPal,UK,Desktop,No
ECOMM-45346,240.0,3750.73,1,40,Free,Apple Pay,Australia,Desktop,Yes
ECOMM-19983,73.0,171.79,8,49,Premium,Crypto,Canada,Desktop,No
ECOMM-86658,287.0,2436.3,4,40,Premium,Apple Pay,Germany,Desktop,No
ECOMM-90548,310.0,2585.39,9,7,Basic,Crypto,Australia,Desktop,Yes
ECOMM-94200,287.0,2721.65,1,40,Free,Credit Card,USA,Desktop,No
ECOMM-89996,290.0,3822.23,5,42,Premium,Crypto,Australia,Tablet,No
ECOMM-54574,346.0,2718.3,6,13,Basic,PayPal,USA,Mobile,Yes
ECOMM-50286,57.0,3190.24,7,6,Free,PayPal,UK,Mobile,No
ECOMM-25491,237.0,4303.09,6,7,Free,Apple Pay,UK,Mobile,Yes
ECOMM-77826,217.0,2246.11,0,25,Free,Credit Card,USA,Tablet,No
ECOMM-95103,92.0,3690.67,9,2,Basic,Credit Card,UK,Tablet,No
ECOMM-72892,262.0,3912.05,2,16,Basic,Crypto,Germany,Mobile,Yes
ECOMM-45710,23.0,798.64,0,33,Basic,Apple Pay,Australia,Desktop,No
ECOMM-94269,143.0,2391.1,0,18,Basic,Credit Card,Australia,Mobile,No
ECOMM-91513,30.0,4301.71,3,44,Premium,PayPal,Australia,Desktop,No
ECOMM-79806,107.0,2597.64,4,30,Basic,Apple Pay,Australia,Mobile,No
ECOMM-17935,351.0,3410.68,3,9,Free,Crypto,USA,Desktop,No
ECOMM-29923,290.0,4581.05,8,31,Basic,Apple Pay,UK,Tablet,Yes
ECOMM-65442,300.0,1535.3,2,14,Basic,Crypto,Germany,Desktop,Yes
ECOMM-22080,359.0,4672.1,1,22,Premium,Crypto,Australia,Mobile,Yes
ECOMM-19045,216.0,4435.4,6,9,Basic,Credit Card,UK,Desktop,Yes
ECOMM-58686,359.0,3580.76,5,10,Free,Credit Card,Australia,Mobile,Yes
ECOMM-65288,328.0,2309.46,5,25,Basic,Crypto,Germany,Mobile,No
ECOMM-87282,185.0,3150.73,1,21,Free,Credit Card,Canada,Mobile,No
ECOMM-49637,317.0,1259.05,1,35,Basic,PayPal,Canada,Tablet,No
ECOMM-50746,95.0,114.14,6,42,Premium,PayPal,USA,Mobile,No
ECOMM-37608,131.0,3922.62,7,15,Free,Credit Card,Canada,Tablet,Yes
ECOMM-54539,358.0,3571.36,0,29,Free,Credit Card,Germany,Desktop,Yes
ECOMM-17073,295.0,2914.72,4,39,Free,Credit Card,USA,Tablet,Yes
ECOMM-23885,231.0,2370.04,4,39,Free,Crypto,Germany,Tablet,Yes
ECOMM-34178,73.0,1228.12,5,3,Free,PayPal,UK,Desktop,No
ECOMM-88214,52.0,377.23,2,20,Basic,Credit Card,Australia,Mobile,No
ECOMM-51971,359.0,4453.4,1,39,Premium,Credit Card,UK,Desktop,Yes
ECOMM-16569,290.0,1487.88,3,33,Basic,Crypto,UK,Tablet,No
ECOMM-24745,116.0,462.25,6,6,Free,PayPal,Australia,Mobile,Yes
ECOMM-70053,51.0,3913.0,2,23,Free,PayPal,Germany,Mobile,No
ECOMM-64708,102.0,280.63,7,21,Free,Apple Pay,USA,Tablet,Yes
ECOMM-73518,39.0,1131.92,9,38,Basic,PayPal,USA,Desktop,No
ECOMM-60109,67.0,1209.32,6,37,Basic,Crypto,UK,Tablet,No
ECOMM-31025,146.0,2274.49,7,20,Basic,Credit Card,UK,Tablet,No
ECOMM-23848,203.0,954.41,3,26,Free,Crypto,USA,Mobile,No
ECOMM-89540,317.0,2141.75,3,5,Basic,PayPal,Canada,Mobile,No
ECOMM-31695,329.0,4991.92,7,46,Basic,Crypto,UK,Desktop,Yes
ECOMM-17994,97.0,2682.5,7,44,Free,Apple Pay,UK,Mobile,No
ECOMM-71992,202.0,3573.14,8,6,Free,PayPal,Australia,Mobile,Yes
ECOMM-13584,263.0,984.36,6,18,Free,Apple Pay,Germany,Mobile,No
ECOMM-94611,15.0,2853.44,4,40,Premium,Credit Card,Germany,Desktop,No
ECOMM-61374,164.0,3302.88,8,14,Free,Crypto,USA,Desktop,No
ECOMM-50604,20.0,740.96,4,14,Free,Crypto,USA,Tablet,Yes
ECOMM-97993,74.0,3025.33,3,45,Basic,Credit Card,UK,Tablet,No
ECOMM-73440,189.0,2378.55,4,32,Basic,Crypto,UK,Mobile,No
ECOMM-47179,23.0,543.25,1,15,Free,Apple Pay,Canada,Desktop,No
ECOMM-49429,324.0,4374.39,7,9,Basic,PayPal,USA,Mobile,No
ECOMM-74150,296.0,4582.97,6,48,Free,Credit Card,UK,Tablet,Yes
ECOMM-52101,213.0,3154.63,1,10,Basic,Apple Pay,Canada,Tablet,No
ECOMM-76237,112.0,1472.65,6,9,Free,Apple Pay,Canada,Mobile,No
ECOMM-90209,272.0,3437.43,8,7,Basic,Apple Pay,USA,Mobile,Yes
ECOMM-31652,234.0,1550.97,6,49,Premium,Apple Pay,USA,Tablet,No
ECOMM-75432,305.0,3189.18,1,44,Free,Apple Pay,USA,Desktop,No
ECOMM-43167,332.0,3013.51,2,8,Free,Crypto,Germany,Desktop,No
ECOMM-56614,48.0,1097.56,7,18,Free,Credit Card,Canada,Tablet,No
ECOMM-44671,10.0,823.95,9,45,Basic,Apple Pay,Canada,Desktop,No
ECOMM-51822,157.0,3620.49,7,6,Basic,Apple Pay,UK,Mobile,Yes
ECOMM-67047,42.0,4893.14,3,38,Free,Credit Card,USA,Desktop,No
ECOMM-53457,2.0,4439.89,3,38,Free,Crypto,Germany,Tablet,No
ECOMM-48710,138.0,707.19,5,36,Basic,Apple Pay,Germany,Desktop,No
ECOMM-53618,153.0,1806.41,9,28,Basic,Crypto,Australia,Desktop,No
ECOMM-41428,232.0,1441.16,3,30,Premium,Apple Pay,Germany,Mobile,No
ECOMM-97035,313.0,3017.22,8,43,Premium,PayPal,Australia,Mobile,Yes
ECOMM-94900,347.0,1394.51,1,5,Premium,PayPal,USA,Tablet,Yes
ECOMM-88381,287.0,2951.26,9,9,Basic,Apple Pay,Canada,Desktop,No
ECOMM-95575,346.0,2919.93,2,24,Free,Crypto,Germany,Desktop,No
ECOMM-15651,122.0,2594.83,9,6,Free,Apple Pay,USA,Mobile,No
ECOMM-12676,298.0,4046.91,2,31,Free,Apple Pay,USA,Desktop,No
ECOMM-58430,260.0,2866.93,3,11,Free,Apple Pay,UK,Desktop,Yes
ECOMM-33810,363.0,4893.01,4,24,Free,PayPal,USA,Tablet,No
ECOMM-15730,260.0,3373.55,4,45,Basic,Apple Pay,USA,Mobile,No
ECOMM-30483,14.0,4156.16,7,0,Basic,Crypto,UK,Mobile,No
ECOMM-98787,179.0,2332.03,0,6,Basic,Apple Pay,Australia,Tablet,No
ECOMM-13416,54.0,391.19,5,20,Premium,PayPal,Germany,Tablet,Yes
ECOMM-77095,38.0,2777.05,1,6,Basic,Apple Pay,Canada,Tablet,Yes
ECOMM-98711,314.0,3510.48,9,30,Free,Credit Card,Canada,Desktop,No
ECOMM-58931,338.0,814.17,6,49,Free,Apple Pay,Canada,Desktop,No
ECOMM-96277,112.0,382.7,0,43,Free,PayPal,Germany,Tablet,No
ECOMM-72693,209.0,3408.03,9,9,Free,PayPal,Canada,Desktop,Yes
ECOMM-19992,287.0,2913.21,3,7,Basic,Credit Card,Canada,Desktop,No
ECOMM-86084,65.0,1890.33,6,39,Free,PayPal,Canada,Desktop,Yes
ECOMM-44877,19.0,294.55,8,18,Free,Apple Pay,USA,Mobile,Yes
ECOMM-68278,246.0,4351.83,6,45,Free,Apple Pay,Australia,Desktop,No
ECOMM-49366,89.0,4634.46,6,34,Basic,Apple Pay,Australia,Desktop,No
ECOMM-15285,281.0,1565.46,5,33,Basic,Crypto,UK,Desktop,No
ECOMM-21911,361.0,827.13,2,43,Free,Apple Pay,Australia,Desktop,No
ECOMM-61647,41.0,4148.52,0,16,Free,Apple Pay,Canada,Desktop,No
ECOMM-43558,227.0,61.61,7,17,Free,Apple Pay,Germany,Mobile,Yes
ECOMM-97492,155.0,2897.62,3,13,Free,PayPal,UK,Tablet,No
ECOMM-38725,222.0,1529.44,5,25,Basic,PayPal,Australia,Desktop,Yes
ECOMM-67816,346.0,1736.55,1,37,Free,Credit Card,Germany,Tablet,Yes
ECOMM-44118,291.0,77.0,4,36,Free,PayPal,USA,Tablet,No
ECOMM-52106,214.0,2950.36,3,27,Free,Crypto,Canada,Desktop,No
ECOMM-27532,357.0,618.68,9,43,Basic,PayPal,Germany,Desktop,Yes
ECOMM-76408,286.0,1673.98,5,20,Premium,Apple Pay,USA,Tablet,No
ECOMM-94494,312.0,457.81,1,49,Premium,PayPal,Germany,Tablet,No
ECOMM-70552,56.0,2086.17,6,13,Premium,Apple Pay,Canada,Desktop,No
ECOMM-43744,334.0,3131.55,3,11,Free,Credit Card,Australia,Mobile,No
ECOMM-91747,98.0,1473.34,5,40,Premium,PayPal,Germany,Desktop,No
ECOMM-99403,230.0,1010.29,9,30,Premium,Apple Pay,Germany,Tablet,No
ECOMM-21442,351.0,1314.79,2,39,Premium,Credit Card,Australia,Tablet,No
ECOMM-98303,355.0,3318.14,8,9,Free,PayPal,Australia,Mobile,No
ECOMM-81088,30.0,3085.42,3,21,Basic,Credit Card,USA,Tablet,No
ECOMM-78143,217.0,2454.88,6,25,Premium,Crypto,Australia,Mobile,No
ECOMM-73804,326.0,2690.51,5,26,Free,Apple Pay,USA,Mobile,No
ECOMM-48739,210.0,1542.72,4,6,Basic,Apple Pay,Australia,Desktop,Yes
ECOMM-53131,24.0,1162.73,4,4,Free,Crypto,Australia,Desktop,No
ECOMM-15769,205.0,1999.57,1,6,Premium,PayPal,Australia,Desktop,No
ECOMM-29678,217.0,1079.76,5,19,Premium,Credit Card,Australia,Tablet,Yes
ECOMM-48621,257.0,2321.82,3,36,Free,PayPal,Germany,Tablet,No
ECOMM-65959,6.0,2352.49,7,3,Free,Apple Pay,Australia,Tablet,No
ECOMM-33725,81.0,374.62,8,28,Basic,Crypto,Canada,Desktop,No
ECOMM-32953,329.0,4930.33,9,43,Premium,Crypto,Germany,Desktop,No
ECOMM-58576,169.0,20.44,4,24,Free,Crypto,UK,Tablet,No
ECOMM-37798,195.0,4094.77,7,42,Basic,Credit Card,UK,Mobile,No
ECOMM-47262,63.0,2523.89,2,45,Basic,PayPal,Australia,Mobile,No
ECOMM-37621,196.0,1894.53,3,6,Premium,Credit Card,Australia,Mobile,Yes
ECOMM-41433,108.0,3733.31,2,38,Basic,PayPal,Germany,Desktop,No
ECOMM-26944,142.0,2415.56,5,13,Basic,PayPal,UK,Tablet,Yes
ECOMM-83709,179.0,1286.34,8,27,Free,Crypto,Australia,Tablet,No
ECOMM-75542,254.0,4216.31,7,10,Premium,Credit Card,Canada,Mobile,No
ECOMM-92792,2.0,1510.79,8,1,Basic,Crypto,Australia,Desktop,No
ECOMM-17001,243.0,180.53,5,19,Free,Apple Pay,Canada,Mobile,No
ECOMM-85698,357.0,3311.26,6,15,Premium,Apple Pay,UK,Mobile,Yes
ECOMM-38013,220.0,3863.0,3,32,Premium,Crypto,Canada,Tablet,No
ECOMM-36244,50.0,3540.05,3,24,Basic,Apple Pay,Germany,Desktop,No
ECOMM-32562,168.0,1194.27,0,35,Premium,Credit Card,USA,Tablet,No
ECOMM-47663,276.0,2472.46,7,37,Free,Credit Card,Canada,Mobile,Yes
ECOMM-37412,69.0,2928.9,4,13,Free,Credit Card,UK,Tablet,Yes
ECOMM-41163,315.0,2371.04,3,3,Basic,Apple Pay,Australia,Tablet,Yes
ECOMM-77423,211.0,3683.5,4,13,Free,Apple Pay,USA,Desktop,Yes
ECOMM-94441,77.0,85.87,4,20,Free,Credit Card,UK,Mobile,Yes
ECOMM-22784,342.0,1270.54,9,33,Basic,Crypto,Australia,Desktop,Yes
ECOMM-24037,49.0,4812.09,7,13,Basic,Crypto,Germany,Desktop,No
ECOMM-50567,109.0,214.84,6,27,Free,Crypto,USA,Mobile,No
ECOMM-54523,231.0,1895.42,1,25,Basic,Crypto,USA,Desktop,No
ECOMM-90547,168.0,792.88,6,48,Basic,Crypto,Germany,Tablet,No
ECOMM-26024,151.0,3472.75,0,2,Free,Apple Pay,Canada,Tablet,No
ECOMM-10085,21.0,3912.88,9,35,Basic,Apple Pay,Germany,Tablet,No
ECOMM-56857,67.0,1185.39,3,4,Free,PayPal,USA,Mobile,No
ECOMM-39644,32.0,3653.52,9,11,Free,Credit Card,Canada,Tablet,Yes
ECOMM-37358,18.0,461.88,8,42,Free,Apple Pay,Canada,Mobile,No
ECOMM-20282,73.0,31.6,8,14,Premium,Apple Pay,UK,Desktop,No
ECOMM-16483,277.0,1011.89,9,34,Free,PayPal,Canada,Tablet,Yes
ECOMM-45123,230.0,2295.76,2,32,Free,Credit Card,UK,Tablet,No
ECOMM-91433,25.0,3307.63,6,21,Free,PayPal,USA,Tablet,No
ECOMM-91910,100.0,2203.28,0,34,Basic,Apple Pay,Germany,Tablet,No
ECOMM-33221,339.0,670.5,4,38,Free,Credit Card,Canada,Mobile,No
ECOMM-37418,346.0,150.43,1,29,Free,PayPal,Australia,Mobile,No
ECOMM-92933,286.0,3478.39,7,27,Free,Crypto,UK,Mobile,No
ECOMM-99198,152.0,1809.62,0,5,Free,Apple Pay,UK,Desktop,Yes
ECOMM-97853,273.0,2106.3,6,36,Free,Credit Card,Australia,Tablet,Yes
ECOMM-29751,228.0,1254.98,8,25,Free,PayPal,Australia,Desktop,Yes
ECOMM-40472,178.0,3167.0,0,37,Basic,Credit Card,UK,Tablet,No
ECOMM-86285,206.0,1069.89,5,43,Basic,Apple Pay,Australia,Tablet,No
ECOMM-88002,170.0,2722.59,5,43,Premium,Crypto,Canada,Tablet,Yes
ECOMM-84258,181.0,3556.63,9,45,Premium,PayPal,UK,Desktop,Yes
ECOMM-54040,68.0,1152.39,8,7,Basic,Credit Card,USA,Tablet,No
ECOMM-47844,146.0,2632.08,6,31,Free,Credit Card,Canada,Tablet,No
ECOMM-84232,217.0,3294.69,0,13,Free,Apple Pay,Canada,Desktop,No
ECOMM-79625,163.0,4009.93,3,18,Basic,Credit Card,Canada,Tablet,Yes
ECOMM-62405,75.0,4541.66,7,4,Free,PayPal,Australia,Tablet,No
ECOMM-52429,363.0,2964.31,3,33,Free,PayPal,Germany,Mobile,No
ECOMM-73026,114.0,2815.55,8,14,Free,Apple Pay,Canada,Tablet,No
ECOMM-70634,34.0,3929.08,0,40,Basic,Apple Pay,USA,Mobile,No
ECOMM-17383,165.0,1164.98,2,13,Free,PayPal,USA,Tablet,No
ECOMM-55332,352.0,2336.07,2,43,Premium,PayPal,Canada,Tablet,No
ECOMM-68467,233.0,1370.06,9,48,Premium,Apple Pay,Canada,Tablet,Yes
ECOMM-53323,93.0,1157.73,3,26,Free,Apple Pay,Australia,Mobile,No
ECOMM-90372,337.0,3707.59,3,31,Basic,Crypto,Australia,Desktop,No
ECOMM-85946,291.0,144.3,5,6,Free,PayPal,Australia,Desktop,Yes
ECOMM-31811,347.0,2342.21,3,26,Basic,Credit Card,Australia,Desktop,No
ECOMM-99766,85.0,2885.46,7,43,Premium,Credit Card,Australia,Tablet,No
ECOMM-60475,165.0,3219.77,4,41,Basic,Apple Pay,Canada,Desktop,No
ECOMM-46056,143.0,4165.65,5,40,Basic,PayPal,Germany,Mobile,No
ECOMM-40351,343.0,3992.74,9,24,Basic,Crypto,Australia,Tablet,Yes
ECOMM-23076,260.0,923.16,3,38,Free,Credit Card,USA,Desktop,No
ECOMM-28819,76.0,1400.72,8,31,Basic,Crypto,USA,Desktop,No
ECOMM-52778,337.0,3891.44,1,41,Free,Apple Pay,Germany,Desktop,No
ECOMM-87760,117.0,4962.65,0,17,Basic,Crypto,Canada,Mobile,No
ECOMM-38527,159.0,1020.43,7,5,Free,PayPal,Canada,Mobile,No
ECOMM-69813,119.0,4925.13,9,23,Premium,Crypto,USA,Tablet,No
ECOMM-60435,222.0,853.45,7,48,Basic,PayPal,Canada,Tablet,Yes
ECOMM-66075,51.0,2557.24,1,9,Basic,Crypto,USA,Tablet,Yes
ECOMM-21988,127.0,620.12,0,30,Free,Crypto,USA,Desktop,No
ECOMM-85356,356.0,3780.6,2,11,Basic,Apple Pay,UK,Mobile,Yes
ECOMM-87481,77.0,1023.89,9,47,Basic,Crypto,USA,Desktop,No
ECOMM-81818,127.0,1947.7,0,21,Basic,Credit Card,Australia,Desktop,No
ECOMM-93582,343.0,1070.02,1,43,Basic,PayPal,Canada,Desktop,Yes
ECOMM-74950,167.0,990.79,2,33,Basic,Apple Pay,Canada,Mobile,Yes
ECOMM-48596,342.0,489.44,2,11,Free,Credit Card,Australia,Mobile,Yes
ECOMM-56810,221.0,472.99,6,1,Basic,Apple Pay,Australia,Tablet,Yes
ECOMM-53806,356.0,4869.67,3,10,Basic,Apple Pay,Germany,Tablet,No
ECOMM-84035,315.0,4035.21,5,12,Free,Apple Pay,Germany,Mobile,Yes
ECOMM-10579,357.0,3284.8,8,5,Premium,Crypto,Australia,Tablet,No
ECOMM-84763,243.0,2806.62,0,6,Free,Apple Pay,Canada,Tablet,No
ECOMM-72554,329.0,860.97,3,41,Free,Apple Pay,UK,Desktop,No
ECOMM-38430,276.0,703.41,1,27,Basic,Apple Pay,Canada,Desktop,No
ECOMM-79886,205.0,4264.36,1,5,Basic,Credit Card,Australia,Tablet,Yes
ECOMM-21596,6.0,4215.59,1,18,Free,Credit Card,USA,Tablet,No
ECOMM-61037,113.0,1362.71,9,46,Free,Crypto,USA,Tablet,No
ECOMM-86620,152.0,1578.85,3,32,Free,Crypto,USA,Desktop,No
ECOMM-49154,143.0,540.48,2,19,Free,Apple Pay,Germany,Desktop,No
ECOMM-33906,270.0,790.37,3,23,Basic,Credit Card,Australia,Desktop,No
ECOMM-94864,107.0,2882.91,3,9,Basic,Crypto,UK,Tablet,No
ECOMM-77840,313.0,994.29,2,6,Free,Apple Pay,Canada,Desktop,Yes
ECOMM-44911,116.0,843.8,0,46,Free,Apple Pay,UK,Tablet,No
ECOMM-57784,202.0,3370.62,5,10,Free,PayPal,Canada,Tablet,No
ECOMM-92003,279.0,4207.68,8,33,Basic,Credit Card,USA,Tablet,Yes
ECOMM-80855,85.0,1125.72,7,2,Free,Apple Pay,Germany,Tablet,No
ECOMM-32648,343.0,1797.14,0,32,Premium,Crypto,USA,Mobile,No
ECOMM-11848,193.0,3520.76,6,41,Free,Credit Card,USA,Desktop,Yes
ECOMM-65268,208.0,1219.92,6,36,Free,Crypto,UK,Tablet,No
ECOMM-84857,114.0,1655.89,4,43,Free,PayPal,UK,Tablet,No
ECOMM-27016,260.0,411.77,7,23,Free,Crypto,UK,Tablet,Yes
ECOMM-91690,77.0,2729.47,7,26,Free,PayPal,UK,Mobile,Yes
ECOMM-34887,100.0,4750.75,5,19,Basic,Credit Card,UK,Mobile,Yes
ECOMM-29483,42.0,2254.34,6,11,Basic,Crypto,UK,Mobile,Yes
ECOMM-57740,326.0,3630.3,5,21,Free,Crypto,USA,Mobile,Yes
ECOMM-11976,88.0,3837.92,4,6,Free,Crypto,Australia,Desktop,Yes
ECOMM-73140,194.0,119.0,1,25,Premium,Credit Card,Canada,Tablet,Yes
ECOMM-22751,247.0,2207.78,5,11,Free,Apple Pay,Canada,Mobile,No
ECOMM-89057,242.0,615.77,8,31,Free,Credit Card,UK,Desktop,Yes
ECOMM-59205,197.0,1390.65,9,44,Premium,Credit Card,UK,Mobile,Yes
ECOMM-44384,315.0,4361.07,3,20,Premium,Credit Card,Canada,Mobile,No
ECOMM-58968,104.0,771.89,0,20,Basic,Apple Pay,USA,Mobile,Yes
ECOMM-68672,116.0,4274.27,1,13,Free,Crypto,UK,Desktop,No
ECOMM-71159,194.0,134.67,3,25,Premium,PayPal,Germany,Tablet,No
ECOMM-46706,69.0,2219.43,0,42,Free,Credit Card,Germany,Tablet,No
ECOMM-47656,293.0,2590.36,2,40,Free,Credit Card,UK,Mobile,No
ECOMM-70308,203.0,132.67,7,20,Free,Apple Pay,Canada,Tablet,Yes
ECOMM-12777,294.0,4513.01,0,12,Premium,Credit Card,Canada,Mobile,No
ECOMM-62464,298.0,3031.62,1,40,Free,Apple Pay,UK,Desktop,No
ECOMM-32553,238.0,2571.96,8,18,Free,Apple Pay,Australia,Tablet,Yes
ECOMM-56748,313.0,3087.62,7,44,Basic,Apple Pay,UK,Desktop,No
ECOMM-31949,116.0,1084.57,0,9,Free,Crypto,USA,Desktop,No
ECOMM-74342,19.0,3254.56,1,27,Premium,PayPal,Australia,Mobile,No
ECOMM-42363,114.0,3119.4,6,41,Free,PayPal,USA,Desktop,No
ECOMM-61907,289.0,3834.71,8,29,Basic,Credit Card,Canada,Tablet,No
ECOMM-36955,312.0,3859.45,6,34,Basic,Credit Card,Australia,Desktop,Yes
ECOMM-12455,101.0,3102.46,3,22,Free,Crypto,Canada,Tablet,No
ECOMM-10589,242.0,2321.35,0,45,Free,Apple Pay,USA,Mobile,No
ECOMM-79031,39.0,787.25,5,34,Basic,Crypto,USA,Tablet,No
ECOMM-12828,227.0,2870.49,9,9,Free,Credit Card,USA,Desktop,No
ECOMM-18501,109.0,26.43,5,2,Free,Credit Card,UK,Mobile,No
ECOMM-88614,155.0,4426.62,2,25,Basic,Apple Pay,Germany,Tablet,No
ECOMM-53455,45.0,2822.75,5,9,Free,PayPal,USA,Mobile,Yes
ECOMM-78436,80.0,1626.42,6,0,Basic,Crypto,UK,Tablet,Yes
ECOMM-33853,136.0,3449.58,3,15,Free,Crypto,USA,Tablet,No
ECOMM-46655,88.0,1786.19,7,14,Free,PayPal,UK,Desktop,No
ECOMM-44143,177.0,2534.63,5,48,Free,Credit Card,Australia,Tablet,No
ECOMM-48029,318.0,1745.03,9,46,Premium,Crypto,Australia,Tablet,Yes
ECOMM-14502,336.0,4060.16,1,21,Free,Apple Pay,UK,Tablet,Yes
ECOMM-52693,335.0,1787.83,5,24,Basic,Apple Pay,Germany,Mobile,Yes
ECOMM-70731,319.0,815.3,0,31,Basic,Crypto,USA,Mobile,No
ECOMM-52011,262.0,626.82,7,26,Free,PayPal,UK,Mobile,Yes
ECOMM-60755,274.0,4326.49,5,47,Free,Crypto,Germany,Tablet,Yes
ECOMM-91500,1.0,4316.24,2,17,Premium,PayPal,Canada,Mobile,No
ECOMM-23693,36.0,1788.96,5,44,Free,Credit Card,UK,Desktop,Yes
ECOMM-17107,148.0,1989.24,6,17,Free,PayPal,Australia,Mobile,Yes
ECOMM-67567,164.0,3616.09,6,30,Free,Apple Pay,UK,Tablet,Yes
ECOMM-56556,113.0,2060.18,6,33,Basic,PayPal,Canada,Desktop,No
ECOMM-61961,121.0,2267.01,9,6,Free,Credit Card,Australia,Tablet,Yes
ECOMM-16633,142.0,2272.71,2,29,Premium,Credit Card,USA,Tablet,No
ECOMM-74051,356.0,2618.5,5,34,Free,Crypto,UK,Mobile,Yes
ECOMM-51651,142.0,1839.12,1,35,Free,Credit Card,UK,Mobile,No
ECOMM-22404,333.0,982.32,7,36,Basic,Credit Card,UK,Tablet,Yes
ECOMM-60235,46.0,2333.34,2,31,Basic,Crypto,Australia,Mobile,No
ECOMM-17898,333.0,4231.94,2,5,Free,Credit Card,Germany,Desktop,Yes
ECOMM-66606,234.0,4182.76,3,32,Basic,Credit Card,Australia,Mobile,No
ECOMM-23149,306.0,1355.9,2,27,Free,Apple Pay,Germany,Desktop,No
ECOMM-41663,110.0,3440.25,8,43,Free,Credit Card,Australia,Mobile,No
ECOMM-86374,273.0,1022.06,0,29,Free,PayPal,Germany,Tablet,No
ECOMM-59514,269.0,2059.6,2,34,Premium,Apple Pay,Australia,Tablet,No
ECOMM-27853,259.0,3708.27,4,45,Basic,Crypto,Germany,Desktop,No
ECOMM-98173,233.0,1270.44,6,19,Basic,Credit Card,Australia,Tablet,No
ECOMM-35271,192.0,3642.2,8,13,Basic,PayPal,USA,Desktop,No
ECOMM-82862,325.0,4211.29,0,30,Free,Crypto,Germany,Mobile,No
ECOMM-50624,212.0,2172.06,0,42,Premium,Credit Card,USA,Desktop,No
ECOMM-47274,245.0,478.4,7,23,Premium,Apple Pay,Australia,Desktop,Yes
ECOMM-23345,175.0,4207.62,6,26,Basic,Apple Pay,Germany,Tablet,No
ECOMM-44620,37.0,643.57,6,0,Basic,Apple Pay,Germany,Tablet,No
ECOMM-54930,185.0,3237.33,2,47,Basic,Apple Pay,Australia,Mobile,No
ECOMM-64792,310.0,3896.62,8,2,Basic,Apple Pay,UK,Mobile,No
ECOMM-61451,59.0,3789.36,5,37,Premium,Credit Card,Canada,Tablet,No
ECOMM-43439,313.0,3803.06,9,22,Free,Apple Pay,Canada,Desktop,No
ECOMM-33015,89.0,582.17,2,30,Free,Crypto,UK,Desktop,Yes
ECOMM-80609,50.0,135.59,4,21,Premium,Crypto,USA,Desktop,No
ECOMM-79918,86.0,1586.38,7,6,Free,PayPal,Germany,Tablet,No
ECOMM-69973,350.0,3381.37,3,12,Free,Apple Pay,Germany,Mobile,No
ECOMM-93555,125.0,4567.73,1,11,Basic,Crypto,UK,Mobile,No
ECOMM-35756,320.0,52.59,0,36,Basic,PayPal,UK,Mobile,No
ECOMM-49084,170.0,4165.32,3,22,Free,Credit Card,Germany,Mobile,No
ECOMM-62548,163.0,2286.15,7,49,Basic,Crypto,Germany,Desktop,No
ECOMM-45004,162.0,3290.33,8,36,Free,Crypto,USA,Tablet,No
ECOMM-67787,113.0,2386.12,4,37,Free,Apple Pay,UK,Tablet,Yes
ECOMM-53932,334.0,1008.43,0,31,Free,Credit Card,UK,Desktop,No
ECOMM-94374,241.0,2132.72,7,6,Premium,Crypto,Australia,Desktop,Yes
ECOMM-91493,60.0,579.93,6,26,Premium,Credit Card,Germany,Desktop,No
ECOMM-12587,344.0,4333.55,6,49,Premium,Apple Pay,Canada,Tablet,No
ECOMM-68898,158.0,1864.24,6,15,Free,Apple Pay,UK,Mobile,Yes
ECOMM-88423,8.0,4713.76,1,3,Free,Apple Pay,Germany,Mobile,No
ECOMM-10765,92.0,1596.48,1,7,Free,PayPal,Canada,Tablet,No
ECOMM-23110,355.0,759.77,4,11,Free,Crypto,UK,Tablet,Yes
ECOMM-78532,353.0,3372.31,9,30,Free,Crypto,Australia,Mobile,Yes
ECOMM-72552,106.0,2972.77,0,48,Premium,Crypto,Canada,Mobile,No
ECOMM-44831,185.0,2519.98,6,19,Free,Crypto,UK,Desktop,Yes
ECOMM-98672,198.0,4905.62,2,5,Free,PayPal,Canada,Tablet,Yes
ECOMM-31223,218.0,4114.72,7,36,Premium,Apple Pay,Canada,Mobile,No
ECOMM-41658,236.0,1785.49,3,3,Basic,Apple Pay,USA,Mobile,No
ECOMM-86594,350.0,4929.84,2,48,Free,Apple Pay,Germany,Desktop,No
ECOMM-97138,101.0,1436.27,7,35,Basic,Crypto,Canada,Desktop,No
ECOMM-67803,251.0,4767.81,2,46,Basic,Crypto,Canada,Mobile,No
ECOMM-38502,86.0,3040.9,6,38,Basic,Apple Pay,Germany,Desktop,No
ECOMM-43854,187.0,4359.9,3,17,Premium,Credit Card,Germany,Tablet,No
ECOMM-87188,216.0,235.27,5,17,Free,Crypto,Germany,Tablet,Yes
ECOMM-12763,133.0,749.99,4,29,Free,PayPal,USA,Mobile,No
ECOMM-34809,156.0,4397.67,9,48,Free,Credit Card,Canada,Mobile,No
ECOMM-13400,282.0,1927.28,3,26,Basic,Credit Card,USA,Mobile,No
ECOMM-83267,238.0,3010.14,1,5,Free,Credit Card,Germany,Desktop,No
ECOMM-75778,149.0,3780.22,1,20,Free,Crypto,Germany,Mobile,No
ECOMM-71890,114.0,1711.63,3,18,Free,Credit Card,USA,Mobile,No
ECOMM-14966,276.0,2281.63,5,46,Free,PayPal,Australia,Tablet,No
ECOMM-61497,137.0,458.72,9,43,Premium,Credit Card,Australia,Mobile,No
ECOMM-72944,73.0,734.16,6,13,Free,Apple Pay,Australia,Desktop,No
ECOMM-38405,35.0,3672.51,1,26,Premium,PayPal,Canada,Desktop,No
ECOMM-85913,9.0,2795.47,0,19,Free,Crypto,USA,Mobile,No
ECOMM-38997,149.0,4545.89,7,19,Free,PayPal,UK,Desktop,No
ECOMM-74440,115.0,3111.18,6,9,Free,Credit Card,Australia,Mobile,No
ECOMM-18849,361.0,2802.5,1,11,Premium,Crypto,UK,Tablet,No
ECOMM-95351,262.0,1718.19,9,40,Premium,Credit Card,UK,Mobile,No
ECOMM-95086,245.0,3702.76,8,10,Basic,PayPal,UK,Mobile,Yes
ECOMM-86029,362.0,4017.65,2,20,Free,PayPal,Canada,Mobile,No
ECOMM-83188,25.0,1168.19,8,1,Basic,Apple Pay,Canada,Desktop,No
ECOMM-25000,75.0,937.37,3,14,Free,Crypto,UK,Desktop,No
ECOMM-26973,202.0,3249.58,1,3,Basic,Credit Card,Canada,Mobile,No
ECOMM-88850,297.0,1484.58,8,40,Free,Apple Pay,USA,Desktop,Yes
ECOMM-45809,113.0,2241.28,3,44,Free,PayPal,Canada,Desktop,No
ECOMM-28013,220.0,4584.91,3,34,Free,Apple Pay,Germany,Tablet,No
ECOMM-49563,165.0,1226.23,5,31,Free,PayPal,USA,Tablet,Yes
ECOMM-60621,172.0,1619.39,1,3,Basic,Credit Card,UK,Mobile,Yes
ECOMM-44225,340.0,1100.05,3,46,Free,PayPal,Canada,Desktop,No
ECOMM-30879,334.0,17.83,7,8,Free,Apple Pay,Canada,Tablet,No
ECOMM-64898,239.0,3073.77,8,31,Premium,Crypto,UK,Tablet,Yes
ECOMM-91885,201.0,2479.0,5,19,Premium,Apple Pay,Australia,Desktop,No
ECOMM-25660,193.0,2446.12,6,48,Free,Crypto,Germany,Mobile,Yes
ECOMM-41261,202.0,1919.24,7,20,Free,Apple Pay,Canada,Mobile,Yes
ECOMM-70641,77.0,1739.42,8,37,Free,Crypto,Germany,Tablet,No
ECOMM-92280,14.0,949.43,7,41,Free,PayPal,UK,Mobile,No
ECOMM-15892,97.0,1988.46,1,13,Premium,Crypto,Germany,Desktop,No
ECOMM-66073,227.0,663.37,9,43,Premium,Credit Card,UK,Tablet,No
ECOMM-19042,158.0,3582.39,7,24,Premium,Credit Card,UK,Tablet,No
ECOMM-85862,283.0,1719.02,4,28,Premium,Credit Card,USA,Mobile,No
ECOMM-10492,162.0,2324.7,9,12,Premium,Credit Card,Germany,Desktop,No
ECOMM-13028,213.0,3101.49,9,17,Basic,Apple Pay,Germany,Desktop,Yes
ECOMM-96602,207.0,4421.04,4,34,Basic,Credit Card,Germany,Desktop,No
ECOMM-79155,294.0,236.77,0,25,Basic,Credit Card,Germany,Tablet,No
ECOMM-52114,249.0,3530.48,6,18,Premium,PayPal,Canada,Mobile,Yes
ECOMM-82249,215.0,4546.88,3,24,Free,PayPal,UK,Desktop,No
ECOMM-87975,249.0,3204.89,2,10,Basic,PayPal,USA,Tablet,Yes
ECOMM-99738,256.0,2819.44,9,13,Free,Crypto,Australia,Tablet,Yes
ECOMM-79965,11.0,3271.59,7,4,Free,Credit Card,Australia,Desktop,No
ECOMM-82908,103.0,2591.54,9,0,Free,Apple Pay,Canada,Desktop,No
ECOMM-74440,326.0,3422.11,5,38,Free,PayPal,Canada,Desktop,Yes
ECOMM-87131,56.0,2688.11,0,13,Free,Crypto,USA,Tablet,No
ECOMM-40838,84.0,1309.04,9,13,Basic,Crypto,UK,Desktop,No
ECOMM-83055,206.0,2357.46,4,45,Basic,PayPal,Australia,Mobile,No
ECOMM-99271,335.0,1622.52,2,5,Basic,Crypto,USA,Mobile,No
ECOMM-50004,267.0,4206.92,8,1,Premium,Credit Card,UK,Mobile,No
ECOMM-36736,91.0,1497.95,3,2,Premium,Apple Pay,Australia,Mobile,No
ECOMM-58079,200.0,3017.95,5,28,Free,Credit Card,USA,Mobile,Yes
ECOMM-67393,254.0,2732.63,8,1,Free,Apple Pay,Canada,Tablet,No
ECOMM-34803,65.0,3227.58,3,24,Basic,Apple Pay,USA,Desktop,No
ECOMM-64106,243.0,3714.56,0,18,Free,PayPal,USA,Desktop,No
ECOMM-20672,294.0,499.03,9,23,Basic,Credit Card,Canada,Desktop,No
ECOMM-47834,144.0,4213.95,5,28,Basic,Crypto,UK,Mobile,No
ECOMM-71660,65.0,2529.06,2,9,Free,Crypto,Canada,Mobile,No
ECOMM-43361,119.0,984.96,4,44,Basic,Credit Card,Germany,Mobile,No
ECOMM-39149,152.0,3510.39,8,23,Basic,Apple Pay,Canada,Tablet,Yes
ECOMM-80199,21.0,3794.19,1,34,Free,PayPal,Canada,Desktop,No
ECOMM-63759,314.0,4536.45,7,1,Basic,PayPal,Germany,Desktop,Yes
ECOMM-19770,207.0,3801.12,5,25,Basic,Credit Card,USA,Mobile,No
ECOMM-98916,75.0,2125.7,2,4,Free,Apple Pay,Canada,Desktop,Yes
ECOMM-15271,345.0,1859.98,5,43,Free,Credit Card,Germany,Desktop,No
ECOMM-65913,111.0,902.48,7,4,Free,Crypto,Canada,Desktop,No
ECOMM-37557,361.0,1602.93,7,44,Free,PayPal,USA,Tablet,Yes
ECOMM-98051,349.0,4640.74,8,43,Basic,Apple Pay,UK,Desktop,No
ECOMM-21420,308.0,646.51,1,40,Basic,PayPal,Germany,Tablet,No
ECOMM-30729,181.0,1951.13,5,49,Basic,PayPal,UK,Mobile,No
ECOMM-42970,342.0,132.68,0,1,Free,Apple Pay,Canada,Mobile,Yes
ECOMM-12580,96.0,2644.28,3,13,Basic,PayPal,Australia,Mobile,Yes
ECOMM-14338,279.0,400.42,8,26,Basic,PayPal,Germany,Desktop,Yes
ECOMM-10050,2.0,3299.59,5,6,Basic,Credit Card,Germany,Tablet,Yes
ECOMM-35624,332.0,3016.99,2,30,Basic,Credit Card,Canada,Tablet,No
ECOMM-88914,185.0,4183.37,4,13,Free,Apple Pay,Canada,Tablet,No
ECOMM-16010,185.0,3456.51,6,28,Free,Crypto,UK,Mobile,Yes
ECOMM-86153,316.0,471.76,4,23,Free,Credit Card,USA,Tablet,No
ECOMM-79926,60.0,4951.99,0,30,Free,Apple Pay,UK,Mobile,No
ECOMM-96163,94.0,4802.84,0,14,Free,PayPal,UK,Desktop,No
ECOMM-81562,321.0,3445.54,8,24,Free,Credit Card,Australia,Mobile,Yes
ECOMM-64147,221.0,4315.77,4,20,Premium,PayPal,UK,Desktop,No
ECOMM-43549,64.0,190.45,7,20,Free,Crypto,Australia,Tablet,Yes
ECOMM-36126,18.0,1515.27,5,15,Free,Credit Card,Australia,Desktop,No
ECOMM-96987,13.0,4454.65,6,7,Free,PayPal,Germany,Tablet,No
ECOMM-29897,2.0,996.31,5,12,Free,PayPal,USA,Tablet,Yes
ECOMM-65494,9.0,4347.51,9,31,Basic,Credit Card,Canada,Mobile,No
ECOMM-43191,202.0,2438.99,2,28,Basic,Credit Card,Australia,Tablet,No
ECOMM-46020,358.0,2325.51,8,24,Free,Credit Card,Germany,Tablet,No
ECOMM-72265,41.0,1837.52,0,41,Free,PayPal,Australia,Desktop,No
ECOMM-85958,73.0,997.32,2,29,Premium,Crypto,USA,Tablet,No
ECOMM-88431,356.0,4648.95,0,30,Basic,Credit Card,USA,Mobile,No
ECOMM-93003,60.0,4710.11,3,24,Basic,PayPal,Germany,Tablet,No
ECOMM-68521,235.0,2779.99,4,22,Premium,Crypto,Australia,Tablet,No
ECOMM-50111,286.0,1902.73,8,0,Free,Crypto,Germany,Mobile,Yes
ECOMM-88972,180.0,4108.63,4,22,Basic,PayPal,Australia,Desktop,No
ECOMM-65694,303.0,2630.86,9,44,Free,Crypto,Australia,Desktop,Yes
ECOMM-96766,160.0,3653.84,2,5,Free,Crypto,Australia,Mobile,No
ECOMM-50062,197.0,3646.58,1,42,Basic,PayPal,USA,Tablet,No
ECOMM-75261,37.0,790.51,7,41,Free,PayPal,USA,Desktop,No
ECOMM-70059,126.0,4252.28,5,40,Premium,Crypto,Australia,Mobile,No
ECOMM-38907,263.0,2727.17,5,6,Free,Apple Pay,UK,Mobile,No
ECOMM-55258,147.0,4235.2,1,27,Free,Apple Pay,UK,Tablet,No
ECOMM-78043,352.0,4521.86,2,19,Free,Apple Pay,Canada,Tablet,No
ECOMM-83770,350.0,1808.71,4,0,Free,Credit Card,Germany,Desktop,No
ECOMM-28240,203.0,4439.53,5,44,Basic,Credit Card,USA,Mobile,Yes
ECOMM-76096,271.0,2069.33,6,16,Free,Apple Pay,UK,Desktop,Yes
ECOMM-98339,207.0,658.56,0,10,Free,PayPal,Canada,Desktop,No
ECOMM-85656,263.0,1463.45,4,46,Free,Credit Card,UK,Desktop,No
ECOMM-54775,73.0,3515.66,0,10,Basic,Apple Pay,Canada,Tablet,No
ECOMM-40240,263.0,3727.43,7,29,Free,PayPal,Australia,Desktop,No
ECOMM-79085,74.0,1655.41,6,41,Free,Credit Card,UK,Tablet,No
ECOMM-58393,162.0,4826.16,6,12,Basic,Credit Card,Germany,Mobile,No
ECOMM-65058,8.0,1440.97,2,38,Free,Credit Card,Germany,Tablet,No
ECOMM-32961,10.0,3829.39,0,7,Basic,Crypto,Australia,Tablet,No
ECOMM-75407,258.0,3443.93,0,41,Free,PayPal,Australia,Tablet,No
ECOMM-44927,158.0,1638.63,8,32,Premium,Credit Card,Canada,Mobile,No
ECOMM-81720,286.0,1169.32,8,42,Basic,Credit Card,USA,Desktop,No
ECOMM-49441,254.0,3887.21,9,9,Premium,Credit Card,Germany,Mobile,No
ECOMM-60716,221.0,2989.71,2,18,Free,Apple Pay,Canada,Mobile,No
ECOMM-39740,71.0,2186.13,0,5,Basic,Apple Pay,Australia,Mobile,No
ECOMM-60615,33.0,1659.55,6,41,Free,Apple Pay,USA,Mobile,No
ECOMM-34571,42.0,2604.27,1,40,Premium,Credit Card,USA,Mobile,Yes
ECOMM-10082,34.0,3461.85,0,21,Premium,PayPal,USA,Desktop,No
ECOMM-11952,101.0,2815.16,5,28,Basic,PayPal,UK,Desktop,No
ECOMM-37549,123.0,3606.83,1,37,Basic,Apple Pay,USA,Mobile,No
ECOMM-97813,237.0,4458.63,6,48,Premium,PayPal,Germany,Tablet,Yes
ECOMM-22747,245.0,1808.43,1,7,Free,PayPal,Germany,Mobile,No
ECOMM-74027,200.0,43.11,9,17,Free,Crypto,Australia,Desktop,Yes
ECOMM-90408,296.0,3793.55,0,18,Free,Crypto,Canada,Tablet,No
ECOMM-59410,253.0,362.98,1,17,Premium,Apple Pay,Canada,Mobile,No
ECOMM-79664,236.0,4847.32,7,25,Basic,PayPal,Canada,Tablet,Yes
ECOMM-89375,32.0,2630.11,1,0,Free,Apple Pay,Australia,Tablet,No
ECOMM-34452,32.0,4241.13,7,48,Free,Credit Card,Canada,Tablet,No
ECOMM-30808,198.0,1949.81,7,42,Basic,Credit Card,UK,Mobile,Yes
ECOMM-27208,152.0,145.56,1,7,Basic,Crypto,USA,Tablet,Yes
ECOMM-41013,70.0,4375.68,6,42,Free,Apple Pay,UK,Mobile,No
ECOMM-46686,42.0,3659.75,6,37,Basic,Credit Card,USA,Mobile,Yes
ECOMM-67842,122.0,1417.95,3,36,Basic,PayPal,USA,Tablet,No
ECOMM-62510,141.0,3716.62,3,29,Free,Apple Pay,Australia,Mobile,No
ECOMM-46445,47.0,4876.82,2,36,Free,PayPal,USA,Mobile,No
ECOMM-19769,328.0,26.56,6,42,Free,Apple Pay,UK,Tablet,Yes
ECOMM-25921,257.0,1321.72,2,14,Premium,Apple Pay,UK,Mobile,No
ECOMM-50563,302.0,4720.72,8,33,Free,Crypto,UK,Mobile,Yes
ECOMM-29781,341.0,2386.79,7,29,Free,Crypto,UK,Tablet,No
ECOMM-62270,231.0,735.81,8,21,Free,PayPal,USA,Tablet,No
ECOMM-78890,99.0,3417.21,5,13,Free,PayPal,USA,Tablet,No
ECOMM-28843,77.0,3355.29,7,0,Free,Apple Pay,Canada,Desktop,No
ECOMM-49262,11.0,256.47,8,20,Premium,Credit Card,Australia,Mobile,No
ECOMM-38162,38.0,4967.8,6,48,Premium,Apple Pay,UK,Mobile,No
ECOMM-71923,68.0,1020.21,4,18,Basic,PayPal,Australia,Desktop,Yes
ECOMM-88393,310.0,4291.36,4,49,Free,Crypto,Canada,Tablet,No
ECOMM-80704,162.0,831.4,9,7,Basic,Credit Card,Germany,Desktop,No
ECOMM-64715,183.0,146.97,9,32,Free,Apple Pay,Canada,Mobile,No
ECOMM-95069,322.0,2830.35,8,22,Free,Crypto,USA,Tablet,No
ECOMM-82142,30.0,3801.01,9,19,Basic,PayPal,Canada,Desktop,No
ECOMM-60018,7.0,132.66,4,21,Premium,Crypto,Canada,Mobile,Yes
ECOMM-20368,320.0,4940.36,5,13,Premium,Apple Pay,USA,Tablet,No
ECOMM-15163,97.0,4242.93,7,41,Basic,Credit Card,USA,Desktop,No
ECOMM-26107,198.0,3185.72,4,20,Premium,Apple Pay,USA,Tablet,No
ECOMM-72198,234.0,4662.41,2,39,Free,Credit Card,Australia,Tablet,No
ECOMM-85972,341.0,2341.25,4,28,Free,Credit Card,Germany,Tablet,Yes
ECOMM-22509,54.0,4339.67,3,17,Free,Credit Card,Canada,Mobile,No
ECOMM-62572,14.0,2727.57,2,36,Basic,Crypto,Germany,Tablet,No
ECOMM-94158,40.0,4152.99,2,38,Free,Crypto,USA,Desktop,No
ECOMM-62915,86.0,3576.12,3,20,Basic,Crypto,Germany,Mobile,No
ECOMM-42993,283.0,377.15,0,5,Basic,PayPal,Canada,Desktop,No
ECOMM-53245,121.0,2441.66,1,3,Free,Credit Card,USA,Mobile,No
ECOMM-88641,318.0,3425.47,8,44,Free,Credit Card,USA,Desktop,Yes
ECOMM-24858,43.0,1529.93,6,35,Premium,PayPal,UK,Mobile,No
ECOMM-30928,26.0,2517.02,1,2,Basic,Crypto,USA,Desktop,No
ECOMM-50921,66.0,245.17,6,47,Basic,Credit Card,Canada,Desktop,No
ECOMM-82223,226.0,2701.53,7,48,Free,PayPal,USA,Tablet,No
ECOMM-41466,201.0,529.47,1,13,Premium,PayPal,USA,Desktop,No
ECOMM-53980,58.0,1387.27,8,20,Free,Crypto,USA,Tablet,Yes
ECOMM-65697,115.0,117.76,7,4,Basic,Credit Card,Germany,Tablet,Yes
ECOMM-56400,277.0,3029.79,7,48,Basic,Credit Card,Australia,Tablet,Yes
ECOMM-74778,170.0,338.93,8,12,Premium,Crypto,Canada,Tablet,No
ECOMM-42183,169.0,4804.32,1,2,Basic,Apple Pay,UK,Desktop,No
ECOMM-52271,44.0,2099.85,0,4,Free,Crypto,Germany,Mobile,No
ECOMM-58538,262.0,2514.85,5,11,Free,Crypto,USA,Tablet,Yes
ECOMM-19405,353.0,175.1,5,12,Free,Crypto,Germany,Tablet,No
ECOMM-93827,30.0,4731.73,4,48,Basic,PayPal,UK,Mobile,No
ECOMM-55694,189.0,1086.21,3,0,Basic,Credit Card,USA,Desktop,Yes
ECOMM-50542,84.0,3923.9,4,11,Premium,Crypto,Germany,Desktop,No
ECOMM-82251,120.0,1746.01,5,33,Free,Credit Card,Canada,Tablet,No
ECOMM-96564,57.0,2508.58,3,30,Free,Credit Card,Germany,Desktop,No
ECOMM-97516,185.0,1490.51,3,32,Premium,Crypto,Canada,Desktop,Yes
ECOMM-72915,95.0,1834.2,7,1,Free,Apple Pay,Germany,Mobile,No
ECOMM-79862,247.0,3793.51,1,9,Free,PayPal,Canada,Tablet,No
ECOMM-77041,103.0,2272.58,5,34,Basic,Apple Pay,UK,Mobile,No
ECOMM-52254,160.0,580.03,9,9,Premium,Apple Pay,Australia,Desktop,Yes
ECOMM-92570,51.0,4470.18,0,28,Basic,Apple Pay,Germany,Mobile,No
ECOMM-58726,196.0,1423.3,0,27,Premium,Apple Pay,UK,Tablet,No
ECOMM-35007,332.0,2816.77,8,39,Basic,Apple Pay,UK,Mobile,No
ECOMM-85062,185.0,3575.3,5,3,Free,Apple Pay,Germany,Tablet,Yes
ECOMM-83807,139.0,1817.57,5,42,Premium,Apple Pay,Germany,Tablet,No
ECOMM-18620,241.0,2597.98,1,17,Basic,Crypto,Germany,Tablet,Yes
ECOMM-42468,205.0,4200.14,9,21,Free,PayPal,Germany,Desktop,Yes
ECOMM-70077,103.0,2867.33,9,18,Basic,Credit Card,Australia,Desktop,No
ECOMM-25164,148.0,2386.88,2,26,Premium,Apple Pay,Canada,Desktop,No
ECOMM-91267,280.0,3385.52,4,9,Premium,Credit Card,Australia,Desktop,No
ECOMM-24282,33.0,1854.36,0,31,Free,Credit Card,Australia,Mobile,No
ECOMM-39502,160.0,3373.66,1,1,Basic,PayPal,Germany,Tablet,No
ECOMM-14265,351.0,502.89,2,30,Basic,PayPal,Australia,Mobile,No
ECOMM-92556,311.0,3402.54,5,7,Basic,Crypto,Germany,Desktop,No
ECOMM-51082,309.0,3695.7,5,30,Basic,Apple Pay,Canada,Tablet,Yes
ECOMM-68074,132.0,4330.76,4,29,Free,PayPal,UK,Mobile,Yes
ECOMM-60826,301.0,2214.31,7,4,Premium,PayPal,USA,Tablet,Yes
ECOMM-58769,73.0,1152.3,2,13,Free,Crypto,Germany,Tablet,Yes
ECOMM-21567,321.0,2573.24,5,15,Free,PayPal,USA,Mobile,Yes
ECOMM-79863,100.0,246.37,1,2,Basic,PayPal,Canada,Mobile,No
ECOMM-10652,32.0,1014.7,6,30,Free,Apple Pay,USA,Desktop,No
ECOMM-97493,31.0,2800.81,2,35,Free,Apple Pay,USA,Desktop,No
ECOMM-74960,283.0,948.44,0,31,Basic,Credit Card,Australia,Desktop,No
ECOMM-87272,238.0,2293.97,7,39,Basic,Apple Pay,USA,Mobile,Yes
ECOMM-85283,289.0,2418.7,6,19,Basic,Crypto,Canada,Mobile,Yes
ECOMM-83431,88.0,1087.43,9,37,Free,Apple Pay,UK,Mobile,Yes
ECOMM-68622,227.0,2652.94,1,15,Free,Credit Card,UK,Desktop,No
ECOMM-47182,146.0,4187.4,0,29,Free,PayPal,Canada,Tablet,No
ECOMM-31240,208.0,1176.47,2,39,Basic,Credit Card,Australia,Mobile,No
ECOMM-64866,108.0,4963.37,0,26,Free,Crypto,Australia,Desktop,No
ECOMM-27527,331.0,2347.77,9,35,Free,Credit Card,Germany,Desktop,No
ECOMM-76411,95.0,4561.06,8,18,Premium,Apple Pay,USA,Mobile,No
ECOMM-63314,293.0,1306.24,1,4,Free,PayPal,UK,Mobile,No
ECOMM-33711,336.0,4972.86,7,31,Free,Apple Pay,Germany,Tablet,No
ECOMM-73533,316.0,2545.16,7,12,Premium,Crypto,Germany,Mobile,No
ECOMM-69344,356.0,468.84,5,19,Premium,Apple Pay,Australia,Mobile,No
ECOMM-61025,298.0,1548.27,9,42,Free,Crypto,Germany,Desktop,Yes
ECOMM-17142,277.0,2740.4,6,4,Free,Crypto,Germany,Tablet,Yes
ECOMM-59712,262.0,3727.47,1,5,Basic,Apple Pay,UK,Tablet,No
ECOMM-74033,334.0,2966.92,0,28,Free,Credit Card,UK,Desktop,No
ECOMM-29184,109.0,2467.92,8,32,Basic,Credit Card,USA,Desktop,No
ECOMM-60168,82.0,2514.12,2,37,Basic,Apple Pay,Australia,Desktop,Yes
ECOMM-70916,178.0,1768.19,8,29,Free,Apple Pay,Canada,Desktop,No
ECOMM-40964,4.0,4092.11,5,5,Free,PayPal,Australia,Mobile,Yes
ECOMM-13575,262.0,4382.91,6,5,Free,PayPal,Canada,Desktop,Yes
ECOMM-69000,122.0,3888.86,3,15,Basic,Crypto,UK,Tablet,No
ECOMM-43216,244.0,1914.66,2,28,Premium,Credit Card,Canada,Desktop,No
ECOMM-77114,68.0,2845.48,5,23,Free,PayPal,Australia,Mobile,No
ECOMM-34977,361.0,2602.01,7,5,Premium,Apple Pay,Germany,Mobile,No
ECOMM-14930,57.0,2109.94,8,11,Premium,PayPal,Canada,Desktop,No
ECOMM-25304,106.0,1793.29,0,14,Basic,Apple Pay,Canada,Tablet,Yes
ECOMM-30616,360.0,2320.22,8,0,Free,Apple Pay,Australia,Mobile,Yes
ECOMM-31912,45.0,4845.25,3,4,Premium,Apple Pay,UK,Tablet,No
ECOMM-71729,67.0,288.25,7,46,Free,Credit Card,UK,Desktop,No
ECOMM-97070,78.0,2527.18,5,9,Premium,PayPal,Australia,Tablet,No
ECOMM-30948,132.0,4493.58,8,5,Premium,Crypto,Canada,Mobile,No
ECOMM-23930,85.0,1556.29,6,36,Basic,PayPal,Canada,Tablet,No
ECOMM-69777,13.0,2178.28,6,46,Free,Crypto,Canada,Tablet,No
ECOMM-50831,273.0,4522.99,1,19,Basic,Credit Card,Germany,Desktop,Yes
ECOMM-81565,255.0,4991.15,5,11,Free,Credit Card,Canada,Mobile,No
ECOMM-81480,322.0,2015.21,7,37,Basic,PayPal,USA,Tablet,No
ECOMM-90189,178.0,4006.95,1,13,Basic,Apple Pay,UK,Desktop,No
ECOMM-84114,18.0,818.91,3,22,Free,Crypto,Germany,Mobile,Yes
ECOMM-74505,46.0,2800.03,3,9,Free,Apple Pay,Canada,Tablet,No
ECOMM-11951,200.0,2877.79,3,37,Basic,Apple Pay,Australia,Mobile,Yes
ECOMM-45460,98.0,3684.83,4,8,Free,Credit Card,USA,Tablet,Yes
ECOMM-87329,81.0,429.72,4,35,Premium,PayPal,Canada,Desktop,No
ECOMM-82687,20.0,3999.97,0,0,Basic,Credit Card,Germany,Tablet,No
ECOMM-25597,101.0,3001.54,9,16,Free,Crypto,USA,Mobile,No
ECOMM-71396,356.0,2736.91,4,35,Basic,PayPal,UK,Mobile,Yes
ECOMM-74921,297.0,1394.56,8,44,Premium,Crypto,USA,Tablet,No
ECOMM-34260,112.0,105.8,3,23,Free,Credit Card,UK,Tablet,No
ECOMM-64310,182.0,819.84,1,41,Free,Crypto,Australia,Desktop,No
ECOMM-70446,23.0,4521.39,6,28,Premium,Crypto,Australia,Tablet,No
ECOMM-62681,275.0,4993.74,7,25,Premium,Apple Pay,Australia,Mobile,No
ECOMM-11142,318.0,2102.44,7,12,Premium,PayPal,Germany,Desktop,No
ECOMM-70714,171.0,2300.72,1,16,Basic,Crypto,Australia,Tablet,Yes
ECOMM-16996,200.0,3027.52,2,45,Basic,PayPal,Germany,Desktop,No
ECOMM-12147,189.0,2539.38,8,13,Free,Crypto,Australia,Tablet,Yes
ECOMM-35362,208.0,15.34,7,14,Basic,Crypto,Canada,Tablet,No
ECOMM-13368,44.0,1379.57,9,21,Free,Credit Card,USA,Desktop,No
ECOMM-21996,140.0,4383.25,9,28,Basic,Credit Card,Australia,Desktop,No
ECOMM-69205,145.0,477.52,5,24,Free,PayPal,UK,Tablet,Yes
ECOMM-59596,241.0,3580.13,9,12,Basic,Credit Card,USA,Mobile,Yes
ECOMM-85669,228.0,1400.78,5,24,Free,Crypto,Canada,Desktop,No
ECOMM-69805,111.0,3400.99,1,6,Premium,Crypto,USA,Tablet,No
ECOMM-70636,89.0,172.04,3,21,Free,Crypto,UK,Tablet,No
ECOMM-43650,216.0,650.15,9,6,Free,Credit Card,Germany,Desktop,Yes
ECOMM-84463,261.0,1048.48,3,35,Basic,PayPal,USA,Mobile,No
ECOMM-44512,91.0,4995.86,1,39,Free,PayPal,UK,Desktop,No
ECOMM-87842,337.0,4402.74,9,49,Premium,Crypto,Australia,Desktop,No
ECOMM-94451,155.0,3265.79,8,2,Basic,Apple Pay,Australia,Tablet,No
ECOMM-35197,363.0,2699.71,9,38,Free,Credit Card,USA,Desktop,No
ECOMM-12939,87.0,4506.64,1,10,Basic,Crypto,Germany,Desktop,Yes
ECOMM-21905,187.0,3199.72,2,23,Free,Crypto,Germany,Tablet,No
ECOMM-39982,336.0,2021.35,6,2,Basic,Crypto,Canada,Desktop,No
ECOMM-30947,104.0,3069.91,0,15,Basic,PayPal,Canada,Mobile,Yes
ECOMM-63361,178.0,4578.9,6,22,Free,Apple Pay,Canada,Mobile,No
ECOMM-57261,289.0,3891.31,9,23,Basic,Credit Card,Australia,Desktop,Yes
ECOMM-77966,218.0,2095.95,3,27,Premium,Apple Pay,Germany,Desktop,No
ECOMM-26983,242.0,2173.3,4,30,Basic,Crypto,Canada,Desktop,Yes
ECOMM-27838,220.0,1894.09,9,6,Premium,Crypto,Canada,Desktop,No
ECOMM-53620,316.0,1862.75,6,7,Free,Credit Card,UK,Tablet,No
ECOMM-26467,321.0,1337.95,3,47,Free,PayPal,UK,Desktop,No
ECOMM-95578,182.0,1734.31,5,26,Basic,PayPal,Canada,Tablet,Yes
ECOMM-40967,183.0,4951.12,3,41,Free,PayPal,Australia,Tablet,Yes
ECOMM-91711,311.0,681.68,6,43,Free,PayPal,Germany,Mobile,No
ECOMM-27750,348.0,1728.59,0,43,Basic,Credit Card,USA,Desktop,No
ECOMM-35727,205.0,3862.58,9,31,Free,Crypto,Canada,Tablet,No
ECOMM-60322,293.0,793.03,2,31,Basic,Credit Card,USA,Desktop,Yes
ECOMM-60187,227.0,917.85,5,34,Free,Crypto,UK,Tablet,No
ECOMM-10741,324.0,2824.55,2,0,Basic,Credit Card,UK,Tablet,Yes
ECOMM-85010,245.0,1405.68,9,18,Free,Credit Card,UK,Tablet,Yes
ECOMM-57573,214.0,111.87,0,45,Basic,Apple Pay,UK,Tablet,Yes
ECOMM-51384,217.0,2969.67,5,38,Free,Credit Card,Australia,Tablet,Yes
ECOMM-28541,109.0,1773.82,7,11,Free,PayPal,UK,Desktop,No
ECOMM-58908,6.0,1688.02,1,13,Premium,Crypto,USA,Mobile,No
ECOMM-14351,63.0,2004.67,1,39,Basic,PayPal,Germany,Tablet,No
ECOMM-19454,318.0,4578.14,2,46,Free,Credit Card,USA,Mobile,Yes
ECOMM-63425,247.0,4113.16,2,21,Free,Apple Pay,UK,Mobile,No
ECOMM-48407,203.0,2407.29,0,3,Basic,Crypto,Canada,Mobile,Yes
ECOMM-65936,18.0,4649.71,9,38,Free,PayPal,Canada,Desktop,No
ECOMM-37177,274.0,4755.23,6,31,Basic,PayPal,Australia,Tablet,No
ECOMM-82880,212.0,4319.15,4,1,Basic,PayPal,Canada,Desktop,Yes
ECOMM-68851,211.0,3822.88,3,19,Premium,Crypto,UK,Desktop,No
ECOMM-45179,157.0,3194.57,9,30,Basic,Apple Pay,USA,Mobile,No
ECOMM-54392,223.0,4783.55,5,35,Basic,PayPal,UK,Mobile,Yes
ECOMM-23278,71.0,898.74,0,8,Premium,Apple Pay,Canada,Mobile,No
ECOMM-13193,222.0,2176.04,1,9,Premium,PayPal,UK,Tablet,No
ECOMM-47533,319.0,696.02,4,43,Basic,Credit Card,Australia,Desktop,No
ECOMM-45037,155.0,4189.96,5,48,Premium,Credit Card,Germany,Desktop,No
ECOMM-34292,101.0,3847.05,4,49,Basic,Credit Card,Germany,Desktop,No
ECOMM-75954,14.0,1228.73,0,42,Free,Credit Card,Germany,Desktop,No
ECOMM-37187,41.0,4078.53,1,22,Free,Credit Card,USA,Desktop,Yes
ECOMM-51294,246.0,2381.81,0,45,Basic,Crypto,UK,Tablet,No
ECOMM-20159,100.0,1568.95,0,42,Premium,Apple Pay,UK,Mobile,No
ECOMM-37165,245.0,1774.44,8,27,Free,Crypto,Australia,Tablet,Yes
ECOMM-37671,165.0,1368.09,9,30,Premium,Crypto,Germany,Mobile,No
ECOMM-65459,136.0,3862.6,5,23,Free,Crypto,Australia,Mobile,No
ECOMM-84194,206.0,559.98,8,16,Premium,Crypto,UK,Mobile,Yes
ECOMM-67643,228.0,2986.79,5,41,Basic,PayPal,UK,Desktop,Yes
ECOMM-12280,346.0,3445.86,2,17,Free,PayPal,Australia,Desktop,Yes
ECOMM-51357,224.0,3260.39,4,4,Basic,Crypto,UK,Mobile,Yes
ECOMM-29389,131.0,967.27,4,12,Premium,Credit Card,Canada,Tablet,No
ECOMM-68197,96.0,205.87,5,21,Basic,Apple Pay,Germany,Desktop,No
ECOMM-38654,299.0,4813.94,4,5,Free,PayPal,Canada,Mobile,Yes
ECOMM-14308,15.0,954.08,1,36,Free,Apple Pay,Australia,Tablet,No
ECOMM-21414,285.0,4554.04,5,10,Free,Credit Card,USA,Desktop,Yes
ECOMM-26172,329.0,857.28,1,26,Premium,Crypto,Canada,Tablet,Yes
ECOMM-91246,115.0,3491.78,7,14,Basic,PayPal,Australia,Tablet,No
ECOMM-34398,287.0,4156.26,3,23,Free,Apple Pay,UK,Tablet,Yes
ECOMM-78520,240.0,2429.27,8,27,Free,Credit Card,USA,Desktop,No
ECOMM-21291,255.0,3176.82,9,43,Free,PayPal,UK,Desktop,Yes
ECOMM-25216,246.0,4315.69,8,29,Basic,Crypto,UK,Desktop,No
ECOMM-60494,199.0,4363.51,1,1,Basic,Apple Pay,Australia,Mobile,Yes
ECOMM-38025,72.0,4308.49,5,9,Basic,Crypto,USA,Tablet,Yes
ECOMM-44002,288.0,1980.2,7,38,Premium,Apple Pay,USA,Tablet,No
ECOMM-85793,340.0,4390.04,9,20,Premium,Apple Pay,USA,Mobile,No
ECOMM-83625,348.0,1441.03,0,34,Premium,Apple Pay,Australia,Mobile,No
ECOMM-19950,24.0,663.73,2,34,Premium,Crypto,Germany,Mobile,No
ECOMM-84033,87.0,2256.42,1,7,Free,Apple Pay,Germany,Tablet,No
ECOMM-25419,23.0,4491.85,2,47,Basic,Credit Card,Australia,Mobile,No
ECOMM-51617,298.0,2954.83,0,14,Basic,Apple Pay,Canada,Mobile,Yes
ECOMM-97267,202.0,238.73,6,16,Free,Crypto,USA,Mobile,Yes
ECOMM-34485,312.0,2472.59,0,19,Free,PayPal,USA,Desktop,No
ECOMM-25195,115.0,588.81,5,26,Basic,PayPal,Canada,Tablet,Yes
ECOMM-45595,311.0,3455.19,9,5,Free,Apple Pay,Germany,Desktop,No
ECOMM-24725,202.0,2979.67,1,40,Basic,Credit Card,USA,Desktop,No
ECOMM-50152,269.0,1753.41,1,17,Free,Apple Pay,Australia,Mobile,No
ECOMM-21215,108.0,2784.79,8,26,Free,PayPal,Canada,Mobile,No
ECOMM-67630,237.0,793.63,2,40,Basic,Crypto,Canada,Mobile,Yes
ECOMM-10970,323.0,4887.41,2,23,Free,Credit Card,USA,Tablet,No
ECOMM-19930,278.0,2592.83,8,17,Free,Apple Pay,UK,Mobile,Yes
ECOMM-72416,166.0,2518.16,1,11,Basic,Credit Card,Canada,Mobile,No
ECOMM-31077,150.0,1378.34,1,15,Free,Apple Pay,UK,Mobile,No
ECOMM-22541,42.0,2574.33,6,43,Basic,Crypto,USA,Desktop,No
ECOMM-86460,284.0,4508.07,5,38,Premium,Credit Card,UK,Mobile,No
ECOMM-34820,100.0,1888.8,9,32,Free,PayPal,Canada,Tablet,Yes
ECOMM-15150,363.0,2238.09,1,28,Basic,Crypto,Australia,Tablet,No
ECOMM-39500,59.0,1622.05,1,10,Free,Crypto,UK,Desktop,No
ECOMM-99047,300.0,1269.68,4,39,Free,Crypto,Canada,Tablet,Yes
ECOMM-46354,360.0,4119.35,6,29,Free,Apple Pay,USA,Tablet,Yes
ECOMM-50000,296.0,4382.04,5,37,Basic,Credit Card,Germany,Desktop,Yes
ECOMM-42378,279.0,3303.35,2,8,Premium,Credit Card,UK,Desktop,No
ECOMM-54302,341.0,3997.16,6,32,Free,Crypto,Germany,Mobile,Yes
ECOMM-16127,87.0,3274.99,9,25,Premium,Credit Card,USA,Tablet,No
ECOMM-55334,81.0,3795.0,8,38,Basic,PayPal,Australia,Tablet,No
ECOMM-60360,76.0,761.24,2,0,Premium,PayPal,UK,Mobile,No
ECOMM-81996,262.0,1699.29,4,4,Free,Apple Pay,USA,Desktop,No
ECOMM-14157,259.0,3193.31,6,49,Basic,Apple Pay,Canada,Mobile,Yes
ECOMM-24318,189.0,3479.38,9,41,Basic,Crypto,USA,Desktop,No
ECOMM-21519,286.0,4522.88,0,46,Basic,PayPal,USA,Mobile,No
ECOMM-44519,357.0,2149.74,2,27,Free,Apple Pay,Germany,Desktop,Yes
ECOMM-18956,182.0,4240.41,3,4,Free,Apple Pay,Germany,Tablet,Yes
ECOMM-68121,320.0,1575.58,2,46,Basic,Apple Pay,Canada,Tablet,No
ECOMM-41191,336.0,1207.11,7,22,Free,Credit Card,Canada,Tablet,Yes
ECOMM-65412,144.0,4284.74,3,20,Basic,Crypto,Canada,Mobile,No
ECOMM-98951,158.0,2553.98,1,24,Free,Credit Card,Australia,Tablet,No
ECOMM-51573,31.0,1347.89,3,15,Basic,Crypto,UK,Tablet,No
ECOMM-72675,218.0,745.62,4,1,Free,PayPal,Canada,Tablet,No
ECOMM-88784,133.0,2070.66,7,39,Free,Credit Card,UK,Tablet,Yes
ECOMM-13854,23.0,1255.17,1,35,Basic,Apple Pay,UK,Mobile,No
ECOMM-20021,209.0,46.97,6,27,Basic,Crypto,Germany,Tablet,Yes
ECOMM-15849,197.0,3440.19,4,28,Free,Apple Pay,UK,Mobile,Yes
ECOMM-31097,322.0,1667.3,7,32,Premium,PayPal,UK,Tablet,No
ECOMM-66077,84.0,641.75,9,45,Free,Credit Card,USA,Tablet,No
ECOMM-41112,276.0,47.82,2,17,Basic,Credit Card,Germany,Tablet,No
ECOMM-25562,45.0,2202.85,9,0,Free,Apple Pay,USA,Tablet,No
ECOMM-20362,257.0,1542.75,0,36,Free,Credit Card,Canada,Mobile,Yes
ECOMM-35584,132.0,1647.46,8,30,Free,Crypto,Canada,Desktop,No
ECOMM-85978,278.0,2086.67,7,43,Free,PayPal,Australia,Desktop,Yes
ECOMM-55448,218.0,2812.98,2,8,Free,Crypto,USA,Tablet,No
ECOMM-39584,119.0,2009.03,2,6,Free,PayPal,Germany,Tablet,No
ECOMM-39002,308.0,2097.24,7,32,Free,Apple Pay,Australia,Mobile,Yes
ECOMM-44853,282.0,2350.79,2,46,Basic,Apple Pay,Canada,Desktop,Yes
ECOMM-18566,122.0,3595.51,0,27,Basic,Crypto,Canada,Tablet,No
ECOMM-40672,330.0,3157.88,5,34,Free,PayPal,Germany,Mobile,Yes
ECOMM-43514,188.0,2172.27,6,8,Basic,Credit Card,USA,Desktop,Yes
ECOMM-73201,249.0,296.4,5,7,Free,Apple Pay,Canada,Mobile,No
ECOMM-54755,244.0,3204.16,2,41,Basic,Crypto,UK,Tablet,Yes
ECOMM-88919,24.0,4987.17,5,44,Basic,Credit Card,Australia,Tablet,No
ECOMM-57214,4.0,3249.55,8,15,Basic,PayPal,Germany,Mobile,No
ECOMM-96180,187.0,2634.72,9,43,Free,Credit Card,Australia,Mobile,No
ECOMM-74652,206.0,2490.46,7,43,Basic,Credit Card,USA,Mobile,No
ECOMM-39308,193.0,1551.43,9,42,Premium,Credit Card,UK,Desktop,No
ECOMM-77515,220.0,4144.88,7,42,Basic,Credit Card,UK,Desktop,No
ECOMM-26630,266.0,2505.88,0,28,Basic,Crypto,UK,Desktop,No
ECOMM-33825,45.0,4697.92,0,27,Free,PayPal,UK,Mobile,No
ECOMM-44190,332.0,2907.98,5,4,Free,Crypto,Australia,Desktop,No
ECOMM-52001,163.0,1759.57,2,19,Free,Crypto,Australia,Desktop,No
ECOMM-16145,273.0,3815.2,9,5,Basic,Credit Card,Germany,Tablet,Yes
ECOMM-86519,161.0,3553.68,9,47,Premium,Credit Card,Canada,Desktop,No
ECOMM-79000,244.0,1853.46,5,14,Premium,Crypto,USA,Desktop,Yes
ECOMM-44173,272.0,1289.42,8,34,Free,Credit Card,Canada,Tablet,No
ECOMM-39379,54.0,3511.07,1,12,Free,PayPal,Germany,Desktop,Yes
ECOMM-68560,115.0,4123.19,9,41,Free,PayPal,Australia,Mobile,No
ECOMM-51350,305.0,3555.47,1,23,Free,Crypto,Canada,Tablet,No
ECOMM-12080,133.0,4792.86,2,33,Free,Apple Pay,Germany,Mobile,No
ECOMM-10055,78.0,1872.31,8,16,Basic,Apple Pay,USA,Tablet,No
ECOMM-58420,22.0,3642.49,6,48,Basic,Apple Pay,Canada,Tablet,No
ECOMM-74894,52.0,3461.21,7,43,Free,Apple Pay,USA,Tablet,No
ECOMM-12405,90.0,129.36,3,43,Free,PayPal,Germany,Mobile,No
ECOMM-52864,36.0,3767.58,8,24,Free,Crypto,Canada,Tablet,No
ECOMM-25767,239.0,412.84,8,2,Free,Crypto,UK,Mobile,Yes
ECOMM-85982,244.0,522.94,2,32,Basic,PayPal,USA,Tablet,Yes
ECOMM-18225,115.0,1655.68,5,30,Free,PayPal,Australia,Mobile,No
ECOMM-52921,275.0,3516.1,5,0,Free,Apple Pay,Australia,Mobile,Yes
ECOMM-13061,217.0,2484.36,8,15,Free,Credit Card,Germany,Tablet,Yes
ECOMM-59582,338.0,2751.9,6,2,Premium,Crypto,Australia,Desktop,No
ECOMM-10127,132.0,2884.1,3,27,Free,Crypto,Australia,Tablet,No
ECOMM-87638,319.0,2320.26,7,9,Basic,Apple Pay,USA,Desktop,No
ECOMM-16331,215.0,2627.57,3,38,Free,Crypto,USA,Desktop,Yes
ECOMM-13247,341.0,2909.16,5,23,Free,Apple Pay,Germany,Desktop,Yes
ECOMM-53828,238.0,2165.35,8,31,Basic,PayPal,Canada,Desktop,Yes
ECOMM-10119,364.0,2500.66,3,23,Premium,Apple Pay,Canada,Mobile,No
ECOMM-42972,148.0,2403.57,8,49,Premium,PayPal,USA,Desktop,No
ECOMM-44805,154.0,3506.53,9,41,Basic,Apple Pay,Australia,Tablet,No
ECOMM-53818,323.0,2837.71,4,27,Free,PayPal,USA,Desktop,Yes
ECOMM-25250,49.0,140.27,5,43,Free,Crypto,USA,Tablet,No
ECOMM-44560,3.0,2920.66,9,2,Basic,PayPal,Germany,Tablet,No
ECOMM-15782,294.0,3586.78,9,40,Premium,Credit Card,Australia,Tablet,No
ECOMM-34462,48.0,1686.0,2,48,Basic,PayPal,UK,Mobile,No
ECOMM-23634,148.0,597.93,7,17,Free,PayPal,USA,Mobile,Yes
ECOMM-99563,202.0,1815.13,0,44,Free,Crypto,UK,Mobile,No
ECOMM-10058,349.0,2702.05,3,7,Premium,Crypto,USA,Tablet,No
ECOMM-64935,58.0,3712.4,9,48,Free,Crypto,Australia,Mobile,No
ECOMM-81219,64.0,3977.94,8,44,Basic,Apple Pay,USA,Mobile,No
ECOMM-35613,109.0,330.77,8,7,Free,Credit Card,UK,Mobile,No
ECOMM-76206,49.0,872.5,7,26,Free,Apple Pay,Germany,Mobile,No
ECOMM-23184,88.0,1500.69,4,3,Basic,Credit Card,UK,Desktop,Yes
ECOMM-21957,10.0,736.77,3,13,Free,PayPal,USA,Tablet,Yes
ECOMM-80931,296.0,1553.36,9,29,Basic,Credit Card,Canada,Desktop,Yes
ECOMM-83858,258.0,2385.48,7,19,Free,PayPal,Canada,Tablet,No
ECOMM-53417,94.0,4037.09,0,37,Free,Credit Card,Canada,Desktop,No
ECOMM-28441,236.0,549.79,4,27,Basic,Crypto,Australia,Mobile,Yes
ECOMM-59065,166.0,650.17,6,44,Basic,PayPal,UK,Desktop,No
ECOMM-89025,150.0,4094.72,0,14,Free,PayPal,UK,Tablet,No
ECOMM-37554,316.0,68.63,0,15,Basic,PayPal,USA,Tablet,No
ECOMM-46193,52.0,2062.54,1,43,Free,PayPal,UK,Mobile,No
ECOMM-77676,173.0,582.59,9,45,Free,PayPal,Australia,Desktop,Yes
ECOMM-80403,109.0,3615.61,5,48,Premium,Crypto,Canada,Mobile,No
ECOMM-53094,321.0,3221.58,3,43,Free,Credit Card,UK,Desktop,Yes
ECOMM-36202,33.0,1668.7,6,22,Premium,Crypto,Canada,Desktop,No
ECOMM-27685,224.0,1588.51,9,49,Free,Credit Card,Canada,Tablet,Yes
ECOMM-13552,212.0,3018.46,7,27,Free,Apple Pay,USA,Mobile,Yes
ECOMM-31937,294.0,2245.04,2,42,Basic,Apple Pay,USA,Desktop,No
ECOMM-58175,214.0,2841.18,5,43,Free,PayPal,Canada,Mobile,Yes
ECOMM-46017,142.0,4201.97,4,39,Basic,PayPal,Germany,Tablet,No
ECOMM-87734,133.0,3604.02,8,18,Basic,Apple Pay,Australia,Desktop,No
ECOMM-28670,200.0,377.06,0,44,Free,Credit Card,Germany,Tablet,No
ECOMM-29839,201.0,1554.64,0,39,Premium,PayPal,UK,Desktop,No
ECOMM-84215,7.0,2148.97,1,36,Free,Apple Pay,Canada,Mobile,No
ECOMM-43459,236.0,1044.42,1,5,Premium,PayPal,USA,Desktop,No
ECOMM-33857,248.0,173.09,2,34,Free,PayPal,UK,Mobile,No
ECOMM-81988,189.0,4884.46,9,11,Premium,Credit Card,Germany,Desktop,Yes
ECOMM-70941,8.0,4426.56,3,13,Premium,Crypto,USA,Desktop,No
ECOMM-18678,265.0,341.12,7,12,Free,Apple Pay,Canada,Mobile,Yes
ECOMM-12359,273.0,712.04,7,40,Basic,Crypto,USA,Mobile,Yes
ECOMM-51801,44.0,4045.43,7,26,Basic,Credit Card,USA,Desktop,No
ECOMM-73927,362.0,2763.87,5,29,Basic,Credit Card,Canada,Desktop,No
ECOMM-76098,133.0,807.88,0,6,Basic,Apple Pay,USA,Tablet,Yes
ECOMM-14979,349.0,4624.13,7,8,Premium,Apple Pay,USA,Mobile,No
ECOMM-54682,317.0,2907.97,3,46,Free,Credit Card,Canada,Mobile,Yes
ECOMM-14178,229.0,71.23,5,19,Free,Credit Card,Canada,Mobile,Yes
ECOMM-62800,293.0,1214.82,0,38,Free,Apple Pay,Germany,Tablet,No
ECOMM-35536,286.0,466.98,0,43,Basic,Crypto,Germany,Desktop,Yes
ECOMM-65966,113.0,1186.52,4,18,Premium,PayPal,USA,Tablet,No
ECOMM-91271,85.0,2783.92,1,21,Free,Apple Pay,Canada,Desktop,No
ECOMM-16948,133.0,4698.79,5,9,Premium,PayPal,Germany,Tablet,No
ECOMM-44902,169.0,2220.93,5,10,Premium,Credit Card,UK,Desktop,Yes
ECOMM-61984,58.0,2110.31,3,44,Free,Crypto,USA,Mobile,Yes
ECOMM-36810,270.0,4118.08,3,48,Free,PayPal,UK,Tablet,No
ECOMM-47363,26.0,29.22,4,46,Basic,Apple Pay,USA,Tablet,No
ECOMM-99536,48.0,1900.86,6,1,Free,Apple Pay,USA,Desktop,Yes
ECOMM-15863,122.0,4328.35,5,28,Free,Crypto,Germany,Mobile,No
ECOMM-55650,106.0,1971.91,2,30,Premium,Apple Pay,Australia,Desktop,No
ECOMM-99507,322.0,3065.25,5,34,Basic,Credit Card,Canada,Tablet,Yes
ECOMM-21661,63.0,3809.44,5,14,Free,Credit Card,Germany,Tablet,No
ECOMM-80369,90.0,1893.12,3,18,Basic,Apple Pay,Germany,Mobile,No
ECOMM-65654,95.0,4027.95,7,41,Free,PayPal,Germany,Mobile,No
ECOMM-43948,149.0,4224.3,8,43,Premium,Apple Pay,Canada,Tablet,No
ECOMM-32945,41.0,1001.0,6,49,Free,Apple Pay,Australia,Mobile,Yes
ECOMM-16352,138.0,30.64,4,35,Basic,PayPal,Australia,Desktop,Yes
ECOMM-16223,75.0,519.56,3,10,Basic,Credit Card,Germany,Tablet,No
ECOMM-68925,86.0,3062.7,4,16,Free,Credit Card,USA,Desktop,No
ECOMM-42019,227.0,2107.58,5,1,Premium,PayPal,Canada,Desktop,Yes
ECOMM-56057,64.0,2733.54,9,17,Basic,Crypto,Australia,Mobile,Yes
ECOMM-92058,349.0,2700.62,7,46,Premium,PayPal,USA,Tablet,No
ECOMM-13253,42.0,2693.72,5,42,Premium,Apple Pay,Australia,Mobile,No
ECOMM-54211,199.0,665.26,3,15,Premium,Apple Pay,UK,Tablet,No
ECOMM-32980,174.0,1570.61,7,10,Free,Apple Pay,USA,Desktop,No
ECOMM-35886,337.0,1617.58,5,33,Free,Crypto,Germany,Mobile,Yes
ECOMM-19886,32.0,2210.48,3,34,Free,Apple Pay,USA,Mobile,No
ECOMM-56048,134.0,208.87,7,44,Basic,Credit Card,USA,Desktop,No
ECOMM-36705,168.0,2491.36,5,26,Basic,Credit Card,Germany,Desktop,Yes
ECOMM-23855,260.0,3210.66,3,40,Basic,Apple Pay,Germany,Desktop,No
ECOMM-87278,65.0,4205.37,0,22,Free,Credit Card,Australia,Tablet,Yes
ECOMM-56275,124.0,3399.37,1,1,Basic,Crypto,Australia,Desktop,Yes
ECOMM-22814,118.0,2097.49,2,49,Basic,Crypto,Germany,Desktop,No
ECOMM-99021,187.0,2093.87,0,3,Free,PayPal,UK,Desktop,No
ECOMM-67435,96.0,3112.02,4,0,Free,Apple Pay,Germany,Mobile,No
ECOMM-40621,55.0,3125.36,6,26,Free,Apple Pay,Germany,Tablet,No
ECOMM-53316,11.0,1044.46,8,1,Free,Credit Card,Germany,Tablet,Yes
ECOMM-93368,280.0,4783.92,7,10,Free,PayPal,Canada,Mobile,Yes
ECOMM-56913,321.0,1494.3,5,42,Premium,Credit Card,UK,Tablet,No
ECOMM-39662,96.0,3106.74,1,1,Premium,Apple Pay,Germany,Desktop,No
ECOMM-74384,296.0,4836.37,1,45,Premium,PayPal,UK,Desktop,Yes
ECOMM-93309,172.0,3701.97,2,7,Basic,Credit Card,Australia,Mobile,No
ECOMM-25474,133.0,3068.67,6,18,Premium,PayPal,Canada,Mobile,Yes
ECOMM-27465,355.0,312.27,8,47,Free,PayPal,Canada,Mobile,No
ECOMM-37689,224.0,4798.24,6,18,Free,PayPal,Germany,Desktop,Yes
ECOMM-29847,171.0,2582.02,4,3,Free,Apple Pay,Germany,Desktop,No
ECOMM-57041,268.0,4161.91,6,43,Premium,Credit Card,USA,Desktop,No
ECOMM-15155,332.0,3325.63,9,46,Premium,Credit Card,Germany,Mobile,No
ECOMM-36734,267.0,4665.54,1,33,Premium,Apple Pay,Canada,Desktop,No
ECOMM-23687,308.0,3079.94,6,37,Premium,Apple Pay,Canada,Desktop,Yes
ECOMM-60243,351.0,2464.18,4,27,Free,Apple Pay,Canada,Mobile,No
ECOMM-92305,183.0,3441.11,0,16,Premium,PayPal,UK,Tablet,No
ECOMM-79644,214.0,191.41,6,49,Free,Credit Card,Canada,Desktop,No
ECOMM-74517,49.0,107.69,5,40,Free,PayPal,Germany,Mobile,Yes
ECOMM-55632,41.0,1408.34,1,24,Free,Apple Pay,Canada,Desktop,No
ECOMM-43070,68.0,2820.25,1,6,Free,Crypto,UK,Desktop,No
ECOMM-11508,213.0,1550.17,1,37,Basic,Apple Pay,Australia,Mobile,No
ECOMM-44727,154.0,2972.11,5,15,Premium,Apple Pay,Germany,Desktop,No
ECOMM-29936,338.0,1980.2,3,5,Basic,Credit Card,UK,Mobile,No
ECOMM-92110,159.0,3554.55,9,21,Basic,PayPal,Germany,Tablet,No
ECOMM-11867,302.0,4811.9,3,27,Free,PayPal,UK,Desktop,Yes
ECOMM-14816,280.0,4333.76,9,43,Free,Credit Card,Germany,Desktop,Yes
ECOMM-41601,335.0,4944.91,9,8,Free,Crypto,Germany,Tablet,No
ECOMM-61711,272.0,4302.39,4,29,Basic,Crypto,UK,Tablet,Yes
ECOMM-90792,253.0,2843.42,7,27,Free,Credit Card,Canada,Desktop,No
ECOMM-65545,30.0,609.95,5,26,Free,Crypto,Australia,Desktop,No
ECOMM-12455,112.0,3350.51,4,22,Free,Credit Card,UK,Mobile,No
ECOMM-34337,134.0,4600.52,1,8,Free,Credit Card,Germany,Mobile,No
ECOMM-68891,155.0,3173.64,6,20,Basic,Apple Pay,Germany,Mobile,No
ECOMM-55196,15.0,2526.36,1,47,Free,Crypto,UK,Mobile,No
ECOMM-60242,31.0,528.81,1,8,Free,Credit Card,USA,Mobile,No
ECOMM-62068,83.0,3200.88,1,31,Free,Crypto,Germany,Tablet,No
ECOMM-61579,297.0,1544.82,4,46,Basic,Crypto,Australia,Desktop,Yes
ECOMM-33372,348.0,4635.52,3,5,Free,PayPal,Australia,Tablet,Yes
ECOMM-51595,347.0,3613.48,6,30,Basic,Credit Card,UK,Tablet,No
ECOMM-38894,98.0,1301.52,9,32,Free,PayPal,Australia,Tablet,No
ECOMM-38193,171.0,3816.45,3,18,Premium,PayPal,USA,Desktop,No
ECOMM-16862,40.0,3384.7,1,8,Basic,PayPal,USA,Mobile,No
ECOMM-29447,115.0,344.42,1,44,Free,PayPal,USA,Desktop,No
ECOMM-58909,250.0,378.23,6,22,Free,Credit Card,Germany,Desktop,No
ECOMM-98486,197.0,1098.07,1,38,Free,PayPal,Canada,Mobile,No
ECOMM-57451,35.0,893.95,0,35,Basic,Apple Pay,UK,Mobile,No
ECOMM-47227,38.0,4914.98,4,47,Basic,Credit Card,UK,Desktop,No
ECOMM-89248,334.0,3472.36,0,2,Basic,PayPal,Germany,Mobile,No
ECOMM-16924,83.0,4320.63,3,7,Free,Apple Pay,Germany,Mobile,No
ECOMM-39988,229.0,1426.25,5,35,Premium,Credit Card,USA,Tablet,No
ECOMM-98255,237.0,2995.11,6,19,Basic,Crypto,USA,Desktop,Yes
ECOMM-19384,252.0,4038.96,9,40,Premium,PayPal,USA,Desktop,No
ECOMM-63728,199.0,4176.78,7,35,Basic,Credit Card,UK,Tablet,No
ECOMM-76921,202.0,2121.41,2,36,Basic,Credit Card,Australia,Tablet,No
ECOMM-42854,101.0,356.09,5,14,Free,Credit Card,Germany,Mobile,No
ECOMM-22992,132.0,4495.81,2,46,Premium,Crypto,Canada,Desktop,No
ECOMM-47817,340.0,2529.97,8,38,Basic,Credit Card,Australia,Mobile,No
ECOMM-16628,12.0,4131.23,3,49,Premium,Credit Card,Australia,Desktop,No
ECOMM-70801,54.0,4730.69,4,19,Premium,Crypto,UK,Tablet,No
ECOMM-56876,105.0,591.67,5,30,Free,PayPal,Germany,Tablet,Yes
ECOMM-81638,253.0,1199.08,8,22,Basic,Credit Card,Canada,Desktop,Yes
ECOMM-15127,22.0,4240.56,8,5,Premium,PayPal,UK,Mobile,No
ECOMM-70076,164.0,2922.01,7,44,Free,PayPal,Canada,Tablet,Yes
ECOMM-18289,281.0,4469.38,8,38,Free,Credit Card,Germany,Desktop,No
ECOMM-81474,49.0,2925.18,7,35,Free,PayPal,USA,Mobile,No
ECOMM-52225,157.0,4269.23,8,12,Free,PayPal,Germany,Mobile,No
ECOMM-95877,173.0,1388.79,3,29,Free,Crypto,UK,Desktop,No
ECOMM-50118,246.0,705.09,9,15,Basic,Credit Card,Australia,Mobile,Yes
ECOMM-27678,84.0,4445.2,7,2,Basic,Credit Card,Canada,Mobile,No
ECOMM-63118,304.0,1005.13,7,33,Premium,PayPal,Germany,Tablet,No
ECOMM-31940,319.0,1215.08,8,7,Basic,PayPal,UK,Desktop,No
ECOMM-88895,108.0,2632.6,3,34,Premium,Crypto,Germany,Tablet,No
ECOMM-11192,217.0,361.84,7,42,Free,Apple Pay,USA,Tablet,No
ECOMM-24585,319.0,3150.62,5,43,Free,Crypto,Canada,Desktop,No
ECOMM-58988,171.0,478.97,3,46,Free,Apple Pay,USA,Tablet,No
ECOMM-40082,46.0,2686.23,2,43,Basic,PayPal,USA,Mobile,No
ECOMM-93517,206.0,4109.22,1,38,Basic,PayPal,Germany,Mobile,No
ECOMM-20286,192.0,333.14,8,23,Free,Crypto,Australia,Mobile,No
ECOMM-88149,338.0,3486.34,7,11,Premium,PayPal,Germany,Desktop,No
ECOMM-16158,283.0,3960.36,1,12,Premium,Crypto,Germany,Tablet,No
ECOMM-33425,47.0,87.67,8,15,Premium,Apple Pay,Germany,Tablet,No
ECOMM-87394,270.0,4831.81,3,9,Premium,PayPal,Canada,Mobile,No
ECOMM-30463,273.0,1587.92,0,2,Free,Apple Pay,UK,Mobile,No
ECOMM-57441,241.0,2724.65,0,40,Free,Crypto,UK,Mobile,No
ECOMM-64719,215.0,4949.86,7,44,Premium,Credit Card,USA,Mobile,No
ECOMM-18641,206.0,4964.45,5,10,Free,Apple Pay,Australia,Mobile,No
ECOMM-11037,178.0,2471.79,8,3,Free,PayPal,Canada,Mobile,No
ECOMM-25282,81.0,3458.53,4,27,Free,Credit Card,Australia,Desktop,No
ECOMM-54988,288.0,4916.47,1,9,Premium,PayPal,Canada,Tablet,Yes
ECOMM-83711,87.0,1683.39,7,4,Free,PayPal,UK,Mobile,No
ECOMM-46653,218.0,447.38,0,16,Free,PayPal,Canada,Tablet,No
ECOMM-99019,4.0,4354.18,1,4,Basic,PayPal,Canada,Tablet,Yes
ECOMM-49309,132.0,27.74,8,43,Basic,Crypto,UK,Tablet,No
ECOMM-85738,164.0,4184.66,4,4,Basic,Crypto,Australia,Tablet,No
ECOMM-63624,223.0,4578.08,0,21,Basic,Credit Card,Canada,Tablet,No
ECOMM-48967,97.0,1157.5,4,35,Free,Apple Pay,UK,Mobile,No
ECOMM-40076,223.0,3508.59,2,7,Basic,Crypto,Canada,Desktop,No
ECOMM-22867,88.0,4087.51,5,48,Free,Crypto,UK,Tablet,No
ECOMM-39311,269.0,2142.92,4,45,Basic,Apple Pay,Germany,Tablet,Yes
ECOMM-89514,233.0,3138.37,7,11,Basic,PayPal,USA,Tablet,No
ECOMM-40600,295.0,1303.43,0,37,Free,Credit Card,Australia,Desktop,Yes
ECOMM-53909,58.0,812.71,6,11,Free,Crypto,Germany,Mobile,No
ECOMM-87396,179.0,25.82,9,15,Free,Crypto,USA,Mobile,No
ECOMM-58308,87.0,2928.29,3,47,Basic,Credit Card,Australia,Tablet,No
ECOMM-18679,323.0,607.09,0,8,Basic,Apple Pay,Germany,Mobile,No
ECOMM-93773,272.0,4081.41,9,22,Free,Crypto,USA,Desktop,No
ECOMM-66559,316.0,2567.6,8,15,Basic,Apple Pay,UK,Tablet,No
ECOMM-13885,145.0,3954.62,6,26,Free,Credit Card,Canada,Mobile,No
ECOMM-93282,21.0,1239.91,2,46,Free,Apple Pay,Australia,Mobile,No
ECOMM-74312,280.0,476.04,5,28,Basic,Crypto,UK,Mobile,Yes
ECOMM-63899,261.0,2950.78,4,26,Basic,Credit Card,UK,Desktop,Yes
ECOMM-36866,66.0,4531.17,6,44,Free,PayPal,USA,Mobile,No
ECOMM-33220,70.0,2067.56,5,47,Free,Credit Card,Germany,Tablet,No
ECOMM-38613,140.0,3271.64,6,12,Free,Credit Card,Australia,Tablet,Yes
ECOMM-44543,284.0,2531.81,4,48,Premium,Credit Card,Germany,Mobile,No
ECOMM-33122,227.0,3223.9,8,31,Premium,Credit Card,UK,Desktop,No
ECOMM-55422,169.0,3996.45,8,3,Basic,PayPal,UK,Tablet,No
ECOMM-46417,212.0,311.52,2,9,Free,Crypto,Canada,Mobile,No
ECOMM-62501,101.0,3743.95,7,33,Basic,Crypto,USA,Tablet,No
ECOMM-21615,108.0,4469.65,2,6,Basic,Apple Pay,USA,Desktop,No
ECOMM-82329,359.0,3914.23,7,24,Basic,Apple Pay,Australia,Tablet,Yes
ECOMM-76466,362.0,4750.39,4,0,Free,Crypto,Australia,Mobile,Yes
ECOMM-72625,353.0,1885.59,2,20,Basic,Apple Pay,USA,Mobile,No
ECOMM-26375,142.0,2266.78,6,40,Free,Credit Card,Canada,Desktop,No
ECOMM-70964,356.0,3715.63,5,37,Free,Credit Card,Canada,Tablet,No
ECOMM-67484,233.0,972.42,6,34,Premium,Credit Card,UK,Mobile,No
ECOMM-78228,48.0,1129.48,2,12,Free,Credit Card,USA,Mobile,Yes
ECOMM-91218,61.0,2231.61,8,44,Free,PayPal,Canada,Desktop,No
ECOMM-35928,145.0,2734.1,3,5,Premium,PayPal,UK,Desktop,Yes
ECOMM-97836,64.0,3560.13,0,38,Basic,Credit Card,Australia,Desktop,No
ECOMM-62738,122.0,1586.99,1,8,Premium,Credit Card,UK,Desktop,No
ECOMM-14974,6.0,2432.18,8,41,Free,Credit Card,USA,Mobile,No
ECOMM-47005,70.0,1582.09,8,29,Premium,Credit Card,UK,Mobile,No
ECOMM-52379,87.0,1688.53,7,4,Free,Crypto,Canada,Desktop,No
ECOMM-58755,91.0,162.31,5,11,Free,PayPal,USA,Tablet,No
ECOMM-78622,73.0,4034.89,0,6,Free,Apple Pay,Canada,Mobile,No
ECOMM-96420,240.0,3267.28,5,30,Free,Apple Pay,Germany,Mobile,No
ECOMM-48713,290.0,3082.68,3,19,Basic,PayPal,Canada,Mobile,Yes
ECOMM-21805,231.0,2269.32,6,35,Free,PayPal,UK,Mobile,No
ECOMM-19572,65.0,3323.31,7,30,Free,Credit Card,Australia,Tablet,No
ECOMM-80459,280.0,1140.83,9,48,Basic,Crypto,Canada,Desktop,No
ECOMM-33908,135.0,2027.42,5,32,Free,Credit Card,USA,Mobile,Yes
ECOMM-71806,163.0,326.58,8,37,Free,PayPal,Australia,Desktop,No
ECOMM-18249,338.0,209.4,4,39,Premium,Apple Pay,Canada,Mobile,Yes
ECOMM-43601,113.0,41.67,8,0,Basic,Crypto,USA,Desktop,No
ECOMM-50431,140.0,2202.83,9,39,Basic,Apple Pay,USA,Mobile,No
ECOMM-80783,166.0,4785.42,8,34,Free,Crypto,Australia,Mobile,No
ECOMM-62134,58.0,556.55,1,32,Basic,PayPal,USA,Desktop,No
ECOMM-37466,195.0,3477.47,0,38,Premium,PayPal,Canada,Mobile,No
ECOMM-27390,324.0,467.39,7,10,Basic,Credit Card,Canada,Tablet,Yes
ECOMM-61414,182.0,3582.83,9,27,Premium,Crypto,Canada,Mobile,Yes
ECOMM-59756,60.0,4790.94,9,18,Basic,Crypto,UK,Tablet,No
ECOMM-41380,27.0,3183.01,7,17,Free,PayPal,Australia,Tablet,No
ECOMM-31325,344.0,636.57,6,21,Free,Apple Pay,Canada,Tablet,Yes
ECOMM-62722,201.0,4486.93,6,35,Free,PayPal,USA,Desktop,Yes
ECOMM-63441,345.0,1735.37,4,18,Free,Apple Pay,Canada,Mobile,Yes
ECOMM-74573,85.0,1473.72,3,38,Free,Apple Pay,USA,Tablet,No
ECOMM-83805,76.0,435.43,6,26,Free,Crypto,UK,Mobile,No
ECOMM-63103,264.0,2530.11,7,5,Free,Credit Card,Australia,Tablet,No
ECOMM-71500,94.0,1751.96,1,23,Free,Crypto,USA,Mobile,No
ECOMM-91767,216.0,4152.39,7,29,Free,Credit Card,USA,Desktop,Yes
ECOMM-31743,248.0,125.52,7,9,Free,Credit Card,Australia,Mobile,No
ECOMM-57212,106.0,1383.23,4,30,Free,Credit Card,Australia,Mobile,No
ECOMM-28693,125.0,4382.71,9,2,Basic,Apple Pay,Canada,Tablet,No
ECOMM-88261,65.0,1763.93,1,25,Free,Crypto,Canada,Tablet,No
ECOMM-97072,50.0,3910.57,5,10,Basic,Credit Card,Australia,Desktop,No
ECOMM-84442,347.0,4591.74,0,18,Basic,Crypto,Australia,Tablet,Yes
ECOMM-89621,181.0,2800.85,0,15,Basic,PayPal,USA,Mobile,No
ECOMM-83948,51.0,3786.18,8,18,Premium,Credit Card,UK,Tablet,No
ECOMM-33686,3.0,3168.77,1,0,Premium,Crypto,USA,Tablet,No
ECOMM-91652,207.0,2107.92,7,22,Free,Crypto,UK,Tablet,No
ECOMM-30410,90.0,209.58,2,38,Free,Crypto,USA,Mobile,No
ECOMM-62358,323.0,521.45,5,23,Basic,Credit Card,UK,Desktop,Yes
ECOMM-64421,226.0,3144.35,0,32,Free,Crypto,USA,Mobile,No
ECOMM-95287,190.0,1767.77,7,4,Premium,PayPal,UK,Tablet,No
ECOMM-17672,356.0,1433.59,8,47,Free,Crypto,USA,Tablet,Yes
ECOMM-57880,61.0,4562.65,1,30,Basic,Credit Card,Canada,Mobile,No
ECOMM-61146,22.0,3214.59,1,13,Premium,Crypto,UK,Desktop,No
ECOMM-87093,74.0,4168.19,4,49,Free,Crypto,Canada,Mobile,No
ECOMM-92600,34.0,424.43,4,17,Free,PayPal,Germany,Tablet,No
ECOMM-91880,200.0,1051.2,7,26,Free,Credit Card,UK,Mobile,Yes
ECOMM-18396,169.0,1513.22,9,32,Premium,Apple Pay,USA,Tablet,No
ECOMM-79871,193.0,3518.98,8,18,Free,Apple Pay,Canada,Tablet,No
ECOMM-48917,300.0,4038.86,3,45,Basic,Apple Pay,UK,Tablet,No
ECOMM-29106,206.0,2551.38,5,17,Basic,PayPal,Germany,Tablet,Yes
ECOMM-87520,63.0,3738.68,7,5,Free,Credit Card,Australia,Mobile,Yes
ECOMM-93870,14.0,3159.52,1,45,Premium,Apple Pay,USA,Tablet,No
ECOMM-64733,210.0,2175.31,8,3,Basic,Apple Pay,UK,Tablet,Yes
ECOMM-82308,30.0,4698.89,9,2,Free,Apple Pay,Australia,Desktop,No
ECOMM-18653,122.0,4954.85,9,33,Free,Apple Pay,Australia,Desktop,Yes
ECOMM-21467,208.0,3234.56,9,23,Free,Apple Pay,USA,Desktop,No
ECOMM-35407,171.0,531.5,5,46,Basic,PayPal,Canada,Tablet,No
ECOMM-48941,306.0,2812.03,4,26,Free,Crypto,UK,Mobile,Yes
ECOMM-51976,54.0,3450.02,6,39,Free,Crypto,Australia,Tablet,No
ECOMM-60179,287.0,3110.68,0,11,Basic,Credit Card,Canada,Mobile,Yes
ECOMM-78678,309.0,2231.98,6,12,Free,Apple Pay,UK,Mobile,No
ECOMM-25517,158.0,2339.27,2,45,Free,Credit Card,USA,Desktop,Yes
ECOMM-72825,153.0,3760.79,5,22,Free,Credit Card,Germany,Mobile,No
ECOMM-13005,144.0,4629.58,7,7,Basic,Credit Card,Australia,Tablet,No
ECOMM-98504,10.0,642.75,9,24,Premium,Credit Card,Australia,Tablet,No
ECOMM-40014,181.0,3052.67,4,21,Basic,PayPal,Canada,Tablet,Yes
ECOMM-32273,223.0,3059.61,8,18,Free,Apple Pay,USA,Mobile,Yes
ECOMM-42881,90.0,637.93,3,14,Basic,PayPal,USA,Tablet,No
ECOMM-42121,94.0,111.19,2,46,Basic,Credit Card,Canada,Tablet,No
ECOMM-96449,118.0,969.83,9,37,Free,Apple Pay,UK,Tablet,No
ECOMM-47498,277.0,4122.56,6,13,Premium,Apple Pay,Australia,Tablet,Yes
ECOMM-84479,363.0,3503.04,4,4,Free,Credit Card,Canada,Desktop,Yes
ECOMM-76469,5.0,4092.39,3,30,Free,Crypto,USA,Mobile,No
ECOMM-50471,3.0,2528.88,8,27,Free,Credit Card,UK,Desktop,No
ECOMM-56599,152.0,1274.98,3,45,Free,PayPal,Germany,Mobile,No
ECOMM-48485,107.0,4937.11,5,44,Free,Credit Card,Germany,Desktop,Yes
ECOMM-81471,233.0,4981.5,3,2,Premium,Apple Pay,UK,Tablet,No
ECOMM-46416,107.0,1395.07,1,11,Free,Apple Pay,Australia,Desktop,No
ECOMM-48694,118.0,1546.38,4,2,Premium,Apple Pay,UK,Mobile,No
ECOMM-65668,154.0,4928.7,7,16,Premium,PayPal,UK,Mobile,No
ECOMM-12183,137.0,4561.32,6,18,Free,Apple Pay,Germany,Desktop,Yes
ECOMM-81708,227.0,1290.51,0,0,Free,Credit Card,Germany,Mobile,No
ECOMM-10629,143.0,4266.2,7,30,Free,PayPal,Germany,Desktop,Yes
ECOMM-12209,58.0,4946.46,0,9,Premium,PayPal,Germany,Tablet,No
ECOMM-32695,248.0,4128.98,4,9,Free,PayPal,Australia,Desktop,Yes
ECOMM-83515,102.0,345.73,7,32,Free,PayPal,Germany,Tablet,No
ECOMM-43617,339.0,2368.58,2,25,Premium,Apple Pay,Australia,Desktop,No
ECOMM-96391,134.0,4076.95,2,25,Premium,Apple Pay,Canada,Tablet,No
ECOMM-78493,339.0,109.55,7,27,Premium,Apple Pay,Canada,Desktop,No
ECOMM-18377,18.0,3626.02,3,49,Free,PayPal,UK,Desktop,No
ECOMM-75903,81.0,2897.34,9,23,Free,Crypto,Australia,Mobile,No
ECOMM-73033,331.0,2820.94,8,34,Basic,Crypto,USA,Mobile,No
ECOMM-92507,200.0,2744.66,1,23,Basic,PayPal,USA,Tablet,Yes
ECOMM-15264,246.0,2693.96,3,21,Free,Crypto,Germany,Tablet,No
ECOMM-43099,163.0,2295.76,9,33,Free,Apple Pay,Australia,Tablet,No
ECOMM-38158,86.0,216.85,7,43,Free,Crypto,Canada,Desktop,No
ECOMM-98640,83.0,3895.48,3,5,Free,PayPal,Australia,Tablet,Yes
ECOMM-82520,141.0,834.16,6,36,Free,Apple Pay,UK,Mobile,No
ECOMM-89015,246.0,2298.22,6,4,Free,Credit Card,Germany,Desktop,Yes
ECOMM-39435,156.0,4327.56,5,2,Free,Credit Card,Australia,Tablet,No
ECOMM-60383,310.0,1482.74,0,20,Free,PayPal,USA,Mobile,No
ECOMM-59529,165.0,2961.68,0,2,Free,Apple Pay,USA,Mobile,No
ECOMM-29414,253.0,2977.37,4,24,Premium,Credit Card,Australia,Tablet,No
ECOMM-90466,303.0,4574.31,3,37,Free,Crypto,UK,Desktop,Yes
ECOMM-92798,89.0,240.75,0,37,Free,PayPal,USA,Desktop,No
ECOMM-80643,139.0,2889.0,3,17,Basic,PayPal,Australia,Tablet,No
ECOMM-25468,315.0,2848.57,3,1,Free,Apple Pay,UK,Mobile,No
ECOMM-37897,129.0,848.92,9,9,Free,Apple Pay,UK,Desktop,No
ECOMM-79319,269.0,1699.2,2,11,Free,Credit Card,USA,Desktop,No
ECOMM-84120,335.0,2673.41,7,7,Free,Crypto,UK,Tablet,Yes
ECOMM-89889,143.0,1851.74,0,36,Free,Apple Pay,Canada,Tablet,No
ECOMM-99082,155.0,2760.1,4,49,Free,Apple Pay,UK,Desktop,Yes
ECOMM-74616,223.0,4467.0,2,38,Free,Credit Card,Australia,Mobile,No
ECOMM-57260,219.0,3419.96,2,4,Premium,PayPal,Canada,Tablet,No
ECOMM-32098,264.0,1184.61,3,0,Free,PayPal,Australia,Desktop,Yes
ECOMM-66047,69.0,1688.74,9,3,Free,Crypto,Canada,Tablet,Yes
ECOMM-72911,266.0,1911.14,9,32,Free,Credit Card,UK,Tablet,Yes
ECOMM-76144,226.0,1366.38,0,31,Premium,Credit Card,Canada,Tablet,No
ECOMM-10835,140.0,3909.62,0,46,Basic,Crypto,Canada,Mobile,No
ECOMM-10336,58.0,3111.44,4,1,Free,Crypto,USA,Desktop,No
ECOMM-89091,42.0,1370.73,9,44,Free,Credit Card,USA,Tablet,No
ECOMM-40730,152.0,4285.94,7,35,Premium,PayPal,USA,Desktop,No
ECOMM-35874,241.0,2458.34,3,18,Basic,PayPal,UK,Desktop,No
ECOMM-41833,10.0,2727.23,4,6,Free,Crypto,Australia,Desktop,Yes
ECOMM-64330,200.0,635.6,6,30,Basic,Credit Card,Canada,Mobile,No
ECOMM-46500,290.0,1357.42,9,35,Free,Apple Pay,UK,Mobile,Yes
ECOMM-97303,211.0,4761.56,5,47,Free,Credit Card,Canada,Desktop,No
ECOMM-32023,328.0,2634.83,2,3,Free,Crypto,UK,Mobile,Yes
ECOMM-40103,302.0,4819.36,9,29,Basic,PayPal,UK,Tablet,No
ECOMM-85993,267.0,3566.86,6,23,Free,Apple Pay,Germany,Tablet,Yes
ECOMM-78835,316.0,3813.27,9,31,Basic,Credit Card,UK,Mobile,No
ECOMM-11522,224.0,4028.62,4,36,Free,Apple Pay,Canada,Mobile,No
ECOMM-80280,221.0,232.75,0,6,Premium,Credit Card,USA,Desktop,No
ECOMM-62471,255.0,1602.06,4,20,Premium,Apple Pay,USA,Tablet,No
ECOMM-56612,271.0,3780.68,6,48,Basic,Apple Pay,Canada,Desktop,Yes
ECOMM-79783,211.0,3579.82,0,28,Premium,Apple Pay,UK,Desktop,No
ECOMM-40812,249.0,4962.33,4,32,Free,Crypto,Australia,Mobile,No
ECOMM-51827,110.0,3842.47,7,23,Free,Crypto,Germany,Desktop,No
ECOMM-18264,184.0,4479.52,0,32,Free,PayPal,USA,Tablet,No
ECOMM-17628,305.0,1562.92,3,25,Free,Apple Pay,Canada,Desktop,No
ECOMM-46270,214.0,2062.65,6,3,Basic,Credit Card,USA,Desktop,Yes
ECOMM-99648,341.0,3043.44,0,43,Free,Credit Card,Germany,Desktop,No
ECOMM-18467,199.0,4046.79,6,19,Free,Apple Pay,Canada,Desktop,Yes
ECOMM-61846,253.0,2735.03,8,48,Basic,Credit Card,Australia,Mobile,No
ECOMM-23231,184.0,3308.94,6,18,Free,Credit Card,USA,Mobile,No
ECOMM-57833,171.0,3405.68,9,17,Free,PayPal,Australia,Mobile,No
ECOMM-44689,134.0,1508.47,1,28,Free,Crypto,Germany,Mobile,Yes
ECOMM-15834,152.0,3220.68,7,15,Free,Apple Pay,Australia,Desktop,No
ECOMM-11744,258.0,2758.41,7,23,Premium,Crypto,Australia,Tablet,No
ECOMM-15982,80.0,2673.43,1,8,Free,Credit Card,USA,Mobile,Yes
ECOMM-27328,30.0,22.56,7,2,Basic,Crypto,USA,Tablet,No
ECOMM-78138,286.0,2929.88,2,20,Free,Apple Pay,Germany,Tablet,No
ECOMM-63539,167.0,4180.36,1,34,Basic,PayPal,Canada,Mobile,No
ECOMM-47622,361.0,3701.92,8,47,Free,Credit Card,USA,Desktop,No
ECOMM-73042,199.0,4608.16,1,48,Free,Credit Card,USA,Desktop,No
ECOMM-43891,74.0,2855.71,0,49,Free,Credit Card,Canada,Desktop,No
ECOMM-41734,306.0,3288.93,8,11,Free,PayPal,Australia,Tablet,No
ECOMM-80696,265.0,492.48,8,28,Premium,Credit Card,Germany,Tablet,Yes
ECOMM-59176,149.0,4658.87,0,11,Free,Credit Card,Germany,Desktop,No
ECOMM-44949,137.0,3742.36,3,45,Basic,PayPal,Germany,Desktop,No
ECOMM-16565,166.0,1332.66,5,5,Basic,Credit Card,USA,Desktop,Yes
ECOMM-56113,177.0,288.04,8,24,Free,Credit Card,UK,Desktop,Yes
ECOMM-58288,183.0,2837.88,4,10,Basic,Crypto,Canada,Desktop,No
ECOMM-47742,65.0,21.21,8,24,Premium,Apple Pay,Australia,Mobile,No
ECOMM-64639,322.0,345.4,1,26,Free,PayPal,Germany,Desktop,No
ECOMM-14819,251.0,767.53,2,48,Basic,PayPal,Australia,Desktop,No
ECOMM-82846,255.0,2411.94,1,10,Basic,Credit Card,Germany,Tablet,No
ECOMM-80699,140.0,3071.41,5,27,Basic,Credit Card,Australia,Desktop,No
ECOMM-97672,180.0,2744.46,7,26,Premium,Crypto,Canada,Mobile,No
ECOMM-52798,363.0,4436.05,4,1,Basic,Apple Pay,Australia,Mobile,Yes
ECOMM-39988,99.0,4617.22,4,48,Free,Crypto,USA,Desktop,No
ECOMM-85101,330.0,2888.71,5,49,Free,PayPal,Germany,Desktop,No
ECOMM-79147,357.0,2028.56,1,23,Free,Apple Pay,Canada,Tablet,No
ECOMM-87573,89.0,3698.58,5,33,Premium,Credit Card,UK,Tablet,No
ECOMM-23965,138.0,104.65,0,27,Free,Crypto,Australia,Tablet,No
ECOMM-70615,350.0,4703.87,1,30,Basic,Apple Pay,Canada,Mobile,Yes
ECOMM-68341,129.0,3219.39,5,20,Free,Crypto,Germany,Mobile,No
ECOMM-49541,144.0,194.13,1,19,Premium,Apple Pay,Australia,Mobile,Yes
ECOMM-35952,131.0,4191.51,9,29,Free,PayPal,USA,Tablet,No
ECOMM-77726,87.0,557.27,1,23,Premium,Crypto,USA,Tablet,No
ECOMM-92144,60.0,4115.21,5,33,Basic,Apple Pay,Germany,Desktop,No
ECOMM-44537,315.0,4630.24,0,27,Premium,Credit Card,USA,Desktop,No
ECOMM-99169,184.0,4383.96,5,36,Free,Credit Card,Canada,Desktop,Yes
ECOMM-79462,339.0,1743.2,0,5,Free,PayPal,UK,Desktop,No
ECOMM-16761,58.0,1751.27,1,33,Free,Crypto,USA,Mobile,No
ECOMM-49527,337.0,3166.94,4,22,Free,PayPal,Germany,Desktop,No
ECOMM-99554,96.0,4498.73,2,39,Free,Credit Card,Australia,Desktop,No
ECOMM-72043,247.0,3548.08,9,39,Free,Apple Pay,UK,Mobile,Yes
ECOMM-14082,275.0,467.29,8,15,Basic,Apple Pay,Germany,Desktop,Yes
ECOMM-31436,93.0,2519.69,1,15,Free,PayPal,UK,Mobile,Yes
ECOMM-64727,52.0,985.39,2,27,Free,Credit Card,USA,Desktop,Yes
ECOMM-70988,26.0,2874.18,0,29,Basic,PayPal,UK,Tablet,No
ECOMM-34964,18.0,1310.71,1,37,Free,Apple Pay,UK,Desktop,No
ECOMM-53996,242.0,2157.67,8,22,Free,Apple Pay,UK,Tablet,Yes
ECOMM-37932,327.0,3074.49,2,5,Premium,PayPal,Canada,Desktop,No
ECOMM-30869,225.0,912.76,0,13,Basic,Credit Card,Australia,Tablet,Yes
ECOMM-11118,61.0,4266.52,2,31,Free,Apple Pay,UK,Tablet,No
ECOMM-38338,144.0,1484.2,9,43,Basic,PayPal,USA,Tablet,No
ECOMM-17997,39.0,4134.67,2,32,Free,PayPal,UK,Mobile,Yes
ECOMM-95506,278.0,714.48,0,0,Basic,Crypto,UK,Mobile,No
ECOMM-97520,211.0,3570.97,2,3,Premium,Apple Pay,USA,Tablet,Yes
ECOMM-37867,305.0,3979.64,7,23,Free,Crypto,Canada,Mobile,No
ECOMM-22320,181.0,364.84,7,31,Basic,Crypto,UK,Tablet,No
ECOMM-83896,216.0,2691.91,5,11,Free,Crypto,Canada,Mobile,Yes
ECOMM-24223,98.0,4415.48,5,49,Basic,Credit Card,UK,Tablet,No
ECOMM-18058,5.0,2521.78,7,15,Basic,Crypto,Canada,Mobile,No
ECOMM-74624,28.0,676.09,6,32,Basic,Credit Card,Australia,Mobile,No
ECOMM-37065,169.0,1282.65,4,14,Premium,PayPal,USA,Desktop,No
ECOMM-92645,292.0,787.91,1,36,Free,Credit Card,Australia,Mobile,No
ECOMM-31346,116.0,105.56,9,7,Premium,PayPal,UK,Tablet,No
ECOMM-99712,233.0,1550.2,4,3,Free,Crypto,Australia,Mobile,Yes
ECOMM-52034,207.0,1158.48,3,20,Free,Apple Pay,Australia,Tablet,No
ECOMM-87969,53.0,3661.76,7,48,Free,PayPal,USA,Desktop,No
ECOMM-65791,158.0,3131.52,6,40,Free,Crypto,Canada,Desktop,No
ECOMM-90494,106.0,1003.54,1,28,Premium,Apple Pay,USA,Desktop,No
ECOMM-57604,215.0,3331.79,4,17,Premium,Credit Card,Germany,Mobile,No
ECOMM-95833,302.0,689.11,5,7,Basic,PayPal,Germany,Mobile,No
ECOMM-78001,292.0,294.61,9,48,Free,Apple Pay,UK,Tablet,Yes
ECOMM-39681,330.0,2864.91,7,47,Basic,Crypto,Canada,Desktop,Yes
ECOMM-47828,230.0,799.19,8,43,Basic,Credit Card,Germany,Mobile,No
ECOMM-14318,195.0,4299.45,1,40,Basic,Crypto,Canada,Mobile,No
ECOMM-84255,91.0,1740.03,8,26,Premium,PayPal,UK,Tablet,No
ECOMM-23830,69.0,1955.48,6,48,Free,PayPal,UK,Mobile,No
ECOMM-12426,278.0,996.37,5,18,Free,Credit Card,Canada,Desktop,Yes
ECOMM-34356,6.0,4503.2,9,32,Basic,Crypto,UK,Desktop,No
ECOMM-41757,103.0,2805.18,1,9,Free,PayPal,UK,Tablet,No
ECOMM-95753,45.0,3139.74,9,25,Free,PayPal,Germany,Desktop,No
ECOMM-86973,42.0,1269.6,2,29,Free,PayPal,USA,Desktop,No
ECOMM-66894,311.0,2156.15,9,18,Premium,Credit Card,USA,Mobile,No
ECOMM-15473,58.0,1520.03,2,12,Basic,Crypto,USA,Desktop,Yes
ECOMM-27828,270.0,3508.85,8,29,Free,PayPal,Germany,Desktop,No
ECOMM-97557,48.0,411.53,8,34,Basic,PayPal,Australia,Desktop,No
ECOMM-22908,94.0,4674.45,6,30,Basic,Apple Pay,Canada,Tablet,Yes
ECOMM-58301,333.0,1047.44,2,5,Free,Crypto,Canada,Desktop,Yes
ECOMM-16163,181.0,1475.38,0,23,Premium,Crypto,USA,Mobile,No
ECOMM-32402,298.0,3817.12,9,7,Premium,PayPal,Germany,Desktop,Yes
ECOMM-60595,52.0,754.53,5,27,Free,Crypto,UK,Tablet,No
ECOMM-84925,27.0,205.66,7,16,Basic,Apple Pay,USA,Desktop,Yes
ECOMM-64235,41.0,1048.46,6,47,Free,Crypto,Canada,Tablet,No
ECOMM-54624,205.0,3258.22,5,21,Free,Apple Pay,UK,Tablet,Yes
ECOMM-65449,9.0,449.11,9,31,Premium,Credit Card,Canada,Mobile,No
ECOMM-73111,353.0,4684.45,6,16,Free,Apple Pay,UK,Tablet,No
ECOMM-73207,185.0,3929.41,6,49,Free,Crypto,Australia,Desktop,Yes
ECOMM-39826,267.0,4688.44,4,45,Basic,PayPal,Australia,Tablet,No
ECOMM-63300,260.0,1318.42,1,43,Premium,PayPal,Canada,Tablet,Yes
ECOMM-29159,319.0,2197.06,1,43,Free,PayPal,Germany,Desktop,No
ECOMM-38648,23.0,2334.55,5,13,Premium,Credit Card,USA,Mobile,No
ECOMM-87361,68.0,1233.73,6,48,Premium,Credit Card,Australia,Tablet,No
ECOMM-98706,148.0,4637.51,5,45,Free,Credit Card,USA,Mobile,Yes
ECOMM-53134,312.0,4454.9,6,46,Free,PayPal,Canada,Tablet,No
ECOMM-28013,210.0,3603.3,5,17,Basic,Credit Card,Canada,Desktop,Yes
ECOMM-89439,181.0,3988.93,3,35,Basic,Apple Pay,Canada,Desktop,No
ECOMM-88817,156.0,2967.47,7,10,Basic,Credit Card,USA,Desktop,Yes
ECOMM-58394,6.0,3606.44,7,15,Free,Credit Card,USA,Mobile,No
ECOMM-48067,15.0,4871.07,6,3,Free,Crypto,UK,Mobile,No
ECOMM-17550,240.0,719.36,4,29,Basic,Crypto,Canada,Tablet,No
ECOMM-81450,131.0,888.14,7,26,Basic,PayPal,UK,Tablet,No
ECOMM-95039,201.0,3961.75,8,27,Basic,Crypto,USA,Tablet,Yes
ECOMM-43259,222.0,67.46,9,26,Free,PayPal,Germany,Mobile,No
ECOMM-71883,66.0,430.87,6,10,Basic,Credit Card,Germany,Mobile,Yes
ECOMM-66252,77.0,3761.03,9,33,Basic,Crypto,Australia,Mobile,Yes
ECOMM-36674,79.0,1180.75,3,36,Free,Crypto,USA,Mobile,No
ECOMM-85145,233.0,3851.97,1,36,Free,PayPal,Australia,Desktop,No
ECOMM-81060,234.0,2059.52,1,11,Free,Crypto,UK,Tablet,Yes
ECOMM-46160,171.0,2642.1,3,23,Free,Crypto,UK,Mobile,No
ECOMM-30984,126.0,4286.28,1,32,Basic,PayPal,USA,Tablet,No
ECOMM-11026,244.0,2014.76,9,39,Free,Crypto,UK,Desktop,No
ECOMM-20051,99.0,2833.65,7,13,Free,Apple Pay,Australia,Tablet,No
ECOMM-81159,188.0,2875.93,4,26,Basic,Crypto,UK,Mobile,No
ECOMM-60786,331.0,2512.89,3,33,Free,PayPal,Australia,Mobile,No
ECOMM-88594,7.0,1060.59,6,17,Free,Crypto,Germany,Tablet,No
ECOMM-83095,285.0,4888.2,0,47,Basic,Apple Pay,Germany,Tablet,No
ECOMM-11902,361.0,358.53,5,8,Premium,PayPal,UK,Tablet,No
ECOMM-85722,312.0,4679.4,1,2,Premium,Crypto,UK,Mobile,No
ECOMM-27073,242.0,1542.22,2,6,Premium,Credit Card,Canada,Mobile,No
ECOMM-95987,275.0,595.32,7,29,Free,Credit Card,USA,Desktop,Yes
ECOMM-50798,10.0,1795.0,4,20,Premium,Apple Pay,UK,Desktop,No
ECOMM-96600,86.0,4575.32,3,19,Premium,Crypto,Australia,Mobile,No
ECOMM-37188,120.0,3249.07,8,0,Basic,Crypto,Germany,Desktop,No
ECOMM-99549,40.0,3685.2,2,47,Free,Crypto,UK,Desktop,No
ECOMM-95133,75.0,696.21,9,7,Free,Credit Card,UK,Mobile,Yes
ECOMM-31378,215.0,3676.27,0,35,Free,Crypto,Canada,Tablet,No
ECOMM-78080,192.0,282.26,3,8,Free,Apple Pay,Australia,Mobile,No
ECOMM-15689,152.0,3632.56,3,36,Free,Apple Pay,USA,Desktop,No
ECOMM-91821,190.0,4611.71,2,28,Basic,Apple Pay,Germany,Desktop,No
ECOMM-20035,342.0,1388.65,1,23,Basic,PayPal,Canada,Tablet,Yes
ECOMM-27945,132.0,3733.2,3,38,Basic,Credit Card,Germany,Desktop,No
ECOMM-55892,92.0,38.17,0,29,Basic,Crypto,Canada,Desktop,No
ECOMM-17274,256.0,3667.22,7,47,Basic,PayPal,UK,Tablet,No
ECOMM-66195,21.0,4181.45,2,22,Premium,Crypto,Germany,Desktop,No
ECOMM-25033,314.0,311.67,8,5,Free,PayPal,Canada,Desktop,Yes
ECOMM-30838,204.0,2893.94,2,0,Basic,Credit Card,Canada,Tablet,Yes
ECOMM-35648,104.0,910.03,0,24,Basic,Crypto,USA,Mobile,No
ECOMM-63235,75.0,3471.14,3,8,Free,PayPal,USA,Mobile,No
ECOMM-38457,36.0,1531.87,4,29,Free,PayPal,Germany,Mobile,No
ECOMM-63577,67.0,2337.32,7,8,Premium,PayPal,Canada,Tablet,No
ECOMM-43030,364.0,2742.48,9,19,Premium,Credit Card,Germany,Desktop,No
ECOMM-13120,34.0,1276.5,8,8,Free,Credit Card,Australia,Mobile,No
ECOMM-69119,306.0,3816.69,0,15,Premium,PayPal,Australia,Mobile,No
ECOMM-54819,123.0,67.17,2,33,Free,Credit Card,Canada,Tablet,No
ECOMM-42534,106.0,363.74,3,27,Basic,Apple Pay,Germany,Mobile,No
ECOMM-13204,225.0,1307.29,4,36,Premium,Crypto,Canada,Mobile,No
ECOMM-30587,219.0,1902.67,4,18,Free,PayPal,UK,Mobile,No
ECOMM-82008,249.0,2940.56,1,42,Free,Crypto,Canada,Desktop,No
ECOMM-49685,29.0,2912.95,3,23,Free,PayPal,UK,Desktop,No
ECOMM-48350,104.0,1487.18,2,27,Free,PayPal,UK,Tablet,No
ECOMM-48653,350.0,4190.66,6,28,Premium,Apple Pay,Australia,Desktop,No
ECOMM-20888,319.0,1667.35,0,35,Basic,Apple Pay,Australia,Desktop,No
ECOMM-70124,108.0,2279.59,7,18,Basic,Crypto,Germany,Mobile,Yes
ECOMM-26941,340.0,831.41,1,41,Free,PayPal,USA,Mobile,No
ECOMM-38961,100.0,1012.22,5,33,Premium,PayPal,Australia,Tablet,No
ECOMM-58341,74.0,3852.34,1,13,Premium,Crypto,Canada,Desktop,No
ECOMM-67281,79.0,1523.0,2,8,Premium,Credit Card,UK,Desktop,No
ECOMM-92719,41.0,834.6,9,29,Basic,Crypto,Canada,Desktop,No
ECOMM-47749,85.0,3131.19,8,25,Basic,Credit Card,Australia,Mobile,No
ECOMM-95760,61.0,1009.36,1,0,Free,Apple Pay,Canada,Tablet,No
ECOMM-41827,328.0,3024.64,5,19,Premium,Credit Card,Canada,Desktop,No
ECOMM-55295,298.0,3434.87,4,1,Free,PayPal,UK,Desktop,No
ECOMM-35531,96.0,2936.42,2,44,Free,Credit Card,USA,Mobile,No
ECOMM-42325,93.0,2677.31,5,5,Premium,Crypto,UK,Mobile,No
ECOMM-92397,157.0,4994.26,5,27,Free,PayPal,Germany,Tablet,No
ECOMM-99925,287.0,739.1,0,22,Basic,PayPal,Australia,Tablet,Yes
ECOMM-29602,186.0,793.13,0,46,Free,Apple Pay,USA,Desktop,No
ECOMM-60573,73.0,4220.85,0,14,Basic,Apple Pay,Australia,Mobile,No
ECOMM-93855,283.0,122.95,5,44,Free,PayPal,Australia,Desktop,Yes
ECOMM-12038,30.0,174.67,2,11,Basic,Apple Pay,USA,Mobile,No
ECOMM-25808,352.0,2319.81,6,40,Free,Apple Pay,Canada,Desktop,No
ECOMM-10183,147.0,1782.84,5,8,Basic,PayPal,UK,Desktop,No
ECOMM-75659,329.0,672.85,2,10,Free,PayPal,Canada,Desktop,Yes
ECOMM-53653,240.0,2653.76,8,20,Basic,PayPal,Germany,Mobile,Yes
ECOMM-70059,190.0,3630.24,9,43,Free,Crypto,UK,Tablet,Yes
ECOMM-90836,15.0,1587.09,4,37,Premium,Credit Card,Canada,Desktop,No
ECOMM-60442,256.0,3862.81,3,23,Free,Credit Card,USA,Desktop,Yes
ECOMM-24456,25.0,2802.01,9,20,Free,Crypto,UK,Desktop,Yes
ECOMM-48080,91.0,3652.33,7,14,Premium,PayPal,Germany,Tablet,Yes
ECOMM-63426,168.0,1080.12,3,38,Free,Crypto,UK,Mobile,No
ECOMM-66818,200.0,2377.85,8,32,Free,Crypto,Canada,Tablet,No
ECOMM-74531,313.0,1427.47,1,32,Premium,PayPal,UK,Tablet,No
ECOMM-18527,70.0,174.88,3,6,Premium,PayPal,Australia,Mobile,No
ECOMM-27187,220.0,806.33,9,29,Free,Crypto,Canada,Mobile,No
ECOMM-28217,43.0,1093.42,3,29,Free,Apple Pay,USA,Mobile,No
ECOMM-98858,155.0,975.14,0,28,Free,Apple Pay,Australia,Tablet,No
ECOMM-83066,29.0,2202.41,0,28,Basic,Crypto,Canada,Tablet,No
ECOMM-74266,326.0,2929.92,9,16,Free,PayPal,Canada,Mobile,Yes
ECOMM-52084,291.0,4589.45,1,20,Basic,Apple Pay,Germany,Desktop,No
ECOMM-31287,50.0,417.6,7,21,Free,Crypto,Germany,Desktop,No
ECOMM-84742,112.0,1122.69,5,48,Premium,Crypto,USA,Tablet,No
ECOMM-11347,168.0,2086.83,7,35,Basic,PayPal,USA,Desktop,No
ECOMM-40896,340.0,2804.12,1,43,Premium,Credit Card,Canada,Desktop,No
ECOMM-57711,37.0,4567.44,6,46,Free,Apple Pay,Australia,Tablet,No
ECOMM-63620,259.0,4746.9,8,23,Premium,Credit Card,Germany,Tablet,Yes
ECOMM-31826,198.0,317.27,3,18,Basic,PayPal,Canada,Tablet,No
ECOMM-53929,220.0,3568.19,2,8,Free,Crypto,Canada,Tablet,No
ECOMM-41555,124.0,2282.46,6,3,Premium,PayPal,Canada,Mobile,No
ECOMM-88150,125.0,240.95,9,31,Free,Apple Pay,Canada,Tablet,No
ECOMM-43916,363.0,4590.55,7,11,Basic,PayPal,Canada,Tablet,Yes
ECOMM-43997,142.0,2744.61,0,17,Free,Apple Pay,USA,Tablet,No
ECOMM-73541,68.0,4848.84,8,1,Basic,PayPal,Germany,Mobile,No
ECOMM-49718,297.0,2099.26,5,11,Free,Crypto,Canada,Desktop,Yes
ECOMM-72471,48.0,254.72,5,13,Free,Apple Pay,Canada,Mobile,No
ECOMM-45302,200.0,260.16,6,30,Basic,Apple Pay,Australia,Mobile,No
ECOMM-81679,272.0,3811.66,6,28,Free,Crypto,USA,Desktop,No
ECOMM-92351,248.0,3604.87,2,28,Premium,Apple Pay,UK,Tablet,No
ECOMM-20641,186.0,1390.21,3,30,Premium,Credit Card,UK,Mobile,No
ECOMM-28505,193.0,294.73,9,17,Basic,PayPal,Canada,Mobile,Yes
ECOMM-98855,81.0,544.35,8,11,Premium,Apple Pay,UK,Mobile,No
ECOMM-90793,336.0,156.39,2,33,Free,Crypto,Canada,Mobile,No
ECOMM-67669,169.0,270.13,6,44,Basic,Crypto,Australia,Mobile,No
ECOMM-25658,170.0,914.78,6,35,Premium,PayPal,Australia,Desktop,Yes
ECOMM-63158,79.0,2795.1,2,40,Free,Credit Card,Canada,Mobile,No
ECOMM-56693,283.0,4293.66,3,26,Free,Apple Pay,Canada,Desktop,Yes
ECOMM-53555,151.0,232.23,7,46,Premium,PayPal,USA,Tablet,No
ECOMM-99098,242.0,3208.92,8,10,Free,Crypto,Australia,Tablet,Yes
ECOMM-68840,288.0,2888.76,2,22,Premium,Crypto,Germany,Mobile,No
ECOMM-70649,276.0,2403.3,4,30,Free,PayPal,USA,Tablet,No
ECOMM-83169,1.0,627.07,9,13,Premium,Apple Pay,Canada,Desktop,No
ECOMM-99991,142.0,2123.49,6,0,Premium,Apple Pay,USA,Desktop,No
ECOMM-51176,40.0,259.63,8,49,Premium,Crypto,Canada,Tablet,No
ECOMM-43871,124.0,1495.18,7,42,Basic,Credit Card,UK,Desktop,No
ECOMM-97770,251.0,4892.87,2,40,Free,Crypto,Australia,Tablet,No
ECOMM-26122,150.0,1070.71,9,0,Premium,Credit Card,UK,Mobile,No
ECOMM-41461,262.0,2724.99,3,3,Free,Apple Pay,UK,Desktop,Yes
ECOMM-72673,19.0,2032.94,1,2,Free,Apple Pay,Germany,Mobile,Yes
ECOMM-42790,340.0,3005.56,1,31,Premium,Crypto,Germany,Desktop,No
ECOMM-35709,25.0,1031.83,4,41,Basic,Apple Pay,Germany,Mobile,Yes
ECOMM-85481,218.0,2163.47,4,27,Basic,PayPal,USA,Mobile,Yes
ECOMM-39239,318.0,1026.21,9,25,Premium,Crypto,USA,Mobile,No
ECOMM-68428,145.0,1910.64,0,33,Premium,Apple Pay,UK,Mobile,No
ECOMM-14104,261.0,289.72,9,43,Free,Apple Pay,Germany,Tablet,No
ECOMM-14992,320.0,388.25,6,39,Free,Credit Card,USA,Mobile,No
ECOMM-86718,318.0,1499.91,2,4,Free,Apple Pay,USA,Mobile,No
ECOMM-25362,16.0,96.43,3,23,Premium,Credit Card,USA,Mobile,No
ECOMM-34526,172.0,776.85,2,19,Free,PayPal,Germany,Tablet,Yes
ECOMM-92668,278.0,4886.6,4,28,Free,Crypto,Germany,Tablet,Yes
ECOMM-41517,124.0,3961.49,4,37,Free,Credit Card,Australia,Desktop,No
ECOMM-67642,40.0,3931.32,2,45,Free,Apple Pay,UK,Desktop,No
ECOMM-37966,71.0,340.2,3,16,Basic,PayPal,USA,Tablet,No
ECOMM-40846,159.0,4625.25,8,13,Basic,PayPal,Germany,Tablet,No
ECOMM-34098,4.0,3859.36,9,24,Free,Apple Pay,Germany,Mobile,Yes
ECOMM-34499,200.0,1012.55,2,20,Premium,Crypto,Australia,Desktop,No
ECOMM-55641,5.0,1409.48,3,4,Free,Credit Card,USA,Desktop,No
ECOMM-15328,94.0,2949.04,2,8,Free,Credit Card,Canada,Desktop,No
ECOMM-18664,301.0,1823.29,9,40,Premium,Credit Card,Germany,Tablet,No
ECOMM-66049,296.0,654.6,4,7,Premium,PayPal,Germany,Mobile,Yes
ECOMM-67929,13.0,3134.65,4,38,Free,PayPal,Canada,Desktop,No
ECOMM-37637,10.0,678.61,8,5,Free,Crypto,Canada,Tablet,No
ECOMM-41289,46.0,1664.43,2,30,Free,Crypto,USA,Tablet,No
ECOMM-69403,313.0,4557.61,9,45,Basic,Apple Pay,UK,Desktop,No
ECOMM-17192,353.0,4607.18,5,18,Premium,Apple Pay,Germany,Tablet,No
ECOMM-14457,303.0,203.0,5,3,Free,Credit Card,USA,Mobile,No
ECOMM-26009,35.0,2695.56,2,17,Free,Credit Card,UK,Tablet,No
ECOMM-56472,77.0,1549.84,7,46,Basic,Credit Card,Germany,Tablet,No
ECOMM-41424,42.0,254.75,9,42,Free,Crypto,UK,Tablet,No
ECOMM-86684,117.0,2798.54,3,44,Basic,Apple Pay,USA,Tablet,No
ECOMM-61884,316.0,2676.92,8,27,Premium,Apple Pay,Germany,Tablet,No
ECOMM-56336,266.0,133.6,5,13,Free,Apple Pay,Canada,Desktop,Yes
ECOMM-11888,312.0,3596.75,1,12,Premium,PayPal,USA,Tablet,No
ECOMM-54685,190.0,2163.27,8,47,Premium,Crypto,Australia,Tablet,Yes
ECOMM-43696,231.0,4991.91,4,3,Free,Crypto,Germany,Tablet,No
ECOMM-60848,7.0,993.58,5,28,Basic,PayPal,Canada,Desktop,Yes
ECOMM-48608,190.0,2581.83,6,49,Free,Credit Card,USA,Desktop,No
ECOMM-32431,110.0,4057.37,6,40,Premium,Crypto,USA,Mobile,No
ECOMM-43356,9.0,1680.44,3,36,Basic,Apple Pay,USA,Mobile,No
ECOMM-85211,255.0,755.91,9,20,Free,Crypto,Germany,Mobile,No
ECOMM-73949,17.0,3456.75,1,8,Free,Crypto,USA,Tablet,No
ECOMM-66008,189.0,4389.12,8,6,Free,PayPal,Australia,Mobile,Yes
ECOMM-23022,43.0,3384.25,6,26,Free,Credit Card,USA,Tablet,Yes
ECOMM-40279,197.0,4043.62,5,2,Premium,Credit Card,USA,Desktop,Yes
ECOMM-52748,306.0,2519.87,0,19,Premium,Crypto,USA,Mobile,No
ECOMM-38256,251.0,2525.43,7,47,Basic,Crypto,USA,Mobile,Yes
ECOMM-16488,203.0,2225.87,1,26,Basic,Credit Card,Canada,Mobile,Yes
ECOMM-59770,291.0,4651.55,3,16,Basic,Credit Card,UK,Tablet,No
ECOMM-92046,276.0,558.51,8,26,Premium,Apple Pay,Canada,Tablet,No
ECOMM-44746,93.0,697.72,5,12,Free,Credit Card,USA,Desktop,Yes
ECOMM-35457,227.0,2060.32,5,1,Free,Crypto,Germany,Tablet,Yes
ECOMM-96675,105.0,1970.74,5,20,Basic,Apple Pay,USA,Tablet,Yes
ECOMM-87968,83.0,4974.78,4,29,Premium,Crypto,UK,Mobile,No
ECOMM-37022,339.0,2386.28,0,11,Free,PayPal,USA,Tablet,No
ECOMM-39723,220.0,3373.55,9,2,Free,Credit Card,UK,Tablet,Yes
ECOMM-40357,110.0,4213.0,9,22,Free,Crypto,Canada,Tablet,No
ECOMM-54090,30.0,203.55,7,32,Free,Crypto,Canada,Mobile,Yes
ECOMM-99275,17.0,2445.9,5,21,Premium,Apple Pay,USA,Mobile,No
ECOMM-62333,101.0,3323.01,7,45,Free,Credit Card,USA,Tablet,No
ECOMM-76824,240.0,697.14,5,30,Free,Credit Card,USA,Mobile,No
ECOMM-79452,269.0,2942.69,1,4,Basic,Apple Pay,Canada,Desktop,No
ECOMM-77625,175.0,4734.32,1,10,Free,Credit Card,UK,Tablet,No
ECOMM-95972,116.0,2834.61,0,5,Basic,Crypto,Germany,Desktop,No
ECOMM-21961,233.0,3326.07,9,20,Free,Apple Pay,Germany,Mobile,No
ECOMM-53374,142.0,2498.14,4,5,Basic,Credit Card,USA,Mobile,Yes
ECOMM-28152,281.0,693.17,5,36,Premium,Crypto,Australia,Desktop,Yes
ECOMM-81230,115.0,934.28,5,19,Free,Apple Pay,Germany,Desktop,No
ECOMM-56267,38.0,347.44,7,16,Basic,Crypto,UK,Tablet,Yes
ECOMM-36579,257.0,4449.4,8,19,Free,Apple Pay,UK,Tablet,Yes
ECOMM-60702,82.0,1413.11,6,2,Premium,Apple Pay,Germany,Tablet,Yes
ECOMM-61161,363.0,472.88,4,20,Premium,Credit Card,Germany,Tablet,Yes
ECOMM-46830,213.0,440.4,6,2,Basic,Credit Card,Germany,Desktop,No
ECOMM-12450,297.0,329.53,2,21,Free,Credit Card,USA,Mobile,No
ECOMM-90388,203.0,2656.15,7,2,Free,Apple Pay,UK,Mobile,Yes
ECOMM-82159,11.0,127.82,1,6,Premium,Apple Pay,Germany,Desktop,Yes
ECOMM-47902,353.0,2032.41,6,40,Free,Crypto,UK,Tablet,No
ECOMM-25494,126.0,3027.45,0,17,Basic,Crypto,Canada,Mobile,No
ECOMM-10603,31.0,1106.01,6,21,Basic,Crypto,UK,Desktop,No
ECOMM-83881,249.0,2963.9,8,35,Premium,Credit Card,Canada,Desktop,No
ECOMM-18653,207.0,3948.83,3,12,Basic,Credit Card,Germany,Tablet,No
ECOMM-92100,174.0,1931.73,2,19,Basic,Credit Card,Australia,Mobile,No
ECOMM-75640,78.0,2393.06,7,15,Free,Apple Pay,USA,Desktop,No
ECOMM-35404,40.0,1285.9,4,40,Basic,Apple Pay,Australia,Mobile,No
ECOMM-88810,90.0,3494.32,8,36,Basic,Apple Pay,Canada,Tablet,No
ECOMM-21057,339.0,2836.66,2,12,Basic,Apple Pay,USA,Mobile,No
ECOMM-82833,207.0,1267.35,6,45,Free,Credit Card,Germany,Mobile,Yes
ECOMM-97398,43.0,3623.66,4,25,Basic,Crypto,USA,Desktop,No
ECOMM-25544,17.0,782.73,8,1,Basic,Apple Pay,USA,Mobile,No
ECOMM-15857,223.0,2360.46,2,34,Free,Apple Pay,Australia,Desktop,No
ECOMM-40849,224.0,2587.82,1,9,Free,Apple Pay,Germany,Mobile,No
ECOMM-37004,344.0,2682.13,0,33,Free,Credit Card,Germany,Desktop,No
ECOMM-43973,274.0,752.0,4,14,Basic,Credit Card,Australia,Desktop,Yes
ECOMM-25396,79.0,1700.98,5,40,Basic,Apple Pay,Germany,Mobile,No
ECOMM-58478,74.0,4567.14,0,41,Free,Apple Pay,UK,Mobile,Yes
ECOMM-25671,51.0,1303.86,8,8,Basic,Apple Pay,Germany,Tablet,No
ECOMM-47350,154.0,1844.04,7,48,Basic,Crypto,USA,Tablet,No
ECOMM-54848,85.0,1813.38,4,11,Basic,Credit Card,Australia,Desktop,Yes
ECOMM-96684,238.0,1592.65,6,47,Basic,Crypto,Canada,Tablet,Yes
ECOMM-22107,289.0,595.33,6,22,Premium,PayPal,Canada,Mobile,No
ECOMM-19664,7.0,2422.39,8,10,Basic,Credit Card,USA,Mobile,No
ECOMM-65477,286.0,140.13,7,28,Free,PayPal,Australia,Desktop,No
ECOMM-97416,331.0,3080.06,0,44,Free,PayPal,USA,Tablet,Yes
ECOMM-45381,351.0,1531.51,8,35,Free,Apple Pay,UK,Mobile,Yes
ECOMM-87203,311.0,4695.18,2,33,Free,Credit Card,Germany,Desktop,No
ECOMM-65998,357.0,1843.43,4,13,Premium,Apple Pay,UK,Desktop,Yes
ECOMM-67157,202.0,1397.42,3,21,Free,Credit Card,Germany,Tablet,No
ECOMM-78600,94.0,4007.28,8,30,Free,Apple Pay,USA,Mobile,No
ECOMM-48837,364.0,1061.24,8,48,Basic,Apple Pay,USA,Tablet,Yes
ECOMM-21427,93.0,4815.95,3,45,Free,Credit Card,Germany,Tablet,No
ECOMM-45312,340.0,158.88,2,27,Basic,Crypto,UK,Mobile,Yes
ECOMM-49863,313.0,1390.86,1,8,Premium,Credit Card,Germany,Tablet,No
ECOMM-29606,4.0,3673.32,7,22,Free,PayPal,USA,Tablet,Yes
ECOMM-41548,91.0,42.49,5,15,Premium,PayPal,Australia,Tablet,No
ECOMM-82032,75.0,2185.03,4,22,Basic,PayPal,Germany,Desktop,No
ECOMM-92826,301.0,4674.1,6,5,Premium,Credit Card,Canada,Desktop,Yes
ECOMM-38121,207.0,2913.93,0,34,Basic,Apple Pay,Germany,Desktop,No
ECOMM-95427,209.0,2249.06,3,19,Basic,PayPal,Canada,Tablet,No
ECOMM-24619,80.0,3259.83,3,12,Free,Crypto,UK,Desktop,Yes
ECOMM-72840,189.0,1598.91,2,27,Free,Credit Card,Canada,Mobile,Yes
ECOMM-31932,273.0,2076.02,8,11,Basic,PayPal,Australia,Tablet,Yes
ECOMM-81436,312.0,2442.8,1,29,Free,Crypto,UK,Desktop,No
ECOMM-47017,222.0,724.36,7,10,Premium,PayPal,Germany,Mobile,No
ECOMM-75988,207.0,936.32,2,20,Basic,Apple Pay,Canada,Tablet,Yes
ECOMM-30139,307.0,4862.92,8,31,Premium,Credit Card,Germany,Mobile,No
ECOMM-83405,282.0,184.3,8,21,Free,Crypto,Canada,Tablet,Yes
ECOMM-59534,140.0,978.52,6,35,Premium,Credit Card,Australia,Tablet,No
ECOMM-25407,308.0,3721.88,1,16,Free,Credit Card,Germany,Mobile,Yes
ECOMM-70474,59.0,1720.83,8,11,Free,PayPal,Australia,Tablet,Yes
ECOMM-19803,93.0,4949.05,7,45,Basic,Crypto,Canada,Desktop,No
ECOMM-52295,155.0,156.75,5,2,Basic,Apple Pay,Australia,Desktop,Yes
ECOMM-18299,338.0,1988.98,8,23,Free,PayPal,Australia,Mobile,Yes
ECOMM-33583,287.0,219.55,8,17,Free,Credit Card,Germany,Mobile,Yes
ECOMM-11959,147.0,2807.37,1,15,Premium,Apple Pay,Canada,Mobile,No
ECOMM-32110,327.0,535.22,7,13,Basic,Credit Card,Canada,Mobile,Yes
ECOMM-57840,148.0,3015.84,3,32,Free,Crypto,Australia,Mobile,No
ECOMM-88966,74.0,3405.2,5,34,Premium,PayPal,Australia,Tablet,No
ECOMM-22310,327.0,1971.9,8,23,Free,PayPal,UK,Desktop,Yes
ECOMM-30947,331.0,2123.35,2,45,Basic,Crypto,Canada,Mobile,No
ECOMM-85250,148.0,3912.99,9,37,Free,Apple Pay,Australia,Desktop,No
ECOMM-92880,3.0,813.04,6,29,Free,PayPal,Australia,Tablet,No
ECOMM-57704,90.0,4848.2,6,3,Premium,Crypto,Australia,Tablet,No
ECOMM-42033,282.0,2829.25,5,19,Free,PayPal,Australia,Mobile,No
ECOMM-27632,242.0,4509.7,8,21,Free,Crypto,Germany,Desktop,No
ECOMM-58687,304.0,4821.2,6,27,Free,Apple Pay,Australia,Tablet,Yes
ECOMM-19005,291.0,2912.29,5,45,Free,Apple Pay,Canada,Tablet,Yes
ECOMM-82742,138.0,2377.12,3,13,Basic,Credit Card,UK,Desktop,No
ECOMM-28524,45.0,414.87,8,24,Basic,Crypto,Germany,Desktop,No
ECOMM-90274,351.0,762.74,9,5,Free,Credit Card,USA,Mobile,Yes
ECOMM-22538,9.0,4832.91,6,48,Free,Crypto,UK,Desktop,No
ECOMM-41206,306.0,320.23,3,30,Premium,Crypto,USA,Mobile,No
ECOMM-94446,126.0,2340.55,8,48,Basic,PayPal,Canada,Mobile,Yes
ECOMM-47985,139.0,3677.83,0,36,Free,Crypto,Australia,Mobile,No
ECOMM-54255,224.0,2452.28,5,8,Free,PayPal,USA,Desktop,Yes
ECOMM-67869,42.0,104.47,0,35,Basic,Credit Card,Germany,Desktop,No
ECOMM-96995,90.0,3191.55,5,36,Free,Credit Card,USA,Tablet,No
ECOMM-35865,219.0,624.44,5,41,Premium,Apple Pay,USA,Desktop,No
ECOMM-60657,43.0,2445.6,4,29,Basic,Crypto,Australia,Mobile,No
ECOMM-52868,257.0,1005.59,9,31,Free,Credit Card,USA,Mobile,Yes
ECOMM-94394,22.0,1849.62,0,10,Basic,PayPal,Australia,Mobile,No
ECOMM-56375,294.0,4928.53,3,4,Free,Apple Pay,USA,Tablet,No
ECOMM-22148,341.0,31.41,4,40,Free,Apple Pay,UK,Mobile,Yes
ECOMM-34030,246.0,754.28,6,47,Basic,Credit Card,Canada,Tablet,No
ECOMM-35766,66.0,339.76,0,1,Free,Crypto,Australia,Mobile,No
ECOMM-52421,14.0,4783.39,8,24,Free,Credit Card,USA,Tablet,Yes
ECOMM-71121,57.0,2824.91,6,4,Basic,Crypto,Canada,Desktop,No
ECOMM-14908,172.0,2813.13,0,22,Free,Apple Pay,USA,Desktop,No
ECOMM-23644,120.0,610.66,3,15,Basic,Credit Card,USA,Desktop,No
ECOMM-24509,221.0,366.91,3,25,Basic,Credit Card,Germany,Desktop,No
ECOMM-20686,228.0,2249.88,7,43,Basic,Credit Card,Australia,Tablet,Yes
ECOMM-59095,46.0,4701.18,2,25,Basic,Credit Card,Australia,Desktop,No
ECOMM-44878,350.0,4431.29,0,37,Free,Apple Pay,Canada,Tablet,No
ECOMM-72627,174.0,587.88,1,44,Free,Credit Card,Canada,Mobile,No
ECOMM-70692,357.0,1085.85,1,27,Free,PayPal,Canada,Mobile,Yes
ECOMM-28821,208.0,1401.28,8,47,Free,Crypto,Canada,Desktop,No
ECOMM-26565,269.0,3206.17,1,0,Basic,Apple Pay,Germany,Tablet,No
ECOMM-88725,183.0,4020.23,8,10,Free,PayPal,UK,Desktop,Yes
ECOMM-48121,233.0,2186.41,4,18,Free,PayPal,UK,Tablet,No
ECOMM-19304,36.0,1270.34,5,26,Basic,Crypto,USA,Desktop,Yes
ECOMM-61533,154.0,2044.56,2,35,Free,Apple Pay,Germany,Mobile,No
ECOMM-38410,52.0,2146.09,1,47,Basic,Apple Pay,Germany,Desktop,No
ECOMM-35603,234.0,406.6,6,6,Free,Apple Pay,USA,Mobile,Yes
ECOMM-59037,150.0,28.2,2,9,Premium,Credit Card,USA,Tablet,No
ECOMM-28062,57.0,1583.55,0,29,Free,Credit Card,Canada,Desktop,No
ECOMM-37021,293.0,4845.77,3,6,Basic,PayPal,Germany,Mobile,No
ECOMM-23232,51.0,2284.97,5,37,Free,Apple Pay,Canada,Desktop,No
ECOMM-60122,150.0,736.68,9,46,Free,Crypto,Australia,Tablet,No
ECOMM-69702,161.0,54.76,6,45,Basic,Apple Pay,USA,Desktop,No
ECOMM-54046,187.0,3818.08,6,15,Free,PayPal,Germany,Tablet,No
ECOMM-39301,77.0,131.18,9,6,Free,PayPal,Australia,Desktop,No
ECOMM-33385,333.0,2842.59,9,1,Free,Credit Card,Australia,Tablet,No
ECOMM-47452,51.0,4783.36,9,28,Free,Crypto,UK,Tablet,No
ECOMM-44324,287.0,4895.53,6,44,Basic,PayPal,Germany,Tablet,Yes
ECOMM-60085,226.0,1918.27,1,22,Basic,Crypto,UK,Tablet,No
ECOMM-40638,211.0,984.4,1,27,Free,Credit Card,UK,Tablet,No
ECOMM-42053,107.0,851.86,8,13,Premium,Credit Card,UK,Mobile,No
ECOMM-74718,141.0,3324.43,6,46,Basic,PayPal,Australia,Tablet,No
ECOMM-81722,174.0,1505.13,9,42,Basic,Crypto,UK,Desktop,No
ECOMM-42269,236.0,429.22,8,39,Free,Apple Pay,USA,Desktop,No
ECOMM-74735,180.0,3463.07,1,48,Free,PayPal,Australia,Tablet,No
ECOMM-82577,53.0,771.2,1,49,Free,Apple Pay,USA,Mobile,No
ECOMM-71476,66.0,3231.99,2,8,Free,PayPal,Germany,Mobile,No
ECOMM-43518,296.0,3217.21,3,30,Premium,Crypto,UK,Mobile,No
ECOMM-53349,1.0,1606.82,6,13,Basic,Apple Pay,USA,Mobile,No
ECOMM-57828,176.0,4503.05,0,47,Free,Credit Card,USA,Desktop,No
ECOMM-17533,81.0,970.81,6,13,Free,Credit Card,Germany,Mobile,No
ECOMM-28235,8.0,3658.84,3,6,Free,Credit Card,Canada,Desktop,No
ECOMM-71822,170.0,128.43,6,25,Free,Crypto,UK,Desktop,No
ECOMM-96721,178.0,177.01,7,18,Premium,PayPal,Germany,Desktop,No
ECOMM-56863,141.0,3955.47,3,43,Premium,Crypto,USA,Mobile,No
ECOMM-90583,332.0,2492.84,3,14,Basic,Credit Card,UK,Mobile,Yes
ECOMM-62383,241.0,879.11,3,19,Premium,PayPal,UK,Desktop,No
ECOMM-32542,163.0,2311.13,4,0,Basic,Credit Card,Canada,Mobile,Yes
ECOMM-43280,260.0,2133.01,1,22,Free,PayPal,Australia,Mobile,No
ECOMM-37913,42.0,10.11,2,20,Free,Credit Card,UK,Desktop,No
ECOMM-36511,332.0,3524.19,3,20,Free,Crypto,Australia,Desktop,Yes
ECOMM-85858,192.0,697.71,7,42,Basic,PayPal,Australia,Tablet,No
ECOMM-47582,94.0,4471.25,1,19,Premium,Apple Pay,Canada,Desktop,No
ECOMM-48007,119.0,2325.78,8,34,Free,Credit Card,Germany,Desktop,Yes
ECOMM-70849,309.0,3021.28,6,47,Premium,PayPal,Germany,Desktop,No
ECOMM-29225,78.0,512.5,9,8,Free,Apple Pay,UK,Mobile,Yes
ECOMM-59896,161.0,171.28,4,29,Free,Crypto,UK,Desktop,No
ECOMM-72032,338.0,1844.55,6,11,Basic,PayPal,UK,Desktop,Yes
ECOMM-91866,67.0,3127.51,0,11,Free,Credit Card,USA,Desktop,No
ECOMM-29065,217.0,758.41,3,49,Premium,Apple Pay,Australia,Tablet,No
ECOMM-70491,206.0,1549.23,3,46,Basic,Crypto,Germany,Tablet,Yes
ECOMM-58971,223.0,1623.68,3,29,Basic,Crypto,Australia,Desktop,Yes
ECOMM-74684,219.0,3446.25,8,3,Premium,PayPal,UK,Tablet,No
ECOMM-21791,74.0,1514.13,1,43,Free,PayPal,Germany,Tablet,No
ECOMM-49353,39.0,1385.37,6,5,Basic,Crypto,Germany,Mobile,No
ECOMM-61349,57.0,1696.69,5,19,Premium,Apple Pay,USA,Tablet,No
ECOMM-36729,123.0,3473.11,2,39,Basic,Apple Pay,UK,Tablet,No
ECOMM-44351,272.0,3115.41,0,17,Free,Crypto,Canada,Tablet,No
ECOMM-61701,150.0,560.31,9,38,Basic,Apple Pay,Canada,Tablet,Yes
ECOMM-40018,201.0,4621.16,0,46,Basic,Credit Card,USA,Desktop,No
ECOMM-50000,110.0,1679.67,5,11,Free,Crypto,Australia,Desktop,No
ECOMM-92940,104.0,4321.89,9,30,Free,Credit Card,USA,Mobile,Yes
ECOMM-59449,254.0,3130.88,3,5,Basic,Apple Pay,Canada,Tablet,Yes
ECOMM-98109,202.0,1865.43,0,1,Free,Crypto,Canada,Mobile,No
ECOMM-52345,51.0,1804.09,0,41,Basic,Crypto,Australia,Mobile,No
ECOMM-40856,29.0,2823.37,6,49,Free,Credit Card,UK,Tablet,Yes
ECOMM-49442,172.0,4696.01,8,13,Basic,PayPal,Australia,Desktop,Yes
ECOMM-29288,61.0,4735.5,2,30,Free,Credit Card,Germany,Mobile,No
ECOMM-55250,3.0,4092.43,0,39,Free,Apple Pay,Germany,Tablet,No
ECOMM-83320,227.0,2508.77,4,1,Free,PayPal,Germany,Tablet,No
ECOMM-28837,107.0,3297.06,7,42,Free,Credit Card,Canada,Tablet,Yes
ECOMM-54001,146.0,1368.47,8,8,Basic,Crypto,Australia,Mobile,Yes
ECOMM-60423,354.0,339.57,7,22,Free,Crypto,Canada,Desktop,No
ECOMM-34978,183.0,1728.33,2,31,Premium,PayPal,USA,Mobile,No
ECOMM-74102,34.0,366.83,6,20,Basic,Crypto,Canada,Tablet,No
ECOMM-23427,165.0,4743.69,2,24,Basic,PayPal,Australia,Tablet,No
ECOMM-89461,280.0,139.77,6,12,Free,Apple Pay,UK,Desktop,Yes
ECOMM-76587,329.0,691.16,2,21,Free,PayPal,UK,Desktop,Yes
ECOMM-68529,172.0,1732.26,7,45,Free,Crypto,Canada,Mobile,No
ECOMM-82399,310.0,2626.0,7,17,Free,Apple Pay,USA,Tablet,Yes
ECOMM-54052,88.0,3254.25,8,15,Premium,Credit Card,UK,Desktop,No
ECOMM-94471,356.0,4281.6,9,6,Free,Crypto,Germany,Mobile,Yes
ECOMM-85864,233.0,4060.97,7,26,Premium,Apple Pay,Canada,Desktop,No
ECOMM-88163,258.0,4935.6,3,38,Free,Credit Card,Australia,Mobile,No
ECOMM-10170,281.0,4980.39,1,35,Premium,PayPal,USA,Mobile,No
ECOMM-40950,298.0,4044.04,2,4,Free,PayPal,Germany,Desktop,No
ECOMM-61100,52.0,2422.5,9,30,Free,Credit Card,Germany,Tablet,No
ECOMM-16641,349.0,1285.92,4,42,Free,Apple Pay,Germany,Tablet,No
ECOMM-29047,311.0,2328.98,3,33,Basic,PayPal,Germany,Mobile,No
ECOMM-29623,98.0,4134.84,0,38,Basic,Apple Pay,Germany,Mobile,No
ECOMM-15304,91.0,2243.66,0,24,Free,PayPal,Canada,Desktop,No
ECOMM-57783,41.0,888.12,7,17,Premium,Credit Card,Australia,Mobile,No
ECOMM-49578,283.0,1618.29,6,2,Free,Apple Pay,Germany,Tablet,Yes
ECOMM-67644,143.0,2746.09,9,32,Free,PayPal,Germany,Desktop,No
ECOMM-64777,17.0,647.9,6,35,Free,Apple Pay,Germany,Desktop,No
ECOMM-73053,182.0,4088.51,5,11,Basic,Apple Pay,Germany,Desktop,Yes
ECOMM-12996,100.0,3289.33,3,49,Basic,Credit Card,UK,Mobile,No
ECOMM-56026,348.0,1731.24,7,22,Basic,Apple Pay,USA,Mobile,No
ECOMM-45841,202.0,2271.83,0,5,Free,PayPal,Australia,Mobile,No
ECOMM-92543,51.0,72.1,9,2,Free,Apple Pay,UK,Desktop,No
ECOMM-66922,315.0,976.35,5,32,Free,Credit Card,USA,Desktop,No
ECOMM-92537,208.0,547.53,8,16,Free,Apple Pay,Australia,Mobile,No
ECOMM-67680,282.0,3399.52,2,13,Free,PayPal,Germany,Desktop,No
ECOMM-11485,31.0,3923.36,0,8,Free,Credit Card,USA,Mobile,No
ECOMM-20446,152.0,1145.77,6,29,Free,Crypto,UK,Tablet,No
ECOMM-40845,260.0,3377.67,8,37,Basic,Crypto,UK,Tablet,Yes
ECOMM-29615,264.0,227.91,9,5,Basic,PayPal,Germany,Mobile,Yes
ECOMM-94873,149.0,3806.01,5,24,Premium,Crypto,UK,Desktop,No
ECOMM-69016,197.0,4515.22,9,13,Free,Credit Card,Australia,Mobile,Yes
ECOMM-25135,93.0,1883.15,1,45,Premium,Credit Card,USA,Tablet,No
ECOMM-82417,40.0,917.61,0,27,Free,PayPal,Germany,Mobile,No
ECOMM-25043,311.0,4278.47,1,4,Free,Apple Pay,Germany,Desktop,No
ECOMM-15170,31.0,3725.71,9,9,Basic,Credit Card,USA,Tablet,Yes
ECOMM-81003,340.0,3973.56,2,16,Premium,Apple Pay,Germany,Tablet,No
ECOMM-44981,112.0,3458.45,7,32,Free,Crypto,USA,Desktop,Yes
ECOMM-68034,352.0,37.02,4,47,Premium,Apple Pay,Germany,Tablet,Yes
ECOMM-76192,140.0,3571.99,1,2,Free,Credit Card,USA,Mobile,Yes
ECOMM-51093,323.0,2502.62,8,14,Premium,PayPal,Canada,Tablet,No
ECOMM-91912,314.0,2977.49,2,28,Free,Credit Card,UK,Desktop,No
ECOMM-60729,46.0,3608.22,7,28,Premium,Crypto,Australia,Mobile,No
ECOMM-51837,248.0,354.08,2,14,Free,Apple Pay,UK,Mobile,Yes
ECOMM-97575,76.0,4367.84,1,16,Free,Apple Pay,Canada,Desktop,No
ECOMM-52738,265.0,3605.31,8,38,Premium,PayPal,Australia,Mobile,No
ECOMM-94028,347.0,4272.58,7,0,Free,Apple Pay,UK,Mobile,Yes
ECOMM-54910,359.0,4571.38,3,25,Free,Apple Pay,UK,Tablet,Yes
ECOMM-78908,20.0,3914.95,0,8,Free,PayPal,Australia,Tablet,No
ECOMM-13868,16.0,4828.51,3,33,Free,Credit Card,UK,Tablet,No
ECOMM-45942,165.0,1435.89,1,35,Free,Credit Card,Australia,Desktop,No
ECOMM-57880,20.0,4552.01,4,19,Premium,PayPal,USA,Desktop,No
ECOMM-94879,311.0,2127.13,3,25,Basic,PayPal,Canada,Desktop,No
ECOMM-81446,14.0,3054.58,2,4,Basic,Crypto,Australia,Tablet,No
ECOMM-73811,348.0,4054.54,5,47,Basic,PayPal,Canada,Tablet,Yes
ECOMM-40206,268.0,2705.52,0,31,Premium,Crypto,USA,Desktop,No
ECOMM-89746,204.0,419.01,3,10,Free,Crypto,Australia,Desktop,No
ECOMM-17491,350.0,4337.31,4,33,Free,Credit Card,Canada,Tablet,Yes
ECOMM-62527,161.0,2212.41,7,6,Free,Credit Card,UK,Desktop,Yes
ECOMM-21683,5.0,3380.31,9,10,Free,Crypto,Australia,Mobile,No
ECOMM-82284,267.0,837.03,2,4,Basic,Apple Pay,Australia,Desktop,No
ECOMM-55831,143.0,4174.97,9,31,Premium,Apple Pay,UK,Desktop,No
ECOMM-55677,132.0,117.5,0,7,Basic,Apple Pay,Canada,Mobile,No
ECOMM-97011,335.0,3799.98,7,25,Free,Crypto,Australia,Desktop,No
ECOMM-58191,190.0,4215.73,6,7,Premium,Credit Card,UK,Tablet,Yes
ECOMM-76599,86.0,1962.82,6,32,Free,Crypto,Canada,Mobile,No
ECOMM-63900,58.0,3828.07,2,3,Free,Apple Pay,Australia,Tablet,No
ECOMM-36562,176.0,37.2,6,40,Free,Credit Card,Australia,Mobile,No
ECOMM-79240,187.0,4205.15,3,4,Free,Apple Pay,Germany,Mobile,No
ECOMM-51626,167.0,600.96,8,30,Free,Credit Card,USA,Desktop,No
ECOMM-33432,45.0,2322.65,4,42,Free,PayPal,Canada,Desktop,No
ECOMM-22198,246.0,905.69,7,15,Free,Apple Pay,Germany,Tablet,Yes
ECOMM-80353,223.0,4526.17,5,17,Premium,Crypto,UK,Desktop,No
ECOMM-19230,283.0,47.49,1,37,Free,Credit Card,USA,Tablet,No
ECOMM-81767,137.0,1487.84,5,16,Free,PayPal,USA,Desktop,No
ECOMM-85150,301.0,2377.38,8,27,Free,Crypto,Australia,Tablet,Yes
ECOMM-80292,280.0,824.1,0,49,Basic,PayPal,USA,Tablet,Yes
ECOMM-59725,259.0,701.0,9,43,Free,Crypto,Australia,Tablet,No
ECOMM-77200,262.0,660.53,9,25,Free,Crypto,Germany,Mobile,No
ECOMM-12510,54.0,1318.0,3,42,Free,Crypto,Canada,Desktop,No
ECOMM-52739,352.0,4609.69,9,2,Free,Apple Pay,Germany,Desktop,Yes
ECOMM-80759,5.0,3113.29,1,44,Free,Crypto,Canada,Mobile,No
ECOMM-74286,141.0,824.44,5,21,Premium,Credit Card,USA,Tablet,No
ECOMM-73674,361.0,2895.37,6,39,Free,Credit Card,Germany,Desktop,No
ECOMM-78546,122.0,3084.34,7,43,Free,PayPal,USA,Tablet,No
ECOMM-83309,301.0,1172.33,4,17,Basic,Credit Card,Canada,Tablet,Yes
ECOMM-20717,175.0,4080.25,1,40,Free,Crypto,Canada,Mobile,No
ECOMM-44748,273.0,2037.81,0,2,Premium,PayPal,Germany,Desktop,Yes
ECOMM-94370,290.0,2626.3,9,26,Basic,Crypto,USA,Desktop,No
ECOMM-60028,298.0,2008.29,7,30,Basic,Apple Pay,USA,Tablet,No
ECOMM-70558,129.0,4455.55,3,11,Premium,PayPal,Canada,Desktop,No
ECOMM-89348,168.0,916.79,2,10,Basic,Crypto,Germany,Desktop,Yes
ECOMM-53214,248.0,3281.81,7,29,Free,Credit Card,Canada,Tablet,Yes
ECOMM-57336,109.0,1818.35,9,36,Basic,PayPal,Australia,Tablet,No
ECOMM-78263,206.0,1623.12,1,33,Free,Apple Pay,Australia,Tablet,No
ECOMM-50045,312.0,3860.69,4,8,Basic,PayPal,USA,Desktop,No
ECOMM-17705,205.0,2444.01,7,49,Basic,Crypto,USA,Desktop,No
ECOMM-63246,196.0,485.48,0,6,Free,PayPal,Germany,Mobile,Yes
ECOMM-36049,36.0,1902.46,0,5,Free,PayPal,Canada,Desktop,No
ECOMM-53729,351.0,4412.07,1,16,Premium,PayPal,UK,Tablet,Yes
ECOMM-88498,3.0,3538.73,3,39,Free,Credit Card,Germany,Tablet,No
ECOMM-53633,74.0,306.22,9,20,Premium,Crypto,USA,Desktop,No
ECOMM-47281,58.0,1995.67,7,21,Free,PayPal,UK,Desktop,No
ECOMM-48142,146.0,1268.35,2,9,Free,Crypto,Australia,Mobile,No
ECOMM-37833,232.0,1138.55,8,46,Free,PayPal,Germany,Desktop,Yes
ECOMM-84467,327.0,322.41,1,7,Premium,Crypto,UK,Mobile,No
ECOMM-34354,7.0,798.01,9,18,Basic,Apple Pay,Canada,Mobile,No
ECOMM-28138,80.0,1724.95,7,6,Premium,Credit Card,Canada,Mobile,No
ECOMM-83286,226.0,3577.47,9,20,Basic,Crypto,Australia,Desktop,No
ECOMM-90048,262.0,574.23,8,31,Premium,Apple Pay,UK,Mobile,No
ECOMM-65319,270.0,4597.58,3,37,Free,Crypto,Germany,Desktop,No
ECOMM-82069,307.0,2611.08,1,24,Basic,PayPal,Canada,Mobile,No
ECOMM-90927,6.0,3803.23,5,1,Free,Apple Pay,USA,Desktop,No
ECOMM-35377,186.0,1659.89,5,41,Free,PayPal,UK,Tablet,No
ECOMM-37600,193.0,3832.6,5,16,Basic,Apple Pay,UK,Mobile,Yes
ECOMM-89042,102.0,4505.81,4,3,Basic,Credit Card,Canada,Tablet,No
ECOMM-97198,348.0,518.86,4,18,Premium,PayPal,Australia,Tablet,No
ECOMM-71242,281.0,1859.37,2,12,Free,Credit Card,UK,Mobile,Yes
ECOMM-85167,289.0,3372.72,4,28,Free,Crypto,UK,Mobile,No
ECOMM-98178,328.0,4633.3,4,6,Premium,Apple Pay,Canada,Mobile,No
ECOMM-89404,294.0,2449.27,1,45,Free,PayPal,Canada,Tablet,Yes
ECOMM-40137,9.0,3271.04,2,34,Basic,Crypto,Germany,Mobile,No
ECOMM-20362,68.0,2044.68,7,26,Free,PayPal,Australia,Tablet,No
ECOMM-50951,256.0,3063.22,9,10,Basic,PayPal,Australia,Desktop,Yes
ECOMM-38078,222.0,2848.38,3,49,Premium,PayPal,UK,Mobile,No
ECOMM-21854,177.0,4673.56,7,8,Premium,Credit Card,Australia,Mobile,No
ECOMM-33070,234.0,3112.25,4,6,Basic,PayPal,Australia,Mobile,Yes
ECOMM-23197,211.0,845.99,6,31,Free,Credit Card,USA,Tablet,No
ECOMM-56633,218.0,2529.87,0,16,Free,Crypto,UK,Tablet,No
ECOMM-41897,313.0,4714.94,3,43,Basic,PayPal,USA,Tablet,Yes
ECOMM-43571,65.0,3531.74,3,40,Basic,Credit Card,UK,Tablet,No
ECOMM-79266,23.0,1337.55,1,48,Premium,Credit Card,UK,Tablet,No
ECOMM-23668,356.0,4052.65,0,21,Basic,PayPal,USA,Tablet,No
ECOMM-42645,50.0,3375.6,6,11,Free,PayPal,Germany,Tablet,Yes
ECOMM-11923,4.0,2040.02,7,24,Premium,PayPal,USA,Mobile,No
ECOMM-77231,191.0,480.15,0,26,Free,PayPal,Canada,Mobile,No
ECOMM-80075,3.0,196.73,3,41,Basic,Credit Card,UK,Tablet,No
ECOMM-99291,173.0,4923.93,2,26,Basic,Apple Pay,Germany,Tablet,No
ECOMM-36289,338.0,3132.72,6,9,Basic,Crypto,Germany,Mobile,Yes
ECOMM-37197,114.0,1087.46,7,2,Free,PayPal,USA,Mobile,No
ECOMM-92072,112.0,1347.26,8,49,Basic,PayPal,Canada,Desktop,No
ECOMM-53459,124.0,1404.35,8,8,Premium,PayPal,Australia,Mobile,No
ECOMM-81085,54.0,3581.83,3,0,Free,Crypto,Germany,Mobile,Yes
ECOMM-98128,140.0,1635.65,9,46,Free,PayPal,USA,Tablet,No
ECOMM-81494,225.0,3782.61,3,19,Free,Apple Pay,USA,Tablet,No
ECOMM-47750,105.0,4514.64,5,12,Free,PayPal,Australia,Mobile,No
ECOMM-72874,311.0,2705.76,2,3,Premium,Apple Pay,UK,Desktop,No
ECOMM-64052,93.0,174.64,8,31,Basic,Apple Pay,UK,Desktop,No
ECOMM-94218,75.0,4159.33,4,31,Premium,Apple Pay,Germany,Tablet,No
ECOMM-26637,212.0,2759.98,7,1,Premium,PayPal,USA,Tablet,Yes
ECOMM-67126,347.0,756.64,0,40,Free,PayPal,Canada,Desktop,No
ECOMM-35486,194.0,1407.52,5,15,Free,Crypto,Canada,Desktop,No
ECOMM-23395,230.0,1267.88,9,31,Basic,Apple Pay,Australia,Desktop,Yes
ECOMM-67025,341.0,3471.73,2,25,Premium,Crypto,Canada,Mobile,No
ECOMM-15576,182.0,3083.46,0,9,Free,Crypto,Canada,Desktop,No
ECOMM-17773,2.0,4510.2,2,20,Free,PayPal,UK,Desktop,No
ECOMM-51015,268.0,2173.12,1,33,Basic,Credit Card,USA,Mobile,No
ECOMM-89210,105.0,1107.7,4,31,Basic,Crypto,Canada,Desktop,Yes
ECOMM-98805,364.0,897.58,4,0,Basic,Credit Card,Germany,Tablet,Yes
ECOMM-77770,104.0,2137.81,0,25,Free,PayPal,USA,Tablet,Yes
ECOMM-38817,323.0,2687.27,5,34,Basic,PayPal,Australia,Mobile,No
ECOMM-17721,244.0,1772.97,1,13,Premium,Crypto,Australia,Mobile,No
ECOMM-16977,47.0,3658.81,5,1,Premium,Credit Card,UK,Desktop,No
ECOMM-85457,189.0,1020.2,5,49,Free,PayPal,Germany,Desktop,No
ECOMM-55355,63.0,2099.61,2,25,Free,Apple Pay,Canada,Tablet,No
ECOMM-33715,303.0,3335.48,9,4,Free,PayPal,Germany,Desktop,No
ECOMM-33685,172.0,87.85,5,43,Basic,Credit Card,UK,Tablet,No
ECOMM-15755,149.0,4763.64,8,25,Premium,Apple Pay,Germany,Desktop,No
ECOMM-88823,321.0,3044.62,6,31,Free,Crypto,UK,Desktop,Yes
ECOMM-23878,244.0,777.46,9,41,Free,Credit Card,Australia,Mobile,Yes
ECOMM-93137,358.0,365.21,1,14,Basic,Credit Card,Germany,Tablet,No
ECOMM-87288,259.0,1467.33,5,12,Free,Crypto,UK,Desktop,Yes
ECOMM-35183,161.0,2563.08,1,11,Free,Credit Card,USA,Desktop,No
ECOMM-52341,356.0,4851.49,1,12,Free,Apple Pay,Australia,Tablet,No
ECOMM-34994,228.0,4596.04,6,21,Premium,PayPal,Australia,Tablet,Yes
ECOMM-80152,48.0,122.33,8,38,Free,PayPal,Canada,Tablet,No
ECOMM-37167,141.0,4074.5,3,33,Free,Apple Pay,USA,Tablet,No
ECOMM-55406,272.0,3168.61,1,49,Free,Crypto,Canada,Desktop,Yes
ECOMM-38185,67.0,4837.21,2,24,Free,Crypto,Australia,Desktop,No
ECOMM-57688,24.0,661.86,7,40,Free,Crypto,USA,Mobile,Yes
ECOMM-70387,186.0,1490.55,8,7,Basic,PayPal,Germany,Desktop,No
ECOMM-80445,226.0,874.09,9,26,Free,Apple Pay,UK,Desktop,Yes
ECOMM-41070,335.0,2905.52,3,26,Free,Crypto,Canada,Desktop,No
ECOMM-53717,40.0,247.28,0,34,Free,Credit Card,Canada,Tablet,No
ECOMM-91885,84.0,4958.38,3,6,Free,Apple Pay,Germany,Desktop,No
ECOMM-53919,23.0,410.08,1,3,Basic,PayPal,Canada,Mobile,Yes
ECOMM-52132,64.0,1151.84,5,3,Premium,Credit Card,Australia,Mobile,No
ECOMM-72695,224.0,1279.87,5,42,Premium,Apple Pay,Canada,Mobile,Yes
ECOMM-95603,184.0,3552.73,5,22,Basic,PayPal,Germany,Tablet,No
ECOMM-60140,308.0,2173.85,3,34,Basic,Credit Card,Canada,Mobile,No
ECOMM-52018,273.0,1721.41,7,3,Free,PayPal,Australia,Mobile,Yes
ECOMM-31113,51.0,1051.32,1,21,Free,Apple Pay,Germany,Mobile,No
ECOMM-61637,190.0,530.11,6,3,Free,Credit Card,Canada,Tablet,Yes
ECOMM-46198,273.0,1076.29,1,48,Free,Apple Pay,UK,Desktop,No
ECOMM-45979,185.0,949.81,0,46,Premium,Apple Pay,Germany,Tablet,No
ECOMM-26274,113.0,3036.86,9,23,Free,Credit Card,Canada,Mobile,No
ECOMM-31844,295.0,3245.48,4,43,Free,Crypto,USA,Desktop,Yes
ECOMM-47757,58.0,3984.76,8,2,Free,Crypto,USA,Tablet,No
ECOMM-43714,37.0,525.8,8,30,Premium,PayPal,Australia,Desktop,No
ECOMM-27908,333.0,1366.8,3,25,Basic,PayPal,Australia,Mobile,No
ECOMM-73005,85.0,1200.92,0,20,Premium,Credit Card,Australia,Tablet,No
ECOMM-75357,168.0,2497.49,4,4,Premium,PayPal,Australia,Mobile,No
ECOMM-52660,154.0,1080.05,9,3,Basic,Apple Pay,USA,Tablet,No
ECOMM-55818,251.0,1115.4,4,44,Basic,PayPal,USA,Desktop,Yes
ECOMM-49222,227.0,566.31,7,47,Free,Apple Pay,UK,Desktop,Yes
ECOMM-36982,224.0,148.59,9,22,Basic,Apple Pay,Germany,Mobile,Yes
ECOMM-98539,235.0,3548.77,7,19,Basic,Credit Card,Canada,Tablet,No
ECOMM-82538,209.0,3426.92,2,35,Basic,Credit Card,Germany,Mobile,No
ECOMM-40961,202.0,4100.78,3,16,Free,Apple Pay,USA,Desktop,Yes
ECOMM-66624,68.0,1847.43,4,15,Premium,Crypto,USA,Tablet,Yes
ECOMM-67135,321.0,4247.71,2,13,Basic,Apple Pay,UK,Tablet,Yes
ECOMM-88254,153.0,2796.63,9,17,Basic,Crypto,USA,Desktop,No
ECOMM-80241,122.0,3127.9,7,22,Premium,Crypto,UK,Tablet,No
ECOMM-43707,292.0,1663.41,6,0,Premium,Credit Card,UK,Desktop,Yes
ECOMM-54436,248.0,1012.83,4,22,Premium,Credit Card,Germany,Tablet,Yes
ECOMM-22877,95.0,4496.72,0,42,Free,Apple Pay,Canada,Mobile,No
ECOMM-34110,300.0,3902.89,1,41,Free,PayPal,Canada,Mobile,No
ECOMM-87951,30.0,2756.42,8,47,Free,Apple Pay,Australia,Mobile,No
ECOMM-24810,95.0,1645.77,5,15,Basic,Apple Pay,UK,Desktop,No
ECOMM-29826,250.0,3552.83,7,25,Premium,Apple Pay,USA,Desktop,No
ECOMM-90735,334.0,3951.85,9,23,Premium,Apple Pay,Australia,Desktop,Yes
ECOMM-67394,274.0,836.82,8,24,Free,Credit Card,Germany,Tablet,No
ECOMM-37373,310.0,2722.75,9,21,Free,Crypto,Canada,Mobile,Yes
ECOMM-17075,302.0,2060.68,1,34,Free,Credit Card,USA,Tablet,Yes
ECOMM-62028,219.0,3673.32,2,30,Premium,Crypto,UK,Mobile,No
ECOMM-99621,225.0,2874.16,9,24,Premium,Apple Pay,Australia,Desktop,Yes
ECOMM-40154,139.0,1408.75,6,3,Premium,PayPal,USA,Desktop,No
ECOMM-54351,109.0,241.16,6,40,Premium,Apple Pay,Germany,Mobile,No
ECOMM-46477,25.0,3294.24,2,31,Free,Credit Card,USA,Tablet,No
ECOMM-55383,64.0,1704.17,4,30,Free,PayPal,Germany,Tablet,No
ECOMM-44896,249.0,2491.35,6,16,Free,Crypto,USA,Mobile,Yes
ECOMM-22510,112.0,1438.1,9,28,Basic,Apple Pay,Australia,Tablet,No
ECOMM-56796,287.0,2823.12,5,8,Premium,PayPal,Canada,Mobile,No
ECOMM-98348,1.0,1517.9,2,46,Free,Crypto,USA,Desktop,No
ECOMM-77728,360.0,2029.25,3,23,Free,Credit Card,USA,Tablet,No
ECOMM-85482,93.0,181.38,5,5,Free,Crypto,Canada,Desktop,No
ECOMM-24169,245.0,2575.15,2,16,Basic,Crypto,Canada,Mobile,Yes
ECOMM-52042,176.0,3747.4,6,36,Basic,Crypto,Australia,Desktop,No
ECOMM-78422,133.0,4773.66,7,7,Basic,Apple Pay,USA,Tablet,Yes
ECOMM-36343,304.0,3634.21,4,41,Premium,Apple Pay,Canada,Mobile,No
ECOMM-75321,295.0,3146.13,6,11,Free,PayPal,Australia,Tablet,No
ECOMM-99782,95.0,2560.36,3,38,Basic,Crypto,Germany,Tablet,No
ECOMM-21362,299.0,116.61,0,12,Free,Apple Pay,USA,Desktop,No
ECOMM-64915,41.0,1418.39,9,42,Premium,Crypto,Canada,Tablet,No
ECOMM-96770,358.0,984.47,1,47,Basic,Credit Card,Australia,Tablet,No
ECOMM-14341,113.0,1600.69,1,22,Premium,Crypto,UK,Mobile,No
ECOMM-40437,346.0,3338.5,4,35,Free,PayPal,Canada,Desktop,Yes
ECOMM-69720,295.0,424.27,7,22,Premium,Credit Card,USA,Desktop,No
ECOMM-19416,191.0,1194.02,3,26,Premium,Credit Card,Germany,Desktop,Yes
ECOMM-66568,347.0,2039.48,0,47,Basic,Crypto,Canada,Tablet,No
ECOMM-51696,38.0,4582.42,4,2,Premium,Crypto,UK,Tablet,No
ECOMM-88684,28.0,2588.47,4,44,Free,PayPal,Canada,Tablet,Yes
ECOMM-37674,265.0,3422.93,7,10,Basic,Apple Pay,Canada,Desktop,Yes
ECOMM-79202,286.0,4218.17,6,34,Free,Crypto,USA,Desktop,Yes
ECOMM-68199,25.0,3960.13,2,41,Free,PayPal,UK,Desktop,No
ECOMM-29367,168.0,1116.29,3,35,Premium,Crypto,Australia,Tablet,No
ECOMM-24815,10.0,1075.05,7,48,Basic,Apple Pay,Canada,Tablet,No
ECOMM-93666,167.0,527.07,4,16,Basic,PayPal,USA,Tablet,Yes
ECOMM-94313,253.0,4572.92,9,48,Premium,PayPal,Australia,Desktop,Yes
ECOMM-30010,186.0,3625.41,8,37,Free,Apple Pay,UK,Tablet,Yes
ECOMM-81483,125.0,4981.9,0,41,Free,Credit Card,Germany,Desktop,No
ECOMM-70542,276.0,1168.1,6,1,Free,Credit Card,Australia,Tablet,Yes
ECOMM-55780,183.0,2967.43,2,49,Free,Apple Pay,USA,Mobile,Yes
ECOMM-21659,334.0,2603.68,0,5,Free,Crypto,USA,Mobile,Yes
ECOMM-94170,25.0,997.89,5,20,Free,Credit Card,USA,Tablet,No
ECOMM-47858,47.0,2161.23,1,21,Free,Crypto,UK,Desktop,No
ECOMM-70611,163.0,1189.28,2,49,Free,Crypto,Canada,Desktop,No
ECOMM-91682,95.0,1004.09,4,36,Basic,Apple Pay,Germany,Desktop,No
ECOMM-20454,38.0,4487.48,6,27,Free,Apple Pay,Canada,Tablet,No
ECOMM-56405,254.0,2744.33,1,0,Basic,Crypto,Australia,Tablet,No
ECOMM-38470,114.0,198.04,6,33,Basic,Crypto,Australia,Desktop,No
ECOMM-71806,3.0,4748.49,9,41,Free,Credit Card,UK,Desktop,No
ECOMM-31472,313.0,326.27,4,15,Free,Apple Pay,Australia,Tablet,No
ECOMM-16307,252.0,1579.45,2,21,Free,Credit Card,Germany,Desktop,No
ECOMM-65608,282.0,4440.16,3,41,Basic,PayPal,USA,Desktop,No
ECOMM-14689,168.0,1275.54,4,47,Basic,Credit Card,UK,Desktop,Yes
ECOMM-23643,34.0,1054.12,9,15,Free,Apple Pay,USA,Mobile,Yes
ECOMM-53031,164.0,4844.74,7,40,Premium,Apple Pay,Canada,Desktop,No
ECOMM-76367,97.0,1428.92,0,35,Premium,Crypto,UK,Desktop,No
ECOMM-70906,270.0,428.19,7,0,Free,Crypto,UK,Desktop,Yes
ECOMM-64122,257.0,1451.98,3,14,Free,PayPal,Germany,Desktop,Yes
ECOMM-50784,132.0,3259.28,5,49,Basic,Credit Card,Canada,Tablet,No
ECOMM-21945,137.0,2962.18,2,30,Premium,Crypto,USA,Desktop,No
ECOMM-92184,50.0,2709.69,4,40,Free,Credit Card,Australia,Tablet,No
ECOMM-19081,144.0,407.38,4,7,Basic,Apple Pay,Australia,Tablet,No
ECOMM-46768,238.0,1149.86,1,24,Free,PayPal,Canada,Desktop,No
ECOMM-83039,62.0,3013.1,5,34,Basic,PayPal,UK,Desktop,Yes
ECOMM-52123,285.0,555.45,1,23,Free,PayPal,Canada,Tablet,No
ECOMM-54762,244.0,3373.87,0,20,Basic,Credit Card,Canada,Mobile,Yes
ECOMM-54422,347.0,1998.72,6,22,Premium,Credit Card,UK,Tablet,No
ECOMM-18987,122.0,3776.18,6,34,Free,Apple Pay,Germany,Tablet,No
ECOMM-52905,106.0,551.94,7,24,Basic,Credit Card,UK,Desktop,No
ECOMM-87801,256.0,4729.41,3,41,Free,Apple Pay,Australia,Tablet,No
ECOMM-67474,251.0,938.78,3,44,Free,Apple Pay,Germany,Desktop,Yes
ECOMM-63859,142.0,1566.99,0,0,Free,Crypto,Australia,Tablet,No
ECOMM-97783,281.0,576.7,1,16,Free,Apple Pay,Canada,Mobile,No
ECOMM-42703,267.0,3896.32,5,2,Premium,Crypto,Germany,Mobile,No
ECOMM-14385,167.0,4823.07,0,30,Premium,Apple Pay,Germany,Desktop,No
ECOMM-23159,314.0,3437.09,2,15,Free,Apple Pay,UK,Desktop,Yes
ECOMM-97959,342.0,4096.44,8,38,Free,PayPal,Germany,Mobile,No
ECOMM-34673,243.0,3316.39,8,21,Basic,Credit Card,USA,Desktop,No
ECOMM-21788,278.0,1759.09,1,38,Basic,Credit Card,UK,Tablet,No
ECOMM-38602,305.0,4140.38,5,21,Free,Credit Card,USA,Mobile,No
ECOMM-83059,50.0,3019.36,0,6,Free,Apple Pay,USA,Desktop,No
ECOMM-61824,164.0,2020.32,9,13,Free,PayPal,Canada,Tablet,No
ECOMM-47522,203.0,3758.7,5,35,Premium,Crypto,Australia,Mobile,No
ECOMM-39547,75.0,2708.5,5,16,Premium,Crypto,USA,Mobile,No
ECOMM-50573,170.0,3893.59,0,20,Basic,Crypto,Canada,Desktop,No
ECOMM-57711,108.0,3903.94,5,38,Basic,Crypto,Canada,Tablet,No
ECOMM-20714,89.0,735.65,4,47,Premium,Credit Card,Germany,Desktop,No
ECOMM-33560,102.0,2674.48,8,49,Basic,Apple Pay,USA,Desktop,Yes
ECOMM-24113,50.0,2677.78,6,34,Premium,Crypto,Australia,Desktop,No
ECOMM-43121,281.0,1823.9,4,19,Free,PayPal,Australia,Mobile,Yes
ECOMM-11207,197.0,3991.29,2,8,Free,Credit Card,Canada,Tablet,Yes
ECOMM-56208,326.0,4783.85,0,49,Free,Crypto,UK,Tablet,No
ECOMM-14652,334.0,3683.31,6,6,Basic,Apple Pay,UK,Desktop,No
ECOMM-53810,14.0,2198.32,7,47,Premium,Apple Pay,Australia,Tablet,No
ECOMM-95435,278.0,3108.23,6,8,Premium,PayPal,USA,Tablet,No
ECOMM-24618,37.0,1187.73,9,34,Free,Crypto,USA,Mobile,No
ECOMM-41877,56.0,2457.75,2,24,Premium,Apple Pay,Canada,Desktop,No
ECOMM-90284,24.0,3209.86,5,26,Basic,Credit Card,USA,Mobile,Yes
ECOMM-15096,309.0,921.54,6,7,Free,PayPal,UK,Mobile,No
ECOMM-30104,193.0,2576.53,0,26,Basic,PayPal,Australia,Tablet,No
ECOMM-73598,81.0,4437.85,1,5,Basic,Apple Pay,USA,Desktop,No
ECOMM-26038,265.0,1700.82,2,23,Basic,Crypto,Germany,Tablet,Yes
ECOMM-41373,298.0,2119.24,3,8,Free,PayPal,UK,Desktop,No
ECOMM-21207,89.0,2656.26,0,48,Free,PayPal,Australia,Desktop,No
ECOMM-55614,337.0,3982.79,5,19,Free,Credit Card,Australia,Mobile,Yes
ECOMM-44492,334.0,4455.39,4,1,Basic,Apple Pay,Germany,Mobile,Yes
ECOMM-60460,166.0,2639.46,7,46,Free,Crypto,USA,Mobile,Yes
ECOMM-14923,66.0,1627.79,4,26,Free,Crypto,Canada,Mobile,No
ECOMM-94343,257.0,4316.21,2,38,Basic,Crypto,USA,Tablet,No
ECOMM-85610,264.0,3985.85,0,24,Free,Apple Pay,USA,Tablet,No
ECOMM-46885,175.0,2421.07,4,11,Free,Apple Pay,Australia,Desktop,No
ECOMM-17082,269.0,3973.69,0,19,Free,Credit Card,Canada,Tablet,Yes
ECOMM-52211,155.0,2988.17,8,41,Premium,Apple Pay,Australia,Mobile,No
ECOMM-17410,320.0,1786.16,1,36,Free,PayPal,USA,Tablet,Yes
ECOMM-78125,173.0,1220.49,2,44,Free,Crypto,Germany,Tablet,No
ECOMM-70684,27.0,1366.07,3,39,Premium,Credit Card,Germany,Desktop,No
ECOMM-57470,123.0,3659.93,6,32,Free,Crypto,Canada,Mobile,No
ECOMM-36927,285.0,2397.86,7,45,Free,PayPal,Canada,Desktop,Yes
ECOMM-91488,134.0,4503.27,1,36,Free,Credit Card,UK,Desktop,No
ECOMM-12800,247.0,1414.28,6,1,Basic,PayPal,Germany,Mobile,Yes
ECOMM-83367,69.0,2889.18,4,12,Free,Crypto,UK,Mobile,Yes
ECOMM-75045,100.0,3481.38,4,19,Premium,PayPal,Australia,Desktop,No
ECOMM-68092,236.0,1373.78,3,11,Free,Crypto,UK,Tablet,No
ECOMM-75134,316.0,1011.35,7,19,Premium,Crypto,Germany,Desktop,No
ECOMM-91291,356.0,2703.19,9,19,Basic,Credit Card,Australia,Desktop,Yes
ECOMM-88575,8.0,2291.55,2,2,Free,PayPal,Germany,Desktop,No
ECOMM-84697,60.0,2245.3,5,3,Premium,Apple Pay,USA,Desktop,No
ECOMM-52235,210.0,366.35,7,9,Premium,Credit Card,USA,Desktop,Yes
ECOMM-28117,143.0,3254.09,7,30,Free,Credit Card,UK,Desktop,No
ECOMM-82912,347.0,1522.16,4,13,Basic,Crypto,Canada,Mobile,Yes
ECOMM-80156,103.0,2272.34,1,20,Free,Apple Pay,UK,Tablet,No
ECOMM-17458,198.0,3883.05,9,28,Free,Apple Pay,Australia,Mobile,Yes
ECOMM-32214,282.0,4234.79,5,12,Free,Apple Pay,Canada,Desktop,Yes
ECOMM-67068,257.0,2864.92,6,0,Free,PayPal,USA,Mobile,Yes
ECOMM-97422,132.0,559.12,0,36,Free,Credit Card,USA,Desktop,No
ECOMM-37967,285.0,2775.07,1,21,Basic,Credit Card,USA,Desktop,Yes
ECOMM-44320,2.0,3404.77,8,21,Free,Apple Pay,USA,Tablet,No
ECOMM-99109,32.0,3456.63,7,26,Premium,Crypto,USA,Tablet,No
ECOMM-48849,115.0,545.99,1,35,Premium,Crypto,USA,Tablet,No
ECOMM-94212,297.0,2066.67,9,29,Premium,Apple Pay,UK,Desktop,No
ECOMM-85528,174.0,4940.3,4,47,Free,Credit Card,Germany,Desktop,No
ECOMM-88136,37.0,1238.91,8,27,Basic,Credit Card,Canada,Desktop,No
ECOMM-84050,58.0,4035.14,7,22,Premium,Credit Card,Australia,Desktop,No
ECOMM-93486,28.0,1243.16,2,32,Free,Crypto,UK,Mobile,No
ECOMM-68207,64.0,406.04,4,41,Free,Crypto,Germany,Desktop,Yes
ECOMM-92991,321.0,4654.06,6,49,Basic,PayPal,Canada,Tablet,Yes
ECOMM-66837,53.0,3507.01,3,7,Basic,PayPal,Australia,Desktop,No
ECOMM-36254,142.0,4146.43,1,27,Free,PayPal,USA,Mobile,No
ECOMM-24595,312.0,2071.07,7,18,Free,PayPal,UK,Desktop,Yes
ECOMM-80491,92.0,713.09,9,49,Free,Apple Pay,Canada,Desktop,No
ECOMM-35206,68.0,4945.7,4,39,Free,Apple Pay,Australia,Tablet,No
ECOMM-18893,151.0,3223.07,7,35,Basic,Credit Card,Australia,Desktop,No
ECOMM-84703,185.0,1855.03,5,10,Premium,Crypto,UK,Mobile,No
ECOMM-25748,151.0,724.6,5,42,Free,Crypto,USA,Mobile,No
ECOMM-77078,130.0,2128.67,8,36,Basic,Apple Pay,Australia,Desktop,No
ECOMM-39514,33.0,4840.29,5,31,Free,Crypto,UK,Tablet,No
ECOMM-35955,359.0,1838.7,1,16,Premium,Credit Card,UK,Mobile,No
ECOMM-79029,18.0,3455.29,2,9,Free,Credit Card,Australia,Desktop,No
ECOMM-16381,261.0,1080.68,1,37,Basic,Credit Card,UK,Tablet,Yes
ECOMM-34119,360.0,2770.9,0,15,Free,Credit Card,Australia,Mobile,No
ECOMM-75726,175.0,426.68,9,39,Free,Credit Card,USA,Mobile,No
ECOMM-48323,31.0,3277.14,2,46,Basic,Crypto,Germany,Tablet,No
ECOMM-81810,331.0,2995.15,9,2,Basic,Crypto,Canada,Mobile,Yes
ECOMM-69840,73.0,1350.5,4,29,Premium,PayPal,Australia,Desktop,No
ECOMM-18932,90.0,44.71,8,39,Free,PayPal,Canada,Tablet,No
ECOMM-59041,70.0,1750.73,3,0,Basic,Apple Pay,USA,Tablet,No
ECOMM-69150,15.0,4298.22,5,41,Free,Credit Card,Australia,Desktop,No
ECOMM-77515,180.0,3231.7,2,13,Free,Credit Card,UK,Mobile,Yes
ECOMM-87822,100.0,3773.35,0,42,Free,Crypto,USA,Desktop,Yes
ECOMM-45175,244.0,1066.46,1,11,Premium,Apple Pay,Australia,Desktop,No
ECOMM-82551,199.0,747.23,1,1,Basic,Apple Pay,Germany,Mobile,No
ECOMM-53382,93.0,3495.52,6,15,Basic,Credit Card,Germany,Mobile,No
ECOMM-27004,353.0,3782.71,4,19,Free,Apple Pay,Australia,Tablet,Yes
ECOMM-55068,119.0,2197.51,0,10,Free,PayPal,USA,Mobile,No
ECOMM-45887,140.0,1478.43,6,36,Basic,Crypto,UK,Mobile,No
ECOMM-40041,146.0,3319.14,3,16,Free,PayPal,Germany,Mobile,No
ECOMM-31081,227.0,2946.27,3,22,Free,Apple Pay,Australia,Desktop,No
ECOMM-41120,332.0,4967.96,8,47,Free,Credit Card,Germany,Mobile,No
ECOMM-59416,198.0,3963.26,9,5,Free,PayPal,Australia,Tablet,No
ECOMM-82439,302.0,3524.58,2,39,Premium,Apple Pay,UK,Tablet,No
ECOMM-73982,252.0,3708.54,7,24,Premium,PayPal,USA,Tablet,Yes
ECOMM-32936,91.0,512.81,1,47,Free,Credit Card,Australia,Desktop,No
ECOMM-28719,165.0,2091.21,1,10,Free,Crypto,USA,Mobile,Yes
ECOMM-99050,255.0,4439.18,9,37,Free,Apple Pay,Germany,Tablet,No
ECOMM-92275,101.0,1382.56,6,7,Premium,PayPal,Germany,Mobile,No
ECOMM-71383,242.0,396.49,2,40,Free,Apple Pay,Canada,Mobile,No
ECOMM-57955,194.0,167.35,2,48,Free,PayPal,Australia,Desktop,No
ECOMM-22897,102.0,2718.5,6,16,Free,Apple Pay,Australia,Tablet,No
ECOMM-52387,149.0,1748.02,3,11,Premium,Credit Card,Australia,Desktop,Yes
ECOMM-52307,138.0,366.91,5,11,Free,PayPal,Germany,Tablet,No
ECOMM-38394,15.0,3397.01,1,35,Basic,Crypto,Australia,Desktop,No
ECOMM-26132,194.0,3052.19,5,35,Free,Apple Pay,Germany,Desktop,Yes
ECOMM-61959,347.0,911.86,2,23,Basic,Apple Pay,Germany,Mobile,No
ECOMM-59926,213.0,4704.25,6,1,Premium,Apple Pay,UK,Desktop,Yes
ECOMM-91833,358.0,4788.45,4,22,Basic,Credit Card,UK,Mobile,No
ECOMM-96414,301.0,975.91,8,5,Free,PayPal,Germany,Tablet,No
ECOMM-88686,59.0,4036.09,6,5,Premium,Credit Card,Germany,Desktop,No
ECOMM-57539,177.0,3074.03,9,35,Basic,Crypto,UK,Mobile,No
ECOMM-46298,334.0,3643.77,8,30,Free,Crypto,USA,Tablet,Yes
ECOMM-51088,136.0,2911.97,0,4,Free,Apple Pay,Australia,Mobile,No
ECOMM-76465,296.0,4739.42,1,25,Basic,Crypto,Australia,Mobile,No
ECOMM-68803,249.0,373.39,2,19,Free,Apple Pay,Australia,Desktop,Yes
ECOMM-17044,285.0,3745.27,5,2,Basic,Credit Card,Germany,Desktop,Yes
ECOMM-40918,146.0,4282.42,3,32,Basic,Apple Pay,UK,Desktop,No
ECOMM-13218,252.0,431.87,8,31,Free,PayPal,USA,Desktop,No
ECOMM-43504,228.0,2026.87,4,33,Basic,Apple Pay,USA,Tablet,Yes
ECOMM-90724,236.0,442.54,8,10,Free,Credit Card,Canada,Tablet,Yes
ECOMM-10231,68.0,223.14,5,19,Basic,Credit Card,UK,Mobile,No
ECOMM-74332,215.0,2736.71,6,41,Free,Credit Card,UK,Tablet,No
ECOMM-41166,188.0,60.38,4,9,Basic,PayPal,Australia,Desktop,No
ECOMM-84306,77.0,1805.04,9,23,Basic,PayPal,USA,Desktop,No
ECOMM-79014,353.0,871.94,0,4,Free,Apple Pay,USA,Tablet,No
ECOMM-99013,360.0,2818.41,2,40,Free,Crypto,Australia,Mobile,No
ECOMM-94053,237.0,4850.95,4,5,Free,Credit Card,UK,Desktop,Yes
ECOMM-12572,321.0,2914.93,7,12,Free,Credit Card,Australia,Tablet,Yes
ECOMM-29979,48.0,2896.84,6,39,Premium,PayPal,Germany,Desktop,No
ECOMM-60270,9.0,1865.24,4,34,Free,Crypto,Germany,Mobile,Yes
ECOMM-73674,328.0,2040.58,3,5,Free,Credit Card,USA,Tablet,No
ECOMM-82468,357.0,1099.83,9,25,Free,Apple Pay,UK,Mobile,No
ECOMM-29006,144.0,3706.92,3,45,Free,PayPal,USA,Mobile,No
ECOMM-26334,204.0,3035.87,4,21,Free,Credit Card,UK,Tablet,No
ECOMM-82496,132.0,1464.61,4,18,Premium,Credit Card,UK,Desktop,No
ECOMM-29397,280.0,2613.4,9,35,Premium,PayPal,UK,Tablet,No
ECOMM-40964,87.0,2617.4,9,37,Basic,Apple Pay,Canada,Tablet,No
ECOMM-84059,306.0,4668.27,2,48,Basic,Apple Pay,Canada,Desktop,No
ECOMM-41739,110.0,233.33,4,0,Free,Crypto,USA,Mobile,No
ECOMM-43935,101.0,4045.9,7,4,Basic,Apple Pay,Germany,Mobile,No
ECOMM-71512,17.0,4573.64,1,8,Free,Apple Pay,Germany,Mobile,No
ECOMM-45245,42.0,4340.98,8,43,Free,Crypto,USA,Mobile,Yes
ECOMM-41414,112.0,519.48,9,21,Free,PayPal,Australia,Tablet,No
ECOMM-15859,190.0,1884.09,7,17,Basic,Apple Pay,UK,Desktop,Yes
ECOMM-13689,88.0,3539.62,9,48,Basic,PayPal,Canada,Mobile,No
ECOMM-97248,201.0,519.51,7,5,Basic,Credit Card,Australia,Desktop,No
ECOMM-89204,53.0,4184.38,4,41,Premium,Crypto,UK,Mobile,No
ECOMM-76668,98.0,1585.45,1,26,Free,Apple Pay,Canada,Desktop,No
ECOMM-30615,130.0,2356.17,4,0,Free,Crypto,Canada,Tablet,No
ECOMM-56457,166.0,1632.5,7,44,Free,PayPal,Germany,Tablet,No
ECOMM-75490,66.0,1889.56,2,19,Free,Apple Pay,Germany,Mobile,No
ECOMM-59348,42.0,791.08,0,32,Basic,PayPal,Australia,Mobile,No
ECOMM-20829,59.0,1013.87,0,49,Free,Credit Card,Canada,Tablet,No
ECOMM-26175,291.0,3285.03,3,46,Basic,PayPal,Germany,Tablet,No
ECOMM-66106,338.0,1638.99,4,9,Premium,Crypto,Australia,Desktop,Yes
ECOMM-17102,345.0,81.09,2,26,Basic,Apple Pay,UK,Mobile,Yes
ECOMM-22573,122.0,3397.69,2,13,Premium,Apple Pay,Germany,Mobile,No
ECOMM-66841,1.0,20.54,6,17,Premium,Crypto,UK,Desktop,No
ECOMM-40919,52.0,359.18,3,41,Free,Apple Pay,USA,Desktop,No
ECOMM-61141,119.0,4796.07,6,4,Free,Apple Pay,USA,Desktop,No
ECOMM-60782,124.0,3339.77,9,49,Premium,PayPal,Germany,Mobile,No
ECOMM-96646,144.0,3539.2,9,17,Basic,PayPal,UK,Tablet,Yes
ECOMM-23824,24.0,1809.72,7,17,Basic,Credit Card,UK,Tablet,No
ECOMM-53647,63.0,3586.35,5,20,Free,PayPal,UK,Desktop,No
ECOMM-54968,312.0,4751.0,9,28,Free,Credit Card,UK,Desktop,Yes
ECOMM-45801,357.0,3490.68,3,42,Premium,PayPal,UK,Tablet,Yes
ECOMM-91150,247.0,2570.23,6,46,Basic,Crypto,UK,Desktop,Yes
ECOMM-83221,84.0,3276.98,2,6,Free,Apple Pay,Australia,Tablet,No
ECOMM-32486,100.0,2009.99,6,32,Premium,Apple Pay,Germany,Desktop,No
ECOMM-21890,276.0,3531.76,6,11,Premium,PayPal,USA,Desktop,Yes
ECOMM-81429,337.0,1532.33,2,45,Basic,Crypto,USA,Desktop,No
ECOMM-91441,134.0,4278.14,5,49,Basic,PayPal,Australia,Desktop,Yes
ECOMM-80992,339.0,2830.48,1,31,Premium,Credit Card,Australia,Desktop,No
ECOMM-85413,253.0,324.87,5,40,Free,Apple Pay,Germany,Tablet,No
ECOMM-58739,148.0,3920.6,5,20,Premium,PayPal,Canada,Mobile,Yes
ECOMM-77359,32.0,2461.67,0,41,Basic,Crypto,Australia,Mobile,No
ECOMM-82499,201.0,832.51,5,16,Free,PayPal,UK,Tablet,No
ECOMM-82682,107.0,1070.85,9,29,Premium,Credit Card,Germany,Desktop,No
ECOMM-87980,94.0,1053.85,1,1,Free,Apple Pay,Australia,Mobile,No
ECOMM-84804,243.0,915.22,0,44,Free,Credit Card,Germany,Desktop,No
ECOMM-57218,230.0,1301.52,2,14,Free,Credit Card,UK,Mobile,No
ECOMM-58833,68.0,195.0,3,42,Basic,Apple Pay,Canada,Desktop,Yes
ECOMM-31123,99.0,3370.29,2,1,Free,PayPal,UK,Tablet,No
ECOMM-91142,146.0,3375.65,5,22,Free,PayPal,UK,Tablet,No
ECOMM-78800,325.0,2697.16,3,15,Free,Crypto,USA,Desktop,No
ECOMM-28682,359.0,4026.02,6,38,Free,Crypto,USA,Tablet,No
ECOMM-10576,149.0,2083.98,0,19,Premium,PayPal,UK,Desktop,No
ECOMM-53367,219.0,381.01,6,20,Free,Apple Pay,Canada,Desktop,Yes
ECOMM-11393,325.0,871.86,6,13,Basic,Apple Pay,USA,Tablet,Yes
ECOMM-31573,39.0,2104.61,0,38,Free,Credit Card,Canada,Tablet,No
ECOMM-48013,133.0,4758.23,0,5,Free,Credit Card,Canada,Mobile,No
ECOMM-99083,16.0,2467.53,0,40,Basic,Apple Pay,USA,Tablet,No
ECOMM-31999,198.0,2909.45,9,24,Free,Apple Pay,UK,Mobile,Yes
ECOMM-90775,127.0,2182.71,1,46,Free,Credit Card,Germany,Desktop,No
ECOMM-31602,228.0,2096.79,2,10,Premium,Crypto,Canada,Mobile,No
ECOMM-53912,345.0,2690.44,6,32,Basic,Credit Card,Canada,Tablet,Yes
ECOMM-68190,319.0,3582.46,5,43,Free,Credit Card,UK,Mobile,Yes
ECOMM-65079,350.0,1863.38,3,49,Basic,PayPal,Canada,Tablet,Yes
ECOMM-30647,163.0,2014.68,8,33,Free,Credit Card,Germany,Tablet,No
ECOMM-33271,84.0,1456.34,7,28,Free,PayPal,Germany,Mobile,No
ECOMM-35411,195.0,3653.77,0,41,Free,Apple Pay,USA,Tablet,No
ECOMM-99903,179.0,3797.1,8,4,Free,PayPal,USA,Tablet,No
ECOMM-84375,225.0,2034.38,1,5,Free,Credit Card,UK,Mobile,Yes
ECOMM-68972,274.0,706.57,8,9,Free,Crypto,Germany,Mobile,Yes
ECOMM-81916,355.0,1900.53,9,34,Premium,PayPal,UK,Tablet,No
ECOMM-74407,341.0,1238.96,5,2,Basic,Credit Card,Germany,Mobile,No
ECOMM-23021,114.0,888.07,3,36,Premium,PayPal,USA,Desktop,No
ECOMM-19494,79.0,3860.73,0,48,Premium,Crypto,Australia,Mobile,No
ECOMM-99519,256.0,2134.2,7,22,Basic,Apple Pay,UK,Mobile,Yes
ECOMM-29242,173.0,2339.48,9,32,Basic,PayPal,UK,Desktop,No
ECOMM-43325,301.0,3540.59,7,22,Free,Apple Pay,Canada,Mobile,No
ECOMM-95183,179.0,1717.54,3,45,Free,Credit Card,Germany,Tablet,No
ECOMM-88548,252.0,409.52,1,37,Basic,Credit Card,USA,Desktop,No
ECOMM-46113,350.0,4921.91,3,9,Free,PayPal,Germany,Mobile,No
ECOMM-96271,112.0,2220.63,9,20,Basic,PayPal,Canada,Tablet,No
ECOMM-46196,140.0,3273.24,8,11,Basic,Apple Pay,Canada,Desktop,Yes
ECOMM-11738,98.0,234.89,1,34,Free,Apple Pay,Germany,Mobile,No
ECOMM-57482,118.0,80.56,0,12,Free,Credit Card,USA,Tablet,No
ECOMM-49248,258.0,2218.6,3,37,Free,Apple Pay,Canada,Mobile,No
ECOMM-23586,154.0,55.24,4,45,Free,Apple Pay,UK,Tablet,No
ECOMM-90922,279.0,2117.93,0,25,Free,Crypto,USA,Desktop,No
ECOMM-64948,81.0,577.72,0,1,Basic,Credit Card,UK,Desktop,No
ECOMM-20623,101.0,694.71,9,32,Free,Credit Card,UK,Tablet,No
ECOMM-92180,151.0,4014.51,0,35,Free,Apple Pay,UK,Tablet,No
ECOMM-45860,353.0,1754.71,7,48,Free,Crypto,UK,Desktop,Yes
ECOMM-83751,277.0,3781.42,4,34,Free,Apple Pay,Canada,Tablet,No
ECOMM-15153,272.0,2372.41,8,38,Premium,Credit Card,Germany,Desktop,No
ECOMM-68707,149.0,817.75,4,3,Free,Apple Pay,USA,Tablet,Yes
ECOMM-92249,11.0,738.77,8,28,Free,Crypto,Australia,Mobile,No
ECOMM-76846,35.0,4613.66,2,49,Basic,PayPal,UK,Mobile,No
ECOMM-99475,42.0,2302.43,4,10,Free,Crypto,Canada,Tablet,Yes
ECOMM-41994,50.0,1264.68,5,47,Basic,Crypto,Canada,Mobile,No
ECOMM-64820,176.0,1276.7,9,44,Free,Crypto,Australia,Mobile,No
ECOMM-62067,206.0,1078.79,7,49,Free,Credit Card,USA,Tablet,No
ECOMM-55364,277.0,4956.97,3,9,Basic,Apple Pay,Australia,Tablet,No
ECOMM-17998,128.0,3535.45,1,11,Free,Credit Card,USA,Tablet,No
ECOMM-28582,151.0,1522.33,5,39,Free,Credit Card,UK,Desktop,No
ECOMM-52443,219.0,1916.46,9,34,Free,Credit Card,Canada,Desktop,Yes
ECOMM-72744,268.0,818.43,3,18,Basic,PayPal,USA,Tablet,Yes
ECOMM-75506,53.0,3672.81,8,38,Basic,PayPal,UK,Desktop,No
ECOMM-34571,112.0,1872.54,1,45,Free,Credit Card,Australia,Tablet,No
ECOMM-26842,129.0,3098.63,8,3,Basic,Apple Pay,USA,Desktop,No
ECOMM-48681,269.0,2874.05,5,11,Free,PayPal,UK,Desktop,Yes
ECOMM-20304,343.0,2873.61,5,4,Free,Apple Pay,USA,Desktop,Yes
ECOMM-80443,294.0,4220.9,1,9,Basic,Credit Card,USA,Mobile,No
ECOMM-10774,17.0,1433.3,7,7,Basic,Crypto,Germany,Desktop,No
ECOMM-73675,116.0,3212.46,0,16,Free,Credit Card,Germany,Mobile,No
ECOMM-48580,286.0,190.92,5,24,Premium,Credit Card,Australia,Desktop,Yes
ECOMM-21511,122.0,2725.75,1,24,Free,PayPal,UK,Tablet,No
ECOMM-47882,307.0,2954.54,6,34,Free,Credit Card,Canada,Tablet,Yes
ECOMM-74880,361.0,3641.86,5,36,Free,Crypto,Australia,Mobile,No
ECOMM-23077,198.0,3731.09,4,11,Basic,PayPal,USA,Mobile,Yes
ECOMM-63328,95.0,2935.62,0,33,Free,Apple Pay,Canada,Tablet,No
ECOMM-56825,286.0,4114.9,2,13,Free,PayPal,UK,Tablet,Yes
ECOMM-88418,68.0,2773.01,6,31,Premium,Apple Pay,Canada,Desktop,No
ECOMM-26846,239.0,3331.61,2,27,Basic,Crypto,Germany,Mobile,No
ECOMM-46242,94.0,3726.2,1,46,Premium,Apple Pay,USA,Tablet,No
ECOMM-62421,49.0,2366.3,4,29,Premium,PayPal,Canada,Desktop,No
ECOMM-63404,144.0,3313.1,9,3,Basic,Crypto,UK,Desktop,No
ECOMM-62521,190.0,562.55,4,41,Free,Crypto,Canada,Tablet,Yes
ECOMM-15899,186.0,1170.74,7,8,Basic,PayPal,USA,Mobile,Yes
ECOMM-91669,57.0,1143.68,2,25,Basic,Crypto,UK,Tablet,Yes
ECOMM-74483,129.0,215.23,2,48,Basic,Credit Card,Germany,Desktop,No
ECOMM-14790,22.0,2061.18,5,15,Free,Apple Pay,Canada,Mobile,No
ECOMM-30642,186.0,2944.57,8,45,Premium,PayPal,Germany,Tablet,No
ECOMM-59673,85.0,2496.5,6,28,Free,Apple Pay,UK,Mobile,No
ECOMM-21572,310.0,4821.38,7,14,Free,Credit Card,Canada,Desktop,Yes
ECOMM-71876,213.0,484.01,4,5,Free,Apple Pay,Germany,Desktop,Yes
ECOMM-98685,141.0,2336.57,5,43,Premium,Crypto,Australia,Mobile,No
ECOMM-30536,121.0,3689.59,8,13,Free,PayPal,USA,Desktop,No
ECOMM-43644,320.0,3716.77,3,22,Premium,Credit Card,Germany,Desktop,No
ECOMM-36331,79.0,4644.95,2,39,Free,Apple Pay,Australia,Desktop,No
ECOMM-20180,273.0,1853.12,7,49,Free,Apple Pay,USA,Tablet,No
ECOMM-12479,139.0,4245.99,9,19,Basic,PayPal,UK,Mobile,No
ECOMM-70424,336.0,98.87,6,32,Free,PayPal,UK,Tablet,Yes
ECOMM-32195,70.0,3565.23,3,4,Premium,Credit Card,Germany,Mobile,No
ECOMM-69238,313.0,4933.97,3,15,Premium,PayPal,Australia,Desktop,No
ECOMM-52233,57.0,270.73,6,31,Free,Credit Card,USA,Tablet,No
ECOMM-75091,130.0,3203.41,7,42,Free,Crypto,USA,Mobile,No
ECOMM-28997,135.0,1485.51,5,41,Free,Apple Pay,USA,Mobile,No
ECOMM-76475,48.0,616.22,9,48,Free,Crypto,UK,Desktop,No
ECOMM-63874,10.0,2429.05,7,14,Free,Crypto,UK,Tablet,Yes
ECOMM-80592,47.0,769.28,7,2,Premium,Crypto,USA,Mobile,Yes
ECOMM-52773,253.0,3731.64,3,38,Free,Crypto,Canada,Desktop,No
ECOMM-50257,29.0,22.18,3,8,Basic,Credit Card,Canada,Desktop,No
ECOMM-25954,223.0,4066.11,8,35,Free,Apple Pay,USA,Tablet,No
ECOMM-76222,309.0,3756.67,4,33,Premium,PayPal,Canada,Mobile,No
ECOMM-86457,243.0,2245.62,1,22,Basic,PayPal,Australia,Tablet,No
ECOMM-52924,71.0,4426.86,3,5,Free,Apple Pay,Germany,Tablet,No
ECOMM-95622,277.0,3193.72,3,34,Free,Crypto,USA,Tablet,No
ECOMM-61358,234.0,2538.35,1,16,Free,PayPal,Australia,Mobile,Yes
ECOMM-19138,88.0,1794.86,0,17,Free,Crypto,Germany,Mobile,No
ECOMM-28783,27.0,423.86,0,11,Basic,Credit Card,USA,Desktop,Yes
ECOMM-65975,303.0,522.53,8,23,Free,PayPal,Canada,Mobile,Yes
ECOMM-95903,102.0,4599.76,2,11,Basic,Credit Card,Australia,Desktop,No
ECOMM-64358,118.0,1999.96,8,26,Free,PayPal,Australia,Tablet,No
ECOMM-21898,51.0,4658.9,5,46,Free,Credit Card,Australia,Desktop,Yes
ECOMM-74470,124.0,3287.09,8,35,Premium,Crypto,USA,Tablet,No
ECOMM-31508,209.0,2600.93,3,18,Premium,Crypto,Canada,Desktop,No
ECOMM-77856,292.0,3281.86,6,6,Free,Credit Card,Australia,Desktop,Yes
ECOMM-82126,263.0,2522.51,7,7,Free,PayPal,Germany,Mobile,No
ECOMM-97738,257.0,383.95,7,42,Basic,Credit Card,Germany,Mobile,No
ECOMM-21293,161.0,2677.69,9,21,Basic,PayPal,Canada,Tablet,No
ECOMM-62237,277.0,695.08,7,11,Free,Credit Card,Canada,Tablet,No
ECOMM-10796,116.0,2316.25,7,1,Basic,Apple Pay,Canada,Tablet,No
ECOMM-69972,233.0,2717.09,1,40,Basic,Apple Pay,Australia,Desktop,No
ECOMM-98065,178.0,4539.22,7,15,Free,Credit Card,Germany,Mobile,Yes
ECOMM-28652,138.0,4402.24,3,22,Basic,PayPal,USA,Tablet,No
ECOMM-56900,16.0,3467.46,8,9,Free,PayPal,UK,Desktop,No
ECOMM-82026,195.0,2010.25,8,11,Free,Credit Card,Canada,Mobile,No
ECOMM-97682,170.0,4715.16,7,31,Basic,Crypto,Germany,Desktop,No
ECOMM-27319,185.0,2948.39,9,7,Basic,Apple Pay,Canada,Tablet,Yes
ECOMM-52786,198.0,871.3,6,13,Basic,Crypto,Germany,Mobile,Yes
ECOMM-14933,66.0,4088.23,1,45,Basic,PayPal,Germany,Desktop,No
ECOMM-78055,271.0,2576.29,8,38,Free,PayPal,Germany,Desktop,Yes
ECOMM-48759,271.0,3205.42,8,33,Free,Apple Pay,USA,Desktop,No
ECOMM-16591,208.0,2212.67,2,5,Basic,Credit Card,UK,Desktop,No
ECOMM-90812,254.0,77.43,1,21,Free,Crypto,Australia,Mobile,No
ECOMM-97872,66.0,934.92,8,16,Basic,Apple Pay,Canada,Desktop,Yes
ECOMM-59820,141.0,522.08,7,39,Free,PayPal,USA,Desktop,No
ECOMM-85258,285.0,1293.52,1,1,Free,Apple Pay,UK,Tablet,No
ECOMM-34377,341.0,3031.56,4,16,Free,Apple Pay,Australia,Desktop,No
ECOMM-26490,37.0,1033.04,4,27,Free,Apple Pay,Australia,Desktop,No
ECOMM-85293,143.0,2374.67,6,8,Premium,Credit Card,UK,Tablet,No
ECOMM-95138,339.0,735.28,9,42,Basic,Crypto,Australia,Tablet,Yes
ECOMM-43458,53.0,559.85,1,4,Basic,Credit Card,UK,Desktop,No
ECOMM-10691,178.0,4547.02,5,7,Premium,Crypto,UK,Desktop,No
ECOMM-71603,363.0,1593.64,4,21,Premium,Apple Pay,USA,Desktop,No
ECOMM-66527,254.0,1177.96,4,48,Premium,Crypto,Germany,Mobile,Yes
ECOMM-70064,280.0,775.63,3,34,Basic,Crypto,Canada,Desktop,No
ECOMM-60281,326.0,1188.93,3,44,Basic,Apple Pay,USA,Desktop,No
ECOMM-43554,211.0,4322.13,3,41,Basic,Crypto,Canada,Tablet,No
ECOMM-10660,236.0,375.69,7,19,Premium,PayPal,Canada,Mobile,No
ECOMM-58504,222.0,1373.19,1,48,Free,Apple Pay,UK,Tablet,Yes
ECOMM-89106,281.0,3684.65,5,23,Basic,Apple Pay,UK,Desktop,No
ECOMM-64120,114.0,2957.29,4,40,Free,Apple Pay,USA,Mobile,No
ECOMM-43607,197.0,3155.31,4,14,Free,PayPal,UK,Tablet,Yes
ECOMM-12468,215.0,4031.08,3,8,Free,Crypto,USA,Tablet,Yes
ECOMM-40627,36.0,670.12,5,38,Free,Credit Card,USA,Tablet,Yes
ECOMM-51900,321.0,392.92,0,44,Free,Crypto,Germany,Desktop,No
ECOMM-93449,93.0,3984.78,3,46,Basic,Credit Card,Germany,Mobile,No
ECOMM-96045,83.0,4151.13,5,38,Free,Credit Card,Canada,Mobile,No
ECOMM-20949,277.0,4279.34,5,0,Premium,Crypto,Germany,Mobile,No
ECOMM-91037,60.0,1763.24,2,21,Premium,Apple Pay,Canada,Mobile,No
ECOMM-46540,327.0,3455.66,9,49,Basic,Apple Pay,Germany,Desktop,No
ECOMM-36781,284.0,3075.96,9,39,Premium,Crypto,UK,Mobile,No
ECOMM-64223,214.0,2946.39,6,2,Free,Apple Pay,Canada,Mobile,Yes
ECOMM-81858,249.0,4188.05,4,16,Premium,Crypto,Australia,Desktop,Yes
ECOMM-38794,243.0,4161.34,3,21,Free,Credit Card,UK,Desktop,No
ECOMM-42305,76.0,15.11,6,48,Premium,Credit Card,Australia,Mobile,Yes
ECOMM-88824,112.0,2374.34,8,25,Premium,PayPal,UK,Mobile,No
ECOMM-20264,246.0,4207.79,8,4,Free,Credit Card,Germany,Mobile,No
ECOMM-88637,108.0,2725.6,4,20,Basic,Credit Card,Canada,Tablet,Yes
ECOMM-81867,263.0,1093.72,5,27,Premium,PayPal,USA,Tablet,No
ECOMM-77866,62.0,606.13,2,24,Premium,Apple Pay,Australia,Desktop,No
ECOMM-71969,103.0,4355.85,9,42,Basic,PayPal,Canada,Mobile,No
ECOMM-26564,217.0,4505.74,2,8,Basic,Credit Card,Canada,Tablet,No
ECOMM-83626,112.0,3902.84,1,28,Free,PayPal,USA,Desktop,No
ECOMM-54387,125.0,2313.75,7,31,Free,PayPal,UK,Mobile,No
ECOMM-83298,55.0,560.61,5,21,Free,PayPal,Australia,Tablet,No
ECOMM-59035,223.0,158.55,2,6,Free,PayPal,Germany,Desktop,No
ECOMM-49436,204.0,248.15,5,42,Free,Apple Pay,USA,Desktop,Yes
ECOMM-42965,136.0,1243.85,9,17,Basic,Crypto,UK,Tablet,No
ECOMM-60468,237.0,730.24,9,36,Free,Apple Pay,UK,Mobile,No
ECOMM-46169,5.0,2209.25,3,28,Free,PayPal,USA,Mobile,No
ECOMM-66174,203.0,1529.45,0,7,Basic,Crypto,Canada,Mobile,No
ECOMM-69424,223.0,1362.22,1,45,Free,PayPal,Australia,Desktop,No
ECOMM-38742,102.0,4835.7,0,10,Premium,Apple Pay,USA,Tablet,No
ECOMM-66993,152.0,1686.91,8,2,Premium,Apple Pay,USA,Mobile,No
ECOMM-39724,179.0,1683.55,8,32,Free,Credit Card,Canada,Mobile,No
ECOMM-14384,280.0,2413.17,3,25,Free,Crypto,UK,Desktop,No
ECOMM-85950,121.0,2820.99,5,15,Free,Credit Card,USA,Mobile,Yes
ECOMM-73659,283.0,2037.73,5,37,Basic,PayPal,Germany,Tablet,Yes
ECOMM-72295,123.0,4969.65,4,42,Premium,Credit Card,USA,Desktop,No
ECOMM-58780,102.0,2358.06,3,2,Free,Apple Pay,UK,Desktop,No
ECOMM-97732,161.0,1902.69,3,29,Basic,Credit Card,USA,Tablet,No
ECOMM-35787,59.0,1511.02,2,37,Free,Crypto,UK,Mobile,No
ECOMM-26619,150.0,1052.12,0,23,Free,Credit Card,USA,Tablet,No
ECOMM-50937,85.0,4416.0,1,26,Free,PayPal,Germany,Tablet,No
ECOMM-16316,121.0,1529.46,7,1,Free,Apple Pay,UK,Desktop,No
ECOMM-59543,272.0,420.92,7,5,Basic,Credit Card,Canada,Mobile,No
ECOMM-12800,152.0,2005.29,8,8,Free,Credit Card,UK,Desktop,Yes
ECOMM-53979,285.0,2550.09,9,19,Free,Apple Pay,UK,Mobile,Yes
ECOMM-86447,31.0,2802.52,7,11,Premium,Crypto,Australia,Tablet,No
ECOMM-75311,54.0,4509.37,2,27,Free,Apple Pay,Canada,Desktop,No
ECOMM-76525,81.0,4839.3,5,49,Free,Apple Pay,UK,Mobile,Yes
ECOMM-98003,127.0,563.3,1,35,Premium,Apple Pay,Germany,Desktop,No
ECOMM-36761,364.0,2829.18,3,12,Free,Apple Pay,Canada,Tablet,No
ECOMM-65705,347.0,4429.48,4,31,Free,PayPal,USA,Desktop,Yes
ECOMM-73593,230.0,2746.73,5,6,Free,PayPal,Canada,Mobile,Yes
ECOMM-32397,278.0,2213.72,0,0,Free,PayPal,USA,Tablet,No
ECOMM-82755,171.0,2774.37,8,32,Basic,PayPal,Germany,Tablet,No
ECOMM-97389,198.0,2346.66,4,13,Premium,Crypto,UK,Mobile,Yes
ECOMM-77292,9.0,3718.84,2,41,Basic,Credit Card,UK,Desktop,Yes
ECOMM-42626,268.0,4290.7,6,0,Premium,Credit Card,Canada,Tablet,No
ECOMM-50924,62.0,2864.08,9,18,Basic,Apple Pay,UK,Desktop,No
ECOMM-34239,263.0,3615.12,5,27,Free,Credit Card,UK,Mobile,Yes
ECOMM-18800,15.0,667.01,0,8,Basic,Credit Card,UK,Desktop,No
ECOMM-87191,31.0,2259.44,2,24,Free,Crypto,UK,Mobile,No
ECOMM-28248,104.0,872.86,1,46,Premium,Crypto,Germany,Mobile,No
ECOMM-39764,364.0,834.88,8,5,Premium,Credit Card,Germany,Desktop,Yes
ECOMM-27443,235.0,4245.76,2,0,Free,Crypto,Germany,Tablet,Yes
ECOMM-74398,32.0,3691.77,9,16,Basic,PayPal,USA,Mobile,No
ECOMM-37036,204.0,531.13,2,8,Free,PayPal,Canada,Desktop,Yes
ECOMM-19591,102.0,1665.31,2,38,Basic,PayPal,USA,Mobile,No
ECOMM-73540,8.0,1609.84,2,13,Free,Credit Card,Germany,Tablet,Yes
ECOMM-38577,258.0,3228.64,4,43,Free,Apple Pay,Germany,Desktop,No
ECOMM-75416,219.0,522.83,6,9,Premium,Apple Pay,UK,Mobile,No
ECOMM-51473,194.0,1098.01,5,6,Free,PayPal,Australia,Tablet,Yes
ECOMM-95137,9.0,2421.04,7,45,Free,Credit Card,USA,Mobile,Yes
ECOMM-26203,266.0,3448.04,6,2,Free,Crypto,Australia,Tablet,No
ECOMM-83072,58.0,3995.41,0,15,Free,PayPal,Australia,Tablet,No
ECOMM-98497,336.0,838.96,4,45,Free,Credit Card,UK,Desktop,Yes
ECOMM-76321,61.0,719.16,9,49,Free,Apple Pay,USA,Desktop,No
ECOMM-73601,245.0,4737.88,4,22,Basic,Apple Pay,USA,Desktop,No
ECOMM-77695,313.0,2325.84,9,16,Basic,Crypto,Germany,Mobile,No
ECOMM-45234,266.0,1726.81,0,41,Basic,PayPal,UK,Tablet,No
ECOMM-10353,76.0,2455.37,9,8,Free,Credit Card,UK,Mobile,No
ECOMM-63731,208.0,4726.88,7,20,Premium,Crypto,Canada,Mobile,No
ECOMM-15292,316.0,2092.31,2,0,Free,Apple Pay,Australia,Desktop,Yes
ECOMM-75870,363.0,3746.16,3,41,Premium,Credit Card,Australia,Tablet,No
ECOMM-86879,212.0,682.45,0,36,Basic,PayPal,UK,Desktop,No
ECOMM-98179,41.0,4998.02,9,19,Basic,Credit Card,Germany,Mobile,Yes
ECOMM-10766,245.0,4398.12,2,44,Basic,Crypto,Australia,Tablet,No
ECOMM-66022,128.0,1207.97,3,30,Free,Crypto,Australia,Mobile,No
ECOMM-36380,201.0,335.58,5,5,Basic,Crypto,USA,Desktop,No
ECOMM-66055,337.0,900.9,7,17,Free,Credit Card,USA,Tablet,No
ECOMM-26235,229.0,2844.15,6,11,Basic,PayPal,Canada,Desktop,Yes
ECOMM-25486,34.0,4782.63,4,19,Free,Credit Card,UK,Mobile,No
ECOMM-14543,28.0,4323.14,4,2,Free,Crypto,Australia,Mobile,Yes
ECOMM-59833,251.0,1172.56,7,20,Premium,Apple Pay,UK,Desktop,No
ECOMM-45540,151.0,4093.43,4,22,Basic,PayPal,USA,Mobile,No
ECOMM-41256,195.0,3036.29,5,29,Premium,Apple Pay,Canada,Tablet,Yes
ECOMM-47930,96.0,1627.16,3,34,Premium,PayPal,Australia,Desktop,No
ECOMM-35202,185.0,131.14,5,37,Free,Apple Pay,USA,Desktop,Yes
ECOMM-32788,267.0,3942.82,5,46,Premium,Credit Card,Germany,Tablet,No
ECOMM-80144,124.0,3130.95,3,13,Basic,Apple Pay,Australia,Desktop,No
ECOMM-37989,28.0,2079.49,4,7,Free,Credit Card,USA,Tablet,Yes
ECOMM-15351,75.0,3461.3,5,35,Premium,Credit Card,UK,Tablet,No
ECOMM-61739,282.0,2972.3,5,6,Free,Credit Card,Germany,Mobile,No
ECOMM-46088,64.0,4391.4,2,49,Free,Crypto,Australia,Desktop,No
ECOMM-40106,28.0,908.95,8,22,Free,Crypto,USA,Desktop,No
ECOMM-77910,51.0,1199.11,5,39,Free,Credit Card,Canada,Desktop,No
ECOMM-79944,132.0,349.43,1,10,Premium,PayPal,Canada,Tablet,No
ECOMM-35550,311.0,4433.88,5,3,Premium,Apple Pay,Canada,Desktop,No
ECOMM-42396,188.0,3357.81,8,43,Free,Apple Pay,UK,Tablet,No
ECOMM-25992,229.0,1815.93,5,23,Basic,Crypto,Germany,Tablet,No
ECOMM-23638,331.0,2334.6,8,13,Premium,Credit Card,Australia,Desktop,Yes
ECOMM-37494,145.0,4802.92,0,6,Free,Apple Pay,Canada,Desktop,No
ECOMM-11159,281.0,1948.25,7,15,Basic,PayPal,Australia,Desktop,Yes
ECOMM-61998,93.0,4834.46,9,27,Premium,Credit Card,Canada,Tablet,No
ECOMM-22467,17.0,2680.37,2,34,Free,Credit Card,Australia,Desktop,No
ECOMM-90483,201.0,1099.04,2,23,Free,Crypto,UK,Desktop,No
ECOMM-96181,307.0,364.17,1,49,Free,Crypto,Australia,Mobile,Yes
ECOMM-54914,88.0,4385.63,0,33,Basic,PayPal,USA,Mobile,No
ECOMM-27700,270.0,1669.6,0,32,Premium,Crypto,Australia,Mobile,No
ECOMM-29147,102.0,4412.57,2,28,Free,Credit Card,Germany,Tablet,No
ECOMM-68303,73.0,2450.54,7,27,Free,Crypto,Germany,Tablet,No
ECOMM-90028,234.0,2905.81,9,47,Premium,Credit Card,Australia,Mobile,No
ECOMM-46620,252.0,440.82,3,6,Free,Crypto,USA,Mobile,No
ECOMM-51469,138.0,2075.02,6,0,Premium,Credit Card,Australia,Mobile,Yes
ECOMM-37332,212.0,35.4,1,14,Basic,PayPal,Australia,Desktop,No
ECOMM-97905,50.0,3083.45,9,7,Free,Apple Pay,Australia,Tablet,No
ECOMM-70197,161.0,4743.31,5,23,Premium,Crypto,Canada,Mobile,No
ECOMM-40070,101.0,1529.02,8,24,Premium,Apple Pay,Canada,Mobile,No
ECOMM-38194,302.0,113.31,7,26,Basic,Apple Pay,Germany,Desktop,No
ECOMM-79484,361.0,1774.28,0,2,Free,Credit Card,Canada,Desktop,Yes
ECOMM-68895,102.0,4427.97,6,9,Free,Credit Card,USA,Desktop,No
ECOMM-65447,364.0,561.88,2,31,Premium,Crypto,Australia,Tablet,No
ECOMM-26769,32.0,2774.68,7,27,Free,PayPal,Australia,Tablet,No
ECOMM-63609,269.0,1841.43,8,48,Free,Credit Card,UK,Mobile,No
ECOMM-74331,337.0,3810.06,0,34,Premium,PayPal,Canada,Tablet,No
ECOMM-21294,310.0,522.92,2,25,Free,Credit Card,Germany,Mobile,No
ECOMM-41780,323.0,502.23,5,36,Basic,Apple Pay,Australia,Tablet,Yes
ECOMM-52417,250.0,1580.35,7,9,Basic,Apple Pay,UK,Mobile,Yes
ECOMM-54665,309.0,2195.81,7,34,Basic,Credit Card,Germany,Desktop,No
ECOMM-86426,234.0,2479.85,1,22,Premium,Credit Card,Canada,Desktop,No
ECOMM-35381,130.0,4855.02,6,25,Free,Crypto,Australia,Desktop,No
ECOMM-93319,165.0,2972.06,1,12,Free,Credit Card,Australia,Tablet,No
ECOMM-47678,271.0,2575.43,7,48,Basic,PayPal,USA,Tablet,No
ECOMM-66497,348.0,1684.05,2,17,Free,Apple Pay,Canada,Mobile,No
ECOMM-12460,42.0,1508.12,8,22,Premium,Apple Pay,Canada,Tablet,No
ECOMM-81469,110.0,4948.56,3,37,Basic,Credit Card,Canada,Tablet,No
ECOMM-16989,355.0,1383.85,5,29,Free,Crypto,UK,Tablet,Yes
ECOMM-11791,100.0,433.73,6,15,Free,Credit Card,Germany,Tablet,No
ECOMM-58615,180.0,3777.64,7,24,Basic,Crypto,Canada,Mobile,No
ECOMM-29036,317.0,442.25,7,4,Free,Credit Card,USA,Mobile,No
ECOMM-56701,283.0,1287.71,3,24,Basic,Credit Card,Germany,Tablet,No
ECOMM-38348,103.0,1146.57,6,25,Premium,PayPal,Germany,Desktop,No
ECOMM-48908,241.0,1307.78,1,40,Free,Apple Pay,Australia,Mobile,No
ECOMM-54294,173.0,1029.75,1,5,Basic,Credit Card,Germany,Tablet,No
ECOMM-36042,102.0,3856.53,1,13,Basic,PayPal,USA,Desktop,No
ECOMM-85582,79.0,749.84,6,30,Free,Apple Pay,Australia,Desktop,No
ECOMM-33986,34.0,2073.33,1,47,Premium,Crypto,USA,Desktop,No
ECOMM-40647,316.0,2394.16,7,46,Free,Credit Card,UK,Desktop,No
ECOMM-53425,241.0,3391.99,2,7,Basic,Crypto,Australia,Mobile,No
ECOMM-67595,203.0,953.79,9,25,Basic,Crypto,Canada,Desktop,Yes
ECOMM-18127,31.0,2923.78,7,26,Free,Crypto,Germany,Mobile,No
ECOMM-62281,86.0,1831.69,9,35,Free,PayPal,USA,Desktop,No
ECOMM-16145,182.0,1176.28,3,2,Basic,PayPal,Germany,Desktop,No
ECOMM-84486,120.0,230.34,8,2,Free,PayPal,USA,Tablet,No
ECOMM-34514,189.0,4830.73,6,9,Premium,PayPal,UK,Mobile,No
ECOMM-41401,278.0,1335.9,4,0,Basic,Credit Card,Australia,Desktop,Yes
ECOMM-32618,73.0,1947.31,5,37,Free,Apple Pay,Australia,Desktop,No
ECOMM-24074,42.0,167.02,4,20,Premium,Apple Pay,UK,Desktop,No
ECOMM-75727,362.0,3647.32,9,29,Free,Apple Pay,Germany,Desktop,Yes
ECOMM-22108,19.0,2123.65,6,45,Basic,PayPal,Canada,Mobile,No
ECOMM-92139,301.0,4059.19,5,8,Free,PayPal,USA,Tablet,No
ECOMM-69084,193.0,2460.27,5,45,Free,Apple Pay,Germany,Mobile,No
ECOMM-76401,154.0,312.6,4,0,Basic,Crypto,Canada,Tablet,No
ECOMM-67680,60.0,4488.74,9,43,Free,Apple Pay,Germany,Mobile,No
ECOMM-67032,355.0,2912.66,8,39,Basic,Crypto,USA,Desktop,Yes
ECOMM-36879,164.0,1059.02,2,33,Free,Credit Card,Canada,Mobile,No
ECOMM-97856,116.0,3153.09,5,38,Free,Apple Pay,Canada,Tablet,No
ECOMM-21105,23.0,850.48,9,21,Basic,PayPal,UK,Desktop,No
ECOMM-58298,342.0,4142.8,8,13,Free,PayPal,UK,Tablet,Yes
ECOMM-94458,276.0,3645.3,3,22,Premium,Apple Pay,Canada,Tablet,No
ECOMM-59917,22.0,2027.97,8,31,Basic,Apple Pay,Germany,Tablet,No
ECOMM-44519,158.0,3582.83,9,17,Basic,PayPal,Australia,Desktop,Yes
ECOMM-89632,230.0,3261.37,8,30,Free,Crypto,USA,Desktop,Yes
ECOMM-37589,125.0,1257.72,2,47,Premium,PayPal,Germany,Tablet,No
ECOMM-59464,294.0,1570.23,0,16,Basic,Credit Card,Canada,Mobile,No
ECOMM-40988,103.0,3270.18,9,24,Free,Crypto,Canada,Tablet,Yes
ECOMM-24697,51.0,3926.84,2,39,Free,Crypto,Canada,Tablet,No
ECOMM-89719,187.0,3597.71,9,38,Free,Credit Card,UK,Mobile,Yes
ECOMM-23197,238.0,2369.74,5,5,Basic,Credit Card,UK,Desktop,No
ECOMM-41823,321.0,4604.14,9,22,Premium,Crypto,UK,Desktop,No
ECOMM-60598,90.0,3896.02,1,6,Premium,Crypto,USA,Mobile,No
ECOMM-92740,316.0,33.84,5,36,Free,Apple Pay,USA,Desktop,Yes
ECOMM-71202,159.0,3039.56,2,35,Premium,Credit Card,USA,Mobile,No
ECOMM-18228,131.0,4594.0,6,48,Premium,Apple Pay,Germany,Tablet,No
ECOMM-71105,197.0,2057.28,1,45,Basic,Credit Card,Canada,Tablet,Yes
ECOMM-22831,41.0,1954.33,0,10,Free,Credit Card,Canada,Tablet,No
ECOMM-28771,127.0,324.23,7,40,Basic,Apple Pay,USA,Mobile,No
ECOMM-85271,310.0,316.51,7,0,Basic,PayPal,USA,Mobile,No
ECOMM-72910,249.0,1180.9,4,13,Premium,Crypto,USA,Tablet,Yes
ECOMM-70512,72.0,4590.98,9,3,Free,Apple Pay,Germany,Desktop,No
ECOMM-43055,47.0,2414.33,8,36,Free,Credit Card,UK,Mobile,No
ECOMM-45238,358.0,2615.28,2,17,Basic,Crypto,Germany,Desktop,No
ECOMM-42027,141.0,4266.79,0,17,Premium,Credit Card,Australia,Tablet,No
ECOMM-38011,23.0,561.25,9,31,Premium,Crypto,Canada,Desktop,No
ECOMM-31006,135.0,3392.33,4,18,Basic,Apple Pay,USA,Mobile,No
ECOMM-84130,282.0,3361.59,0,19,Basic,Crypto,Germany,Mobile,No
ECOMM-99153,187.0,2743.05,0,49,Free,Credit Card,UK,Mobile,Yes
ECOMM-46839,330.0,2808.07,5,4,Free,PayPal,Australia,Mobile,Yes
ECOMM-80339,126.0,1922.06,5,45,Premium,PayPal,Australia,Desktop,No
ECOMM-20892,24.0,2733.89,2,19,Premium,Crypto,Canada,Desktop,No
ECOMM-85918,208.0,4163.43,2,4,Basic,Crypto,Canada,Tablet,Yes
ECOMM-67030,127.0,2314.65,1,30,Free,Crypto,Germany,Desktop,No
ECOMM-92211,330.0,3185.91,9,15,Basic,PayPal,Australia,Desktop,Yes
ECOMM-58156,21.0,4050.05,7,23,Free,Crypto,Germany,Mobile,No
ECOMM-57047,304.0,4007.18,4,48,Free,PayPal,Canada,Tablet,Yes
ECOMM-38953,270.0,853.07,1,27,Free,PayPal,Canada,Mobile,No
ECOMM-97683,327.0,28.59,8,10,Basic,Apple Pay,USA,Mobile,No
ECOMM-72750,114.0,537.12,1,47,Premium,Credit Card,Canada,Tablet,No
ECOMM-74490,198.0,1413.46,2,0,Free,PayPal,Germany,Tablet,Yes
ECOMM-35080,224.0,61.65,2,42,Basic,Apple Pay,Australia,Mobile,No
ECOMM-51818,41.0,2825.08,3,5,Free,Apple Pay,Germany,Mobile,No
ECOMM-58184,5.0,229.61,7,47,Premium,PayPal,Germany,Desktop,No
ECOMM-15610,279.0,3333.93,2,37,Free,Crypto,Germany,Desktop,No
ECOMM-19259,276.0,4527.06,4,18,Basic,Crypto,Australia,Desktop,Yes
ECOMM-57073,189.0,4851.69,5,45,Free,PayPal,USA,Desktop,No
ECOMM-22026,57.0,2154.76,4,9,Free,Apple Pay,USA,Mobile,Yes
ECOMM-16710,207.0,4144.64,1,25,Premium,PayPal,Canada,Tablet,No
ECOMM-75340,11.0,3163.65,2,46,Free,Apple Pay,UK,Mobile,No
ECOMM-24985,11.0,4276.48,1,31,Free,Apple Pay,Australia,Tablet,No
ECOMM-14587,269.0,940.62,3,19,Basic,Apple Pay,USA,Desktop,Yes
ECOMM-40650,227.0,3395.82,7,44,Free,Apple Pay,Australia,Desktop,Yes
ECOMM-42245,261.0,213.18,2,37,Basic,Crypto,Canada,Desktop,No
ECOMM-62872,52.0,4575.87,4,11,Premium,Apple Pay,Canada,Tablet,No
ECOMM-62829,208.0,86.81,7,37,Premium,PayPal,UK,Desktop,No
ECOMM-33889,246.0,4299.65,9,8,Basic,Apple Pay,UK,Desktop,No
ECOMM-75298,192.0,1453.41,5,10,Basic,Crypto,Canada,Desktop,Yes
ECOMM-37716,80.0,2472.36,1,21,Free,Crypto,USA,Desktop,No
ECOMM-62462,347.0,3108.75,0,10,Basic,Crypto,UK,Mobile,Yes
ECOMM-31308,17.0,1996.75,2,11,Free,PayPal,Germany,Mobile,No
ECOMM-60772,21.0,3313.73,6,24,Free,Crypto,Australia,Mobile,No
ECOMM-58762,61.0,2128.47,8,0,Basic,Crypto,Germany,Mobile,No
ECOMM-16518,324.0,4662.61,1,17,Basic,Crypto,Australia,Desktop,No
ECOMM-17181,175.0,4306.84,9,7,Basic,PayPal,USA,Mobile,No
ECOMM-61063,117.0,2834.47,3,8,Free,PayPal,Germany,Tablet,No
ECOMM-66761,126.0,628.96,8,4,Free,Apple Pay,Australia,Mobile,No
ECOMM-92785,139.0,3365.05,9,19,Basic,PayPal,USA,Tablet,No
ECOMM-59255,220.0,3855.51,7,46,Basic,PayPal,Canada,Mobile,Yes
ECOMM-26894,155.0,2942.17,9,30,Premium,Crypto,Canada,Mobile,No
ECOMM-27790,129.0,3073.05,4,48,Free,Apple Pay,Australia,Mobile,No
ECOMM-32498,103.0,53.97,6,40,Basic,Crypto,Canada,Desktop,No
ECOMM-82280,284.0,394.66,0,41,Free,Apple Pay,Germany,Tablet,No
ECOMM-41360,351.0,2602.56,9,6,Premium,Apple Pay,Australia,Tablet,Yes
ECOMM-87203,276.0,1248.85,5,10,Free,Credit Card,USA,Desktop,Yes
ECOMM-90374,255.0,381.29,4,13,Free,PayPal,USA,Tablet,Yes
ECOMM-26248,195.0,1594.72,1,7,Premium,Crypto,UK,Desktop,No
ECOMM-80090,167.0,1444.74,2,45,Free,Credit Card,Germany,Mobile,No
ECOMM-21725,263.0,1939.07,4,14,Free,PayPal,UK,Mobile,Yes
ECOMM-40839,128.0,4086.16,8,38,Basic,PayPal,Canada,Tablet,No
ECOMM-33594,189.0,273.51,0,20,Basic,Credit Card,UK,Tablet,Yes
ECOMM-31977,250.0,384.07,5,13,Premium,Credit Card,Canada,Desktop,Yes
ECOMM-88140,15.0,806.09,4,32,Free,Apple Pay,Australia,Desktop,No
ECOMM-61750,111.0,671.73,7,38,Free,Apple Pay,Germany,Tablet,No
ECOMM-83667,33.0,4100.99,0,23,Premium,PayPal,USA,Desktop,No
ECOMM-98304,77.0,910.32,8,42,Premium,Apple Pay,Canada,Tablet,Yes
ECOMM-50840,86.0,1741.6,5,10,Basic,Apple Pay,USA,Tablet,Yes
ECOMM-60000,106.0,2407.72,9,8,Free,PayPal,UK,Mobile,No
ECOMM-17082,332.0,4026.64,1,14,Free,Credit Card,Australia,Desktop,No
ECOMM-43464,118.0,2969.14,5,6,Free,PayPal,Canada,Mobile,Yes
ECOMM-94068,217.0,2104.28,4,3,Free,PayPal,UK,Desktop,Yes
ECOMM-26598,331.0,2134.16,5,17,Premium,Crypto,USA,Mobile,No
ECOMM-12788,152.0,563.09,2,43,Premium,Crypto,UK,Desktop,No
ECOMM-89400,104.0,2225.03,7,10,Free,Credit Card,Canada,Desktop,Yes
ECOMM-77676,340.0,3752.38,7,24,Premium,Apple Pay,Canada,Desktop,No
ECOMM-44530,172.0,3217.67,4,29,Free,Crypto,Canada,Desktop,Yes
ECOMM-91624,26.0,1199.72,6,42,Free,Apple Pay,UK,Tablet,Yes
ECOMM-91437,45.0,680.56,6,29,Free,Apple Pay,Canada,Mobile,No
ECOMM-40978,173.0,4911.59,0,8,Free,Credit Card,UK,Mobile,No
ECOMM-14045,13.0,3672.38,7,32,Free,PayPal,USA,Mobile,No
ECOMM-28010,79.0,1415.03,4,37,Free,PayPal,Germany,Desktop,No
ECOMM-30961,171.0,2942.33,9,7,Free,Credit Card,Germany,Desktop,Yes
ECOMM-30824,8.0,3640.84,1,22,Basic,Crypto,Germany,Tablet,No
ECOMM-98262,288.0,2858.24,7,16,Basic,Apple Pay,Australia,Mobile,No
ECOMM-64089,16.0,266.51,6,21,Free,Apple Pay,Germany,Mobile,Yes
ECOMM-88044,130.0,3809.44,3,16,Premium,Apple Pay,Australia,Desktop,No
ECOMM-71202,230.0,322.11,1,34,Free,Credit Card,Canada,Desktop,Yes
ECOMM-73529,58.0,31.76,9,35,Premium,Apple Pay,USA,Desktop,No
ECOMM-61987,207.0,1538.82,4,40,Free,Credit Card,Australia,Desktop,Yes
ECOMM-69399,95.0,401.09,1,4,Premium,Credit Card,Canada,Desktop,No
ECOMM-83488,322.0,880.91,5,32,Free,Apple Pay,Australia,Tablet,No
ECOMM-51707,219.0,664.27,0,7,Basic,Crypto,Canada,Mobile,No
ECOMM-28533,169.0,330.81,3,28,Premium,Credit Card,UK,Tablet,No
ECOMM-82731,256.0,1510.48,1,48,Free,Apple Pay,Australia,Tablet,No
ECOMM-55764,310.0,463.16,8,25,Free,PayPal,Australia,Tablet,Yes
ECOMM-86413,31.0,2387.76,2,49,Premium,Crypto,UK,Mobile,No
ECOMM-97025,291.0,4029.03,0,1,Free,PayPal,Germany,Desktop,Yes
ECOMM-34363,279.0,3123.03,5,45,Free,Crypto,Germany,Tablet,No
ECOMM-43316,169.0,2544.2,9,35,Free,Apple Pay,Germany,Desktop,No
ECOMM-64180,80.0,4923.26,7,37,Free,Crypto,Australia,Tablet,No
ECOMM-89028,201.0,2424.61,3,49,Free,Crypto,Germany,Mobile,No
ECOMM-27405,135.0,4758.41,9,24,Free,PayPal,Canada,Tablet,No
ECOMM-57501,126.0,2271.73,7,33,Free,PayPal,UK,Mobile,No
ECOMM-56927,205.0,1879.78,2,29,Basic,Apple Pay,UK,Tablet,No
ECOMM-29550,281.0,862.47,0,37,Free,Crypto,Canada,Desktop,Yes
ECOMM-90650,209.0,1572.67,6,13,Free,Apple Pay,Australia,Desktop,No
ECOMM-34960,216.0,777.72,8,21,Basic,Crypto,USA,Desktop,Yes
ECOMM-10930,81.0,3931.81,1,41,Premium,Crypto,USA,Mobile,No
ECOMM-84656,244.0,2325.12,6,38,Free,Apple Pay,USA,Mobile,No
ECOMM-36683,306.0,882.79,4,19,Premium,Credit Card,UK,Desktop,Yes
ECOMM-38847,238.0,3127.82,1,46,Free,Credit Card,UK,Mobile,No
ECOMM-90364,184.0,4736.76,2,18,Free,Crypto,USA,Tablet,No
ECOMM-15017,114.0,3156.99,8,4,Basic,Crypto,Germany,Desktop,No
ECOMM-95979,274.0,1758.38,5,47,Basic,Crypto,UK,Mobile,Yes
ECOMM-38876,303.0,2597.22,2,29,Free,Crypto,Australia,Desktop,No
ECOMM-61570,270.0,3395.97,6,43,Free,Crypto,Germany,Mobile,No
ECOMM-81670,262.0,211.57,9,21,Free,PayPal,UK,Tablet,No
ECOMM-20400,239.0,2041.67,9,25,Premium,PayPal,Germany,Desktop,No
ECOMM-29905,66.0,1336.75,0,13,Free,Credit Card,Germany,Tablet,Yes
ECOMM-91370,50.0,1453.54,6,13,Free,Credit Card,USA,Desktop,Yes
ECOMM-96174,230.0,3233.42,7,49,Free,Crypto,Germany,Mobile,No
ECOMM-17372,83.0,2000.99,4,12,Free,PayPal,Germany,Mobile,No
ECOMM-44214,263.0,2884.08,7,24,Free,Apple Pay,USA,Tablet,Yes
ECOMM-65710,15.0,1289.01,3,44,Basic,PayPal,USA,Desktop,No
ECOMM-95015,98.0,251.02,6,38,Free,PayPal,Australia,Desktop,Yes
ECOMM-54749,118.0,4621.09,2,15,Free,PayPal,Australia,Tablet,No
ECOMM-15711,31.0,2633.99,1,14,Free,Apple Pay,Australia,Desktop,No
ECOMM-91407,16.0,3860.09,9,7,Free,Crypto,Germany,Tablet,No
ECOMM-76539,2.0,2000.82,7,34,Free,PayPal,USA,Mobile,No
ECOMM-15976,173.0,4869.54,6,27,Premium,Credit Card,Australia,Tablet,No
ECOMM-44634,269.0,4507.25,6,33,Basic,PayPal,Australia,Tablet,No
ECOMM-46743,325.0,3626.62,7,37,Free,Apple Pay,Germany,Mobile,Yes
ECOMM-92895,298.0,3436.6,6,41,Premium,Apple Pay,Canada,Desktop,No
ECOMM-23813,170.0,422.59,0,5,Basic,Crypto,UK,Tablet,No
ECOMM-19333,264.0,4473.74,9,40,Free,Apple Pay,UK,Desktop,No
ECOMM-39130,286.0,2512.83,5,35,Basic,Credit Card,Australia,Desktop,Yes
ECOMM-48057,42.0,4072.75,6,10,Free,Crypto,UK,Mobile,No
ECOMM-91519,57.0,34.37,3,12,Free,Crypto,Canada,Mobile,No
ECOMM-70831,233.0,4523.88,2,23,Free,PayPal,USA,Desktop,No
ECOMM-77489,50.0,985.28,0,32,Basic,Credit Card,UK,Mobile,No
ECOMM-77163,196.0,2027.63,5,35,Free,Crypto,Germany,Mobile,No
ECOMM-90039,48.0,1007.51,9,10,Premium,Crypto,Canada,Desktop,No
ECOMM-39234,306.0,372.07,7,30,Basic,PayPal,Germany,Tablet,No
ECOMM-49790,308.0,4308.25,7,9,Free,PayPal,UK,Mobile,Yes
ECOMM-59490,124.0,484.21,0,11,Basic,Crypto,Germany,Tablet,Yes
ECOMM-78049,117.0,3733.58,8,15,Free,PayPal,Australia,Mobile,Yes
ECOMM-53515,3.0,1384.8,6,42,Free,Apple Pay,Australia,Mobile,No
ECOMM-44715,68.0,3029.02,3,16,Basic,Credit Card,Australia,Mobile,No
ECOMM-75228,102.0,4235.81,1,10,Free,Apple Pay,UK,Tablet,No
ECOMM-85925,37.0,3030.56,1,30,Free,Credit Card,UK,Desktop,No
ECOMM-25399,315.0,4026.56,4,36,Free,Crypto,Australia,Mobile,Yes
ECOMM-25195,305.0,3173.88,6,10,Basic,Credit Card,USA,Tablet,Yes
ECOMM-49627,273.0,4946.02,9,18,Premium,Apple Pay,UK,Desktop,No
ECOMM-27695,265.0,3669.65,0,25,Free,Apple Pay,Germany,Tablet,No
ECOMM-52533,187.0,2195.11,7,21,Free,Crypto,Canada,Desktop,Yes
ECOMM-22790,267.0,4091.78,5,21,Premium,Apple Pay,USA,Desktop,Yes
ECOMM-88908,315.0,3353.61,8,9,Premium,Crypto,USA,Mobile,Yes
ECOMM-86313,335.0,3354.37,4,23,Basic,Crypto,UK,Desktop,No
ECOMM-76261,72.0,3911.1,1,49,Basic,Apple Pay,Australia,Mobile,No
ECOMM-22788,284.0,2762.72,3,12,Free,Crypto,Germany,Mobile,No
ECOMM-71122,176.0,1352.12,0,8,Basic,Apple Pay,USA,Mobile,No
ECOMM-37708,171.0,4362.12,3,22,Premium,Crypto,USA,Tablet,No
ECOMM-51379,15.0,2652.74,0,31,Free,PayPal,Canada,Mobile,No
ECOMM-88059,307.0,2589.2,9,49,Premium,PayPal,Canada,Desktop,Yes
ECOMM-81485,197.0,141.24,8,27,Free,Credit Card,Canada,Desktop,No
ECOMM-37600,192.0,4342.94,4,28,Basic,Crypto,Australia,Mobile,No
ECOMM-41728,332.0,4247.97,3,40,Premium,Credit Card,Canada,Tablet,No
ECOMM-35565,228.0,1944.31,4,14,Free,PayPal,Australia,Tablet,Yes
ECOMM-82669,79.0,4895.2,0,6,Premium,Crypto,Germany,Mobile,No
ECOMM-21495,318.0,4211.1,4,44,Premium,PayPal,UK,Tablet,No
ECOMM-12195,164.0,3247.18,9,11,Basic,PayPal,Australia,Desktop,Yes
ECOMM-20646,133.0,272.62,0,6,Basic,Apple Pay,UK,Mobile,No
ECOMM-15512,121.0,1589.77,9,24,Free,PayPal,UK,Mobile,No
ECOMM-70711,347.0,1783.22,6,8,Basic,Apple Pay,USA,Tablet,No
ECOMM-18438,306.0,1853.08,1,26,Free,Credit Card,USA,Tablet,No
ECOMM-66213,360.0,2310.78,3,30,Premium,Credit Card,UK,Desktop,No
ECOMM-89291,254.0,3895.34,6,23,Free,Crypto,Canada,Desktop,No
ECOMM-84725,98.0,3814.26,3,17,Free,Crypto,UK,Tablet,No
ECOMM-96681,176.0,4834.68,6,43,Free,Crypto,Australia,Mobile,No
ECOMM-81106,69.0,4353.09,6,0,Premium,PayPal,Canada,Tablet,No
ECOMM-72366,51.0,1074.24,2,43,Free,PayPal,Australia,Mobile,No
ECOMM-11415,98.0,4318.31,3,10,Free,Apple Pay,Germany,Tablet,No
ECOMM-50073,200.0,2982.29,0,12,Free,PayPal,Germany,Desktop,Yes
ECOMM-19385,94.0,2147.03,6,39,Premium,Crypto,Canada,Desktop,No
ECOMM-13105,135.0,4363.78,0,13,Basic,Crypto,UK,Desktop,No
ECOMM-22705,150.0,679.14,7,30,Free,Apple Pay,Canada,Tablet,Yes
ECOMM-10772,118.0,2773.24,4,38,Basic,Apple Pay,Canada,Tablet,No
ECOMM-58913,207.0,2897.82,2,21,Free,Apple Pay,UK,Desktop,No
ECOMM-24192,93.0,4703.67,4,42,Premium,Crypto,Canada,Mobile,No
ECOMM-48919,331.0,39.77,3,46,Premium,Credit Card,USA,Desktop,No
ECOMM-79322,84.0,1927.92,0,46,Free,Crypto,Germany,Mobile,No
ECOMM-45963,147.0,3677.21,8,37,Free,Crypto,UK,Desktop,No
ECOMM-78009,226.0,3987.46,0,1,Free,Credit Card,USA,Mobile,No
ECOMM-74559,273.0,3401.47,4,13,Basic,Apple Pay,Germany,Mobile,Yes
ECOMM-30979,189.0,2840.41,7,3,Free,Apple Pay,Canada,Desktop,No
ECOMM-71838,57.0,3241.64,9,18,Basic,Credit Card,UK,Mobile,Yes
ECOMM-67709,110.0,1580.2,4,31,Free,Apple Pay,Germany,Mobile,Yes
ECOMM-48211,222.0,3892.02,0,45,Premium,Crypto,Canada,Tablet,No
ECOMM-88410,320.0,1737.8,4,35,Basic,PayPal,UK,Tablet,No
ECOMM-74623,109.0,1832.09,6,2,Free,Credit Card,Germany,Mobile,No
ECOMM-53303,82.0,1431.28,5,44,Free,PayPal,USA,Tablet,No
ECOMM-97571,123.0,1496.85,2,45,Basic,PayPal,Canada,Tablet,No
ECOMM-67809,189.0,3066.08,0,15,Basic,PayPal,UK,Desktop,Yes
ECOMM-67669,305.0,3016.44,9,25,Free,Crypto,Germany,Mobile,No
ECOMM-40465,307.0,2743.52,7,10,Free,Apple Pay,Canada,Tablet,No
ECOMM-19156,125.0,2600.13,8,6,Free,Crypto,Germany,Desktop,Yes
ECOMM-77177,211.0,3158.08,9,40,Premium,Crypto,Canada,Tablet,No
ECOMM-26741,233.0,1964.89,0,17,Premium,Credit Card,Canada,Tablet,No
ECOMM-37691,357.0,2888.63,7,37,Basic,Credit Card,UK,Desktop,No
ECOMM-32803,208.0,4171.24,0,40,Free,Credit Card,UK,Mobile,No
ECOMM-98867,361.0,1140.6,5,41,Premium,PayPal,Canada,Desktop,No
ECOMM-92033,9.0,3934.36,8,42,Free,PayPal,Canada,Mobile,No
ECOMM-73948,27.0,3867.34,3,4,Free,Crypto,Germany,Mobile,No
ECOMM-45383,95.0,2910.02,0,27,Free,Crypto,Canada,Desktop,No
ECOMM-92262,82.0,2788.98,7,33,Free,Apple Pay,Australia,Desktop,Yes
ECOMM-80616,106.0,1212.94,9,24,Free,Credit Card,Germany,Mobile,No
ECOMM-77426,122.0,3294.68,3,41,Basic,PayPal,UK,Tablet,No
ECOMM-13130,108.0,4671.6,1,27,Free,Credit Card,UK,Mobile,No
ECOMM-36969,139.0,4787.59,4,22,Free,Crypto,Germany,Desktop,No
ECOMM-94198,167.0,4699.33,4,40,Basic,Apple Pay,Germany,Desktop,No
ECOMM-65373,364.0,2130.35,3,27,Basic,Crypto,Germany,Tablet,No
ECOMM-11730,201.0,2220.64,9,7,Premium,Crypto,USA,Desktop,Yes
ECOMM-20431,97.0,481.42,6,13,Basic,PayPal,Australia,Desktop,No
ECOMM-83304,198.0,3203.73,0,25,Free,Apple Pay,Germany,Tablet,Yes
ECOMM-96553,93.0,3676.04,3,31,Free,Apple Pay,USA,Tablet,No
ECOMM-40434,32.0,1166.7,1,4,Basic,Crypto,Australia,Tablet,No
ECOMM-72646,300.0,1805.81,7,49,Basic,Apple Pay,UK,Tablet,Yes
ECOMM-19601,28.0,4488.61,8,30,Free,PayPal,Germany,Desktop,No
ECOMM-66736,258.0,1974.58,4,41,Basic,PayPal,UK,Tablet,No
ECOMM-86075,263.0,1908.39,0,18,Basic,Credit Card,UK,Mobile,No
ECOMM-70742,184.0,2144.79,7,40,Free,Apple Pay,Australia,Desktop,Yes
ECOMM-55253,170.0,3128.75,2,38,Premium,PayPal,Canada,Tablet,No
ECOMM-69349,333.0,4840.89,7,48,Free,Apple Pay,Australia,Mobile,No
ECOMM-16396,149.0,4277.84,0,25,Basic,Credit Card,UK,Tablet,No
ECOMM-72797,24.0,1543.08,9,10,Basic,PayPal,Canada,Mobile,No
ECOMM-11508,105.0,740.54,8,19,Basic,Credit Card,Germany,Mobile,No
ECOMM-74264,274.0,3538.73,2,48,Free,Apple Pay,Australia,Tablet,No
ECOMM-85635,44.0,547.59,1,28,Basic,Crypto,Australia,Mobile,No
ECOMM-76524,188.0,2808.77,0,31,Basic,Crypto,Canada,Mobile,Yes
ECOMM-10638,46.0,4228.64,0,42,Free,Credit Card,UK,Tablet,No
ECOMM-19826,25.0,4747.99,2,10,Basic,Crypto,Canada,Mobile,No
ECOMM-74482,125.0,2991.73,3,9,Free,Crypto,USA,Desktop,No
ECOMM-78841,291.0,1490.42,9,12,Premium,Crypto,Germany,Tablet,Yes
ECOMM-17436,300.0,2488.96,5,36,Free,Crypto,USA,Desktop,No
ECOMM-77649,333.0,3442.4,7,13,Premium,PayPal,Germany,Desktop,Yes
ECOMM-38736,25.0,1794.0,5,33,Premium,Crypto,UK,Tablet,No
ECOMM-53288,24.0,4286.31,2,27,Free,Crypto,Germany,Mobile,Yes
ECOMM-29410,215.0,894.61,4,34,Free,Apple Pay,USA,Tablet,No
ECOMM-71018,243.0,3584.5,9,41,Free,Apple Pay,Canada,Mobile,No
ECOMM-96619,221.0,3444.04,1,5,Free,Apple Pay,Australia,Mobile,No
ECOMM-99846,42.0,4357.66,4,29,Free,Crypto,UK,Desktop,Yes
ECOMM-74600,81.0,4446.2,9,10,Free,Apple Pay,Australia,Tablet,No
ECOMM-26193,47.0,1595.14,6,20,Basic,Crypto,Germany,Mobile,Yes
ECOMM-21010,79.0,1378.43,6,26,Premium,PayPal,UK,Tablet,Yes
ECOMM-68199,195.0,405.21,7,30,Free,Credit Card,Australia,Tablet,Yes
ECOMM-75432,271.0,1499.23,4,23,Premium,Credit Card,Australia,Mobile,Yes
ECOMM-29457,6.0,2310.26,6,18,Basic,Credit Card,USA,Mobile,No
ECOMM-52478,219.0,1566.84,0,37,Free,Crypto,Canada,Mobile,No
ECOMM-20068,32.0,145.65,5,4,Premium,PayPal,Australia,Desktop,No
ECOMM-39644,167.0,1740.67,1,6,Free,Credit Card,Germany,Tablet,No
ECOMM-53966,255.0,4494.71,9,4,Free,PayPal,Canada,Tablet,Yes
ECOMM-59566,57.0,2039.66,2,36,Basic,PayPal,Germany,Desktop,No
ECOMM-47407,135.0,3555.75,4,8,Free,Crypto,UK,Mobile,No
ECOMM-61911,102.0,1896.12,2,27,Free,Crypto,UK,Tablet,No
ECOMM-15921,345.0,1002.73,4,32,Premium,Credit Card,USA,Tablet,No
ECOMM-44461,159.0,4035.32,1,49,Premium,PayPal,USA,Desktop,No
ECOMM-46040,245.0,2410.16,2,8,Free,Crypto,UK,Desktop,Yes
ECOMM-26995,34.0,27.49,2,6,Basic,Apple Pay,Canada,Desktop,No
ECOMM-60268,204.0,2239.86,3,12,Basic,Apple Pay,UK,Tablet,Yes
ECOMM-54016,35.0,1216.64,1,18,Free,Crypto,Australia,Mobile,No
ECOMM-49739,79.0,4240.63,3,25,Free,Crypto,UK,Mobile,No
ECOMM-41771,142.0,2043.26,4,25,Basic,PayPal,Germany,Desktop,Yes
ECOMM-72785,49.0,3055.54,6,4,Free,Crypto,Canada,Tablet,No
ECOMM-21977,283.0,1780.27,6,8,Premium,Credit Card,USA,Mobile,Yes
ECOMM-32675,229.0,1735.47,2,36,Free,PayPal,UK,Tablet,No
ECOMM-88139,323.0,4327.72,7,10,Premium,PayPal,Germany,Tablet,No
ECOMM-91505,188.0,3930.49,6,23,Free,Apple Pay,Germany,Tablet,Yes
ECOMM-45226,342.0,4532.82,3,48,Free,Credit Card,Germany,Desktop,No
ECOMM-77776,336.0,1478.79,9,13,Free,PayPal,Australia,Mobile,Yes
ECOMM-86264,171.0,4637.56,1,46,Free,Apple Pay,USA,Tablet,No
ECOMM-44891,106.0,1938.86,9,40,Basic,Crypto,Australia,Mobile,No
ECOMM-35351,265.0,1812.83,7,23,Basic,Apple Pay,UK,Tablet,No
ECOMM-20565,228.0,4601.45,3,41,Free,Apple Pay,Australia,Desktop,No
ECOMM-99584,354.0,3258.15,2,30,Basic,PayPal,Canada,Tablet,No
ECOMM-73556,174.0,600.55,4,6,Premium,PayPal,Australia,Mobile,Yes
ECOMM-24934,281.0,1891.07,2,17,Basic,Apple Pay,USA,Desktop,Yes
ECOMM-46564,65.0,1770.02,1,45,Free,Apple Pay,UK,Desktop,No
ECOMM-83327,267.0,1407.2,7,24,Free,Credit Card,USA,Desktop,No
ECOMM-52086,360.0,3623.77,2,20,Premium,Credit Card,Canada,Tablet,No
ECOMM-58632,344.0,96.88,9,27,Free,Crypto,UK,Desktop,Yes
ECOMM-91382,135.0,1743.68,5,38,Free,PayPal,Australia,Desktop,Yes
ECOMM-27275,38.0,2051.65,9,1,Free,Credit Card,Australia,Tablet,Yes
ECOMM-98619,89.0,1924.84,4,41,Free,Credit Card,Germany,Desktop,No
ECOMM-84177,317.0,1935.2,0,18,Free,Credit Card,Australia,Desktop,No
ECOMM-96919,100.0,3385.93,5,18,Free,Credit Card,UK,Desktop,Yes
ECOMM-24101,123.0,1632.73,2,4,Free,Apple Pay,Germany,Desktop,No
ECOMM-28108,226.0,3201.19,7,49,Free,PayPal,Australia,Tablet,No
ECOMM-61041,116.0,3892.0,3,41,Basic,Credit Card,Canada,Mobile,No
ECOMM-58916,163.0,1491.1,1,16,Basic,Credit Card,Germany,Mobile,No
ECOMM-17045,134.0,2678.26,9,49,Premium,Crypto,USA,Desktop,No
ECOMM-15871,293.0,89.33,3,21,Free,Credit Card,Germany,Desktop,No
ECOMM-53297,250.0,1425.68,2,7,Free,PayPal,Germany,Tablet,No
ECOMM-21032,105.0,2039.48,7,13,Free,PayPal,Germany,Tablet,No
ECOMM-15565,310.0,3117.33,1,29,Free,Credit Card,USA,Mobile,Yes
ECOMM-17261,170.0,4027.67,1,8,Premium,Apple Pay,UK,Tablet,No
ECOMM-45128,50.0,721.18,4,47,Free,Crypto,USA,Mobile,No
ECOMM-28955,267.0,1287.42,7,26,Basic,PayPal,USA,Tablet,Yes
ECOMM-90891,15.0,2007.78,4,19,Free,Credit Card,Canada,Tablet,No
ECOMM-91558,27.0,4533.52,1,4,Free,Crypto,Canada,Mobile,Yes
ECOMM-87239,4.0,1892.9,3,40,Basic,Credit Card,Canada,Mobile,No
ECOMM-77594,231.0,3225.67,4,27,Basic,Crypto,UK,Tablet,No
ECOMM-50667,317.0,2090.54,9,2,Free,PayPal,Germany,Desktop,Yes
ECOMM-26170,63.0,4637.94,9,34,Basic,PayPal,Germany,Mobile,No
ECOMM-70917,114.0,1441.2,7,33,Basic,Apple Pay,USA,Desktop,Yes
ECOMM-39988,307.0,898.05,3,13,Basic,PayPal,Canada,Mobile,No
ECOMM-18485,210.0,3677.46,1,24,Premium,PayPal,UK,Desktop,No
ECOMM-45955,131.0,2315.63,2,29,Basic,Apple Pay,Canada,Tablet,No
ECOMM-42712,170.0,2023.35,9,0,Free,Crypto,Canada,Desktop,No
ECOMM-70005,205.0,2654.22,1,42,Basic,Crypto,Germany,Tablet,No
ECOMM-90507,351.0,1570.23,5,21,Free,Credit Card,UK,Mobile,Yes
ECOMM-13547,154.0,2990.32,0,42,Premium,PayPal,Germany,Tablet,No
ECOMM-28943,169.0,3219.78,9,41,Basic,Credit Card,Germany,Mobile,No
ECOMM-31261,355.0,332.09,2,34,Free,Credit Card,Australia,Tablet,Yes
ECOMM-82080,78.0,4990.36,8,32,Free,PayPal,USA,Mobile,No
ECOMM-64427,196.0,2083.4,1,3,Free,Credit Card,Germany,Desktop,No
ECOMM-14379,13.0,542.06,1,6,Free,PayPal,Australia,Desktop,No
ECOMM-85663,21.0,1002.02,5,20,Basic,Crypto,Canada,Desktop,Yes
ECOMM-49000,34.0,4756.92,9,28,Premium,Crypto,Australia,Mobile,No
ECOMM-86056,215.0,3343.19,9,47,Basic,Credit Card,UK,Tablet,Yes
ECOMM-19452,184.0,3532.32,0,36,Free,PayPal,Australia,Tablet,Yes
ECOMM-45449,199.0,4587.87,3,31,Basic,Credit Card,Germany,Desktop,Yes
ECOMM-45481,355.0,3997.58,3,36,Free,Crypto,USA,Tablet,Yes
ECOMM-38239,205.0,3622.45,6,39,Premium,Crypto,USA,Mobile,No
ECOMM-44503,316.0,3232.48,9,0,Free,Credit Card,UK,Desktop,Yes
ECOMM-36672,171.0,4593.55,3,43,Free,PayPal,Canada,Desktop,No
ECOMM-53371,233.0,1508.21,0,1,Free,Apple Pay,Canada,Mobile,No
ECOMM-87756,280.0,4577.17,8,36,Basic,Apple Pay,Germany,Tablet,Yes
ECOMM-86346,320.0,3014.25,3,22,Free,Crypto,USA,Mobile,No
ECOMM-56968,33.0,3513.4,1,37,Premium,PayPal,UK,Desktop,No
ECOMM-64529,146.0,4841.69,2,46,Premium,Apple Pay,Canada,Desktop,No
ECOMM-25537,178.0,509.71,5,30,Free,Crypto,Australia,Mobile,No
ECOMM-57199,300.0,1560.34,2,29,Premium,Credit Card,Germany,Tablet,No
ECOMM-57990,246.0,3595.01,3,32,Basic,Credit Card,Canada,Desktop,No
ECOMM-13151,322.0,699.26,9,32,Free,PayPal,Australia,Tablet,Yes
ECOMM-34588,260.0,955.79,2,42,Free,Crypto,Australia,Mobile,No
ECOMM-74693,317.0,2517.01,0,43,Basic,Apple Pay,Canada,Desktop,No
ECOMM-20238,56.0,941.07,1,26,Free,Apple Pay,Canada,Mobile,No
ECOMM-66836,206.0,2199.35,7,8,Premium,Apple Pay,USA,Mobile,Yes
ECOMM-38388,235.0,55.56,7,24,Free,Apple Pay,Canada,Mobile,Yes
ECOMM-73209,26.0,144.12,4,31,Basic,Apple Pay,UK,Mobile,No
ECOMM-60220,120.0,1402.53,1,26,Basic,Apple Pay,Canada,Mobile,No
ECOMM-66679,218.0,4055.91,4,4,Free,Crypto,Germany,Tablet,Yes
ECOMM-89398,291.0,3153.03,1,42,Basic,Apple Pay,Germany,Tablet,No
ECOMM-31230,362.0,161.77,0,0,Premium,Apple Pay,Germany,Mobile,No
ECOMM-82925,71.0,588.73,0,10,Free,Apple Pay,UK,Desktop,No
ECOMM-65081,37.0,80.7,6,39,Free,Crypto,USA,Desktop,No
ECOMM-71667,359.0,720.54,3,4,Free,Credit Card,Australia,Desktop,Yes
ECOMM-62203,89.0,1750.85,5,18,Premium,Credit Card,Australia,Desktop,No
ECOMM-73882,271.0,1975.47,3,11,Free,Crypto,USA,Mobile,No
ECOMM-47087,9.0,948.71,2,5,Premium,Credit Card,Germany,Tablet,No
ECOMM-39563,93.0,4442.07,7,20,Free,Crypto,Canada,Tablet,No
ECOMM-46815,77.0,2274.68,9,30,Free,Apple Pay,Canada,Tablet,No
ECOMM-49224,233.0,2320.37,3,34,Basic,PayPal,UK,Tablet,No
ECOMM-20181,79.0,398.14,8,11,Free,Crypto,Canada,Tablet,No
ECOMM-40046,72.0,4092.36,9,9,Free,PayPal,UK,Mobile,No
ECOMM-62308,334.0,4615.85,5,46,Free,PayPal,USA,Desktop,Yes
ECOMM-57391,168.0,865.21,7,30,Free,Apple Pay,Canada,Tablet,No
ECOMM-77499,181.0,1838.91,3,21,Premium,Crypto,Australia,Tablet,No
ECOMM-33326,126.0,1796.52,3,36,Free,Credit Card,Canada,Desktop,No
ECOMM-51075,90.0,249.84,0,37,Free,PayPal,Australia,Desktop,No
ECOMM-63778,232.0,1133.72,4,41,Free,Apple Pay,USA,Mobile,Yes
ECOMM-27551,192.0,884.49,4,6,Free,PayPal,Australia,Tablet,Yes
ECOMM-19209,304.0,383.55,8,38,Basic,Credit Card,Australia,Desktop,Yes
ECOMM-93323,329.0,2749.86,0,37,Free,Credit Card,Australia,Tablet,Yes
ECOMM-40070,76.0,3337.42,1,10,Basic,PayPal,Australia,Desktop,No
ECOMM-95773,361.0,4015.24,7,27,Free,PayPal,Germany,Desktop,No
ECOMM-37399,158.0,2933.74,6,40,Basic,Apple Pay,Germany,Desktop,Yes
ECOMM-96963,358.0,222.56,0,46,Free,PayPal,Australia,Tablet,No
ECOMM-59014,140.0,3991.8,7,24,Free,Apple Pay,USA,Mobile,Yes
ECOMM-66566,271.0,2078.54,0,14,Free,Credit Card,USA,Mobile,No
ECOMM-42414,321.0,3500.82,8,16,Premium,PayPal,Australia,Mobile,No
ECOMM-64315,193.0,532.09,0,31,Free,Credit Card,USA,Mobile,No
ECOMM-79842,183.0,2219.11,1,6,Basic,PayPal,Germany,Desktop,Yes
ECOMM-43642,301.0,4127.23,1,3,Free,Credit Card,USA,Tablet,No
ECOMM-82780,101.0,3157.83,5,25,Free,PayPal,Australia,Tablet,Yes
ECOMM-35233,318.0,2626.64,9,49,Free,Credit Card,Germany,Tablet,Yes
ECOMM-28578,364.0,2332.82,2,47,Free,Crypto,UK,Desktop,No
ECOMM-93240,222.0,2948.46,1,19,Free,PayPal,Australia,Desktop,Yes
ECOMM-29201,147.0,3971.74,5,7,Free,Crypto,USA,Tablet,Yes
ECOMM-94613,318.0,4599.49,7,30,Free,PayPal,Canada,Desktop,No
ECOMM-80451,78.0,1085.68,4,6,Basic,Apple Pay,Canada,Mobile,No
ECOMM-44850,104.0,100.45,6,22,Basic,Crypto,USA,Desktop,No
ECOMM-66219,304.0,1049.03,3,45,Free,Crypto,USA,Tablet,No
ECOMM-57432,174.0,3123.24,5,34,Basic,Apple Pay,USA,Mobile,Yes
ECOMM-14042,153.0,2445.67,3,38,Basic,Crypto,USA,Tablet,Yes
ECOMM-97212,348.0,2990.31,3,41,Basic,Crypto,Germany,Mobile,Yes
ECOMM-96868,199.0,1348.28,3,13,Free,Credit Card,Canada,Mobile,Yes
ECOMM-11114,60.0,3924.16,2,2,Free,Apple Pay,Canada,Tablet,No
ECOMM-28995,58.0,3871.2,2,35,Basic,Crypto,Canada,Desktop,No
ECOMM-22619,50.0,1504.81,8,34,Premium,Apple Pay,UK,Mobile,No
ECOMM-54309,135.0,979.71,8,6,Basic,Credit Card,Germany,Mobile,Yes
ECOMM-62748,310.0,3569.62,2,43,Free,Credit Card,Canada,Desktop,No
ECOMM-85466,221.0,4856.84,7,21,Free,Credit Card,Australia,Desktop,Yes
ECOMM-27127,133.0,1597.58,4,32,Free,Apple Pay,Canada,Tablet,No
ECOMM-45799,65.0,4414.77,1,27,Free,Apple Pay,UK,Mobile,No
ECOMM-13234,280.0,2625.46,8,49,Basic,Apple Pay,Australia,Desktop,No
ECOMM-95011,226.0,4238.98,0,29,Premium,PayPal,Australia,Mobile,No
ECOMM-48682,275.0,183.92,9,17,Basic,PayPal,Germany,Tablet,Yes
ECOMM-51441,311.0,13.05,0,36,Free,Crypto,USA,Tablet,No
ECOMM-36551,52.0,408.96,0,17,Free,Credit Card,Canada,Desktop,No
ECOMM-86359,139.0,758.57,4,46,Free,Apple Pay,USA,Tablet,Yes
ECOMM-15702,14.0,2100.88,3,28,Premium,Apple Pay,UK,Tablet,No
ECOMM-43759,77.0,4562.01,4,14,Free,Crypto,Germany,Mobile,Yes
ECOMM-31604,64.0,306.03,1,13,Free,Credit Card,Australia,Desktop,No
ECOMM-13807,18.0,4999.38,1,5,Free,Credit Card,Australia,Desktop,Yes
ECOMM-30976,80.0,3817.62,9,23,Free,Apple Pay,Germany,Mobile,No
ECOMM-27667,57.0,4686.67,0,13,Premium,Apple Pay,UK,Mobile,No
ECOMM-68781,31.0,2470.7,0,42,Premium,Crypto,Canada,Tablet,No
ECOMM-45039,290.0,258.51,7,45,Free,PayPal,UK,Tablet,Yes
ECOMM-65467,189.0,1724.69,3,45,Free,Crypto,Australia,Mobile,No
ECOMM-75720,101.0,4346.1,1,21,Premium,Crypto,Australia,Desktop,No
ECOMM-59284,150.0,467.99,9,39,Free,Apple Pay,Germany,Mobile,No
ECOMM-23633,34.0,2989.87,9,38,Premium,Credit Card,Canada,Mobile,No
ECOMM-56035,5.0,4903.65,3,48,Premium,Crypto,USA,Desktop,No
ECOMM-66618,281.0,2162.59,6,4,Basic,PayPal,UK,Mobile,No
ECOMM-27965,61.0,96.51,3,39,Basic,Crypto,USA,Desktop,Yes
ECOMM-22154,283.0,4365.66,6,21,Basic,Apple Pay,Germany,Tablet,No
ECOMM-91755,259.0,3043.45,2,9,Free,Apple Pay,Germany,Tablet,No
ECOMM-80388,145.0,272.16,7,10,Premium,Credit Card,Australia,Mobile,No
ECOMM-72401,202.0,731.19,2,37,Free,Crypto,USA,Tablet,No
ECOMM-27453,117.0,1965.07,5,16,Free,Apple Pay,Canada,Tablet,No
ECOMM-11813,92.0,4144.37,4,46,Free,Crypto,UK,Tablet,No
ECOMM-27086,10.0,546.54,3,6,Premium,Crypto,Germany,Mobile,No
ECOMM-77749,362.0,4844.05,4,5,Basic,Credit Card,Australia,Tablet,Yes
ECOMM-78868,174.0,3119.26,2,46,Basic,Crypto,USA,Desktop,Yes
ECOMM-91762,14.0,508.31,0,20,Basic,Crypto,USA,Tablet,No
ECOMM-20627,18.0,3145.68,1,3,Free,Credit Card,Canada,Mobile,No
ECOMM-49410,323.0,4395.47,6,8,Free,PayPal,Canada,Tablet,Yes
ECOMM-34013,361.0,3312.17,8,46,Free,Apple Pay,Canada,Mobile,Yes
ECOMM-64768,156.0,3807.16,7,28,Free,Credit Card,Canada,Desktop,No
ECOMM-40390,103.0,3673.38,8,5,Premium,Crypto,Canada,Desktop,No
ECOMM-99076,288.0,1960.65,1,11,Basic,Crypto,USA,Mobile,Yes
ECOMM-48491,317.0,1698.54,0,43,Basic,Crypto,Germany,Tablet,No
ECOMM-81894,57.0,3131.62,4,22,Basic,Apple Pay,USA,Mobile,No
ECOMM-79037,286.0,500.63,9,3,Premium,Credit Card,USA,Tablet,Yes
ECOMM-61810,32.0,686.69,0,17,Free,Apple Pay,USA,Tablet,No
ECOMM-82321,127.0,4653.86,1,18,Basic,Apple Pay,Canada,Tablet,No
ECOMM-67121,45.0,4094.27,5,42,Free,PayPal,Australia,Tablet,Yes
ECOMM-22933,310.0,396.94,3,40,Free,PayPal,Germany,Desktop,No
ECOMM-45844,171.0,981.68,4,25,Premium,Crypto,Australia,Tablet,No
ECOMM-12556,193.0,461.04,4,0,Free,Crypto,USA,Tablet,No
ECOMM-32078,268.0,918.68,6,27,Free,Credit Card,USA,Tablet,No
ECOMM-80227,326.0,1272.04,0,2,Basic,PayPal,Germany,Desktop,No
ECOMM-29740,55.0,1008.99,9,14,Basic,Crypto,Australia,Desktop,No
ECOMM-98343,290.0,4529.92,2,9,Premium,PayPal,Canada,Desktop,Yes
ECOMM-62889,186.0,285.13,0,29,Basic,Crypto,Canada,Desktop,No
ECOMM-87411,80.0,1374.74,6,10,Free,Credit Card,Canada,Mobile,No
ECOMM-52714,79.0,3152.04,0,25,Free,Crypto,UK,Mobile,No
ECOMM-52828,336.0,1570.14,3,19,Premium,PayPal,UK,Mobile,No
ECOMM-19161,338.0,1043.57,3,7,Free,Apple Pay,USA,Mobile,No
ECOMM-40130,126.0,1600.63,5,25,Basic,Apple Pay,USA,Desktop,No
ECOMM-65640,265.0,3004.12,7,41,Free,PayPal,Canada,Desktop,No
ECOMM-21657,259.0,3318.77,1,15,Basic,PayPal,UK,Mobile,Yes
ECOMM-28580,310.0,3281.01,1,5,Basic,Credit Card,UK,Desktop,Yes
ECOMM-43039,101.0,3830.15,9,9,Premium,Credit Card,Canada,Mobile,No
ECOMM-59108,150.0,1496.01,5,49,Free,PayPal,Canada,Mobile,No
ECOMM-70213,129.0,2675.87,9,28,Basic,Crypto,UK,Desktop,Yes
ECOMM-79885,18.0,3428.05,5,21,Free,PayPal,UK,Desktop,No
ECOMM-36139,7.0,4655.41,2,31,Premium,Credit Card,UK,Mobile,No
ECOMM-12130,35.0,354.73,7,27,Premium,Credit Card,Australia,Tablet,No
ECOMM-11501,195.0,2359.98,2,14,Basic,Credit Card,Canada,Desktop,No
ECOMM-30125,53.0,2866.68,3,3,Free,Crypto,USA,Mobile,No
ECOMM-65588,96.0,2446.44,2,31,Basic,PayPal,USA,Tablet,No
ECOMM-45432,25.0,1049.2,5,44,Premium,PayPal,Canada,Tablet,No
ECOMM-72700,34.0,4368.08,5,12,Free,Crypto,Canada,Tablet,No
ECOMM-78856,175.0,4957.01,3,40,Basic,Credit Card,UK,Mobile,No
ECOMM-92271,11.0,215.97,4,20,Premium,Apple Pay,Germany,Mobile,No
ECOMM-59205,170.0,1523.36,0,48,Basic,Apple Pay,USA,Desktop,No
ECOMM-73501,102.0,3444.03,7,36,Free,Apple Pay,UK,Tablet,No
ECOMM-89558,154.0,836.81,5,33,Free,Apple Pay,Canada,Tablet,No
ECOMM-55081,248.0,1008.62,6,47,Free,Credit Card,UK,Tablet,No
ECOMM-80413,207.0,1464.35,6,21,Free,PayPal,USA,Tablet,No
ECOMM-28387,300.0,702.89,2,32,Basic,Apple Pay,USA,Mobile,No
ECOMM-61579,37.0,1365.37,4,28,Free,Crypto,Australia,Desktop,No
ECOMM-84703,211.0,583.34,3,14,Basic,Apple Pay,Canada,Tablet,Yes
ECOMM-87881,334.0,4304.84,9,10,Free,Credit Card,USA,Tablet,No
ECOMM-87196,79.0,2963.53,4,25,Basic,Apple Pay,UK,Tablet,No
ECOMM-68284,271.0,3007.21,5,19,Premium,Apple Pay,USA,Mobile,No
ECOMM-67126,1.0,2673.12,6,35,Free,PayPal,Canada,Tablet,No
ECOMM-71470,251.0,2600.23,5,7,Free,PayPal,Canada,Tablet,No
ECOMM-66079,208.0,4235.39,1,38,Premium,Credit Card,UK,Mobile,No
ECOMM-41348,20.0,3636.99,7,10,Free,Credit Card,Canada,Desktop,Yes
ECOMM-43850,152.0,965.68,6,44,Free,Credit Card,USA,Mobile,No
ECOMM-95833,315.0,4491.69,6,6,Free,Crypto,Australia,Desktop,Yes
ECOMM-28135,164.0,2260.06,5,45,Premium,PayPal,Canada,Tablet,Yes
ECOMM-27537,143.0,4908.23,8,13,Basic,Crypto,USA,Desktop,Yes
ECOMM-93013,308.0,4404.58,2,5,Free,Crypto,Australia,Tablet,No
ECOMM-46701,85.0,733.53,6,33,Free,Credit Card,USA,Desktop,No
ECOMM-92240,19.0,3727.34,8,17,Free,Apple Pay,Canada,Tablet,No
ECOMM-24862,52.0,1053.76,5,16,Free,Crypto,USA,Tablet,No
ECOMM-19029,58.0,552.86,3,7,Free,PayPal,UK,Desktop,No
ECOMM-75554,342.0,2231.49,0,29,Basic,Crypto,Germany,Tablet,No
ECOMM-82706,226.0,3040.55,0,40,Free,PayPal,Australia,Tablet,No
ECOMM-31761,65.0,2731.05,7,9,Free,Crypto,UK,Tablet,No
ECOMM-93470,1.0,3711.84,4,25,Basic,Credit Card,Germany,Desktop,No
ECOMM-20156,281.0,718.54,1,10,Free,PayPal,UK,Mobile,Yes
ECOMM-82895,177.0,1642.5,3,0,Free,Apple Pay,UK,Mobile,No
ECOMM-51157,7.0,3530.41,3,23,Free,Crypto,Germany,Tablet,No
ECOMM-76708,44.0,793.31,1,48,Premium,PayPal,UK,Tablet,No
ECOMM-63388,82.0,4461.12,7,29,Free,Apple Pay,Canada,Tablet,Yes
ECOMM-10296,266.0,1134.38,5,44,Free,PayPal,Canada,Desktop,No
ECOMM-45596,243.0,3538.64,4,13,Basic,Crypto,Canada,Tablet,Yes
ECOMM-88447,50.0,4826.72,9,14,Basic,Crypto,UK,Mobile,No
ECOMM-40198,226.0,1586.9,1,28,Premium,Credit Card,Canada,Tablet,Yes
ECOMM-91924,296.0,1799.2,6,26,Premium,Crypto,USA,Mobile,Yes
ECOMM-17914,330.0,2666.7,5,23,Premium,PayPal,Germany,Tablet,No
ECOMM-17796,209.0,3727.21,1,47,Free,Apple Pay,USA,Desktop,No
ECOMM-99781,149.0,2461.35,0,13,Free,PayPal,Germany,Mobile,No
ECOMM-27372,327.0,1907.23,7,42,Free,Crypto,Canada,Desktop,Yes
ECOMM-40111,344.0,699.45,7,16,Basic,PayPal,Germany,Desktop,No
ECOMM-30367,50.0,3078.65,0,41,Free,PayPal,Germany,Desktop,No
ECOMM-51168,151.0,3022.1,3,14,Premium,Crypto,Australia,Mobile,No
ECOMM-87077,93.0,4185.7,3,38,Premium,Apple Pay,Canada,Desktop,No
ECOMM-52808,300.0,4141.08,0,4,Free,Crypto,Germany,Tablet,No
ECOMM-22824,203.0,1150.15,3,10,Basic,Crypto,Canada,Tablet,No
ECOMM-78560,294.0,3341.85,8,47,Basic,Crypto,UK,Tablet,No
ECOMM-78954,78.0,469.32,0,33,Free,Apple Pay,USA,Tablet,No
ECOMM-34944,110.0,4356.16,0,41,Premium,Apple Pay,Canada,Desktop,No
ECOMM-51726,173.0,1641.04,7,30,Free,Apple Pay,Germany,Desktop,Yes
ECOMM-35706,117.0,121.99,1,19,Premium,Credit Card,Australia,Mobile,No
ECOMM-79560,91.0,1322.18,8,27,Free,Credit Card,USA,Mobile,No
ECOMM-90604,115.0,3666.22,3,31,Free,Apple Pay,Australia,Mobile,No
ECOMM-38165,152.0,2135.77,5,11,Premium,Credit Card,USA,Tablet,No
ECOMM-67973,172.0,791.88,8,17,Premium,Credit Card,USA,Tablet,No
ECOMM-66075,245.0,4849.61,9,42,Free,Apple Pay,Germany,Desktop,No
ECOMM-97735,296.0,4877.3,1,15,Free,PayPal,USA,Tablet,Yes
ECOMM-10291,183.0,1022.48,8,48,Free,PayPal,Canada,Mobile,Yes
ECOMM-99041,274.0,4848.66,1,37,Free,PayPal,UK,Desktop,No
ECOMM-80752,331.0,1521.15,8,46,Free,Crypto,USA,Tablet,Yes
ECOMM-60347,343.0,3494.41,6,12,Free,PayPal,Canada,Mobile,Yes
ECOMM-24200,243.0,4923.38,3,48,Free,Apple Pay,Australia,Desktop,No
ECOMM-22601,88.0,4080.67,9,19,Basic,Credit Card,USA,Desktop,No
ECOMM-77310,115.0,825.16,1,22,Free,Crypto,Canada,Desktop,No
ECOMM-17916,320.0,4799.58,1,5,Free,Apple Pay,Canada,Desktop,No
ECOMM-48011,274.0,3729.24,0,8,Premium,Crypto,UK,Desktop,No
ECOMM-68025,48.0,624.8,6,20,Premium,PayPal,Canada,Desktop,No
ECOMM-42416,105.0,292.19,9,30,Premium,Apple Pay,Australia,Tablet,No
ECOMM-26916,227.0,4725.8,8,4,Premium,Credit Card,Germany,Desktop,No
ECOMM-73013,356.0,3977.3,5,28,Free,Crypto,Canada,Mobile,Yes
ECOMM-60896,295.0,1969.61,0,25,Free,Crypto,Australia,Desktop,No
ECOMM-67493,32.0,550.87,8,46,Free,PayPal,UK,Tablet,No
ECOMM-73812,90.0,2741.47,7,27,Basic,Credit Card,Canada,Desktop,No
ECOMM-71714,159.0,2632.86,4,46,Free,Crypto,USA,Mobile,Yes
ECOMM-76396,59.0,2921.67,4,10,Free,Crypto,USA,Desktop,Yes
ECOMM-82531,102.0,1321.6,3,37,Free,PayPal,UK,Tablet,No
ECOMM-69033,240.0,2787.19,8,40,Free,Apple Pay,Australia,Desktop,Yes
ECOMM-98588,235.0,3162.95,2,48,Premium,Apple Pay,UK,Desktop,No
ECOMM-72557,322.0,1431.59,4,2,Free,Credit Card,UK,Desktop,Yes
ECOMM-67408,305.0,2804.38,8,3,Basic,Credit Card,USA,Tablet,No
ECOMM-55723,79.0,2616.4,4,42,Premium,Credit Card,Australia,Mobile,No
ECOMM-16659,351.0,4308.89,6,44,Basic,PayPal,UK,Mobile,No
ECOMM-33118,207.0,788.88,1,32,Premium,Crypto,UK,Desktop,No
ECOMM-43449,156.0,4204.94,7,34,Free,Crypto,Australia,Mobile,No
ECOMM-75692,129.0,370.93,2,8,Free,Credit Card,UK,Mobile,No
ECOMM-90256,226.0,1135.98,2,18,Free,Credit Card,UK,Desktop,No
ECOMM-88354,272.0,1366.51,8,19,Basic,Credit Card,Germany,Desktop,Yes
ECOMM-96835,339.0,3507.72,3,41,Basic,Crypto,Canada,Tablet,No
ECOMM-69479,152.0,1979.32,5,48,Free,Credit Card,Germany,Mobile,No
ECOMM-15491,197.0,379.29,4,43,Free,Credit Card,Canada,Tablet,Yes
ECOMM-34373,317.0,2224.49,3,23,Free,Crypto,Germany,Tablet,No
ECOMM-87384,46.0,3650.07,6,22,Free,Crypto,Canada,Tablet,No
ECOMM-82599,61.0,134.86,7,20,Premium,Crypto,Canada,Tablet,No
ECOMM-54152,288.0,3284.72,8,44,Free,Crypto,USA,Desktop,No
ECOMM-26422,24.0,3898.5,7,23,Free,PayPal,UK,Mobile,No
ECOMM-90209,361.0,4594.89,8,31,Free,Apple Pay,USA,Desktop,No
ECOMM-73013,196.0,3366.79,7,39,Basic,Crypto,UK,Desktop,No
ECOMM-42568,1.0,2097.26,1,37,Basic,Crypto,Germany,Mobile,No
ECOMM-64694,82.0,471.91,0,41,Free,Crypto,USA,Tablet,No
ECOMM-19227,210.0,259.52,0,32,Basic,Crypto,USA,Desktop,No
ECOMM-85342,98.0,2007.4,5,27,Premium,Credit Card,Australia,Mobile,No
ECOMM-45054,293.0,2643.34,5,41,Basic,PayPal,USA,Desktop,No
ECOMM-73290,86.0,1333.39,2,49,Free,PayPal,UK,Tablet,No
ECOMM-22744,247.0,2240.64,7,25,Basic,Crypto,USA,Tablet,Yes
ECOMM-78870,12.0,1816.55,5,31,Free,Crypto,Germany,Mobile,No
ECOMM-68592,307.0,4667.02,1,8,Premium,Apple Pay,UK,Mobile,No
ECOMM-49383,349.0,2718.07,7,11,Free,PayPal,Australia,Tablet,No
ECOMM-84316,249.0,3060.54,5,7,Free,Credit Card,Canada,Mobile,Yes
ECOMM-59070,260.0,1133.92,1,36,Basic,PayPal,USA,Mobile,No
ECOMM-54398,108.0,3801.42,0,36,Premium,Crypto,Germany,Desktop,No
ECOMM-75234,171.0,313.39,5,16,Free,PayPal,Australia,Mobile,No
ECOMM-11095,175.0,1025.77,6,5,Basic,Apple Pay,Canada,Tablet,No
ECOMM-25265,72.0,4668.35,2,18,Basic,Credit Card,Canada,Desktop,No
ECOMM-49235,327.0,4210.38,3,35,Free,PayPal,UK,Mobile,Yes
ECOMM-74022,327.0,3636.22,5,34,Free,PayPal,USA,Desktop,No
ECOMM-97797,60.0,4363.11,4,0,Premium,Credit Card,Germany,Tablet,Yes
ECOMM-98221,55.0,1134.92,0,21,Free,Credit Card,Australia,Desktop,No
ECOMM-72109,33.0,4127.92,5,9,Basic,Apple Pay,UK,Desktop,No
ECOMM-26419,62.0,2283.44,3,20,Free,Crypto,Australia,Desktop,Yes
ECOMM-11789,93.0,3757.65,4,38,Premium,Apple Pay,Australia,Tablet,No
ECOMM-23534,41.0,4388.29,3,47,Basic,Apple Pay,Canada,Tablet,No
ECOMM-49153,263.0,503.95,8,48,Free,Apple Pay,Canada,Mobile,Yes
ECOMM-92604,339.0,2674.14,3,36,Premium,PayPal,UK,Mobile,No
ECOMM-21233,21.0,4081.06,6,45,Free,PayPal,USA,Tablet,Yes
ECOMM-49527,261.0,2785.82,0,22,Basic,Apple Pay,Canada,Tablet,No
ECOMM-67359,285.0,4067.79,8,30,Premium,Credit Card,Australia,Tablet,Yes
ECOMM-82526,245.0,3135.27,4,33,Free,PayPal,Australia,Mobile,Yes
ECOMM-66535,352.0,3679.3,5,15,Basic,PayPal,UK,Desktop,Yes
ECOMM-51126,97.0,2359.44,1,20,Basic,Crypto,USA,Desktop,No
ECOMM-13772,87.0,3852.14,1,5,Free,PayPal,Germany,Tablet,No
ECOMM-48129,13.0,3352.38,1,19,Basic,PayPal,UK,Desktop,Yes
ECOMM-86641,303.0,2540.83,1,37,Premium,Apple Pay,USA,Tablet,No
ECOMM-63077,310.0,2813.81,3,22,Basic,Apple Pay,Australia,Mobile,No
ECOMM-12886,206.0,171.87,5,48,Premium,Credit Card,USA,Tablet,Yes
ECOMM-65902,46.0,3906.85,8,17,Free,Apple Pay,Australia,Tablet,No
ECOMM-54811,95.0,1350.74,0,40,Free,Apple Pay,Canada,Desktop,No
ECOMM-14776,132.0,985.19,3,11,Premium,Crypto,Canada,Tablet,No
ECOMM-87266,265.0,3329.25,1,24,Basic,PayPal,USA,Desktop,Yes
ECOMM-49859,253.0,678.76,9,30,Basic,Credit Card,Canada,Desktop,Yes
ECOMM-58986,108.0,3574.08,5,42,Basic,Credit Card,Germany,Tablet,No
ECOMM-54042,245.0,2427.79,2,10,Premium,PayPal,Germany,Desktop,No
ECOMM-53101,315.0,2851.4,6,14,Free,PayPal,Australia,Desktop,Yes
ECOMM-93549,45.0,3175.46,2,27,Free,Apple Pay,UK,Desktop,No
ECOMM-20827,165.0,2843.7,6,10,Basic,Apple Pay,Canada,Tablet,No
ECOMM-32410,311.0,3124.42,4,36,Basic,PayPal,USA,Desktop,Yes
ECOMM-39835,241.0,883.38,6,15,Free,PayPal,UK,Tablet,Yes
ECOMM-35261,149.0,4250.96,0,2,Free,PayPal,Canada,Mobile,No
ECOMM-70322,288.0,2235.54,0,33,Free,Crypto,UK,Mobile,No
ECOMM-77839,197.0,4114.42,9,8,Free,Crypto,Canada,Desktop,Yes
ECOMM-76675,75.0,2484.28,7,7,Basic,Credit Card,UK,Mobile,Yes
ECOMM-39094,61.0,4340.6,2,43,Free,PayPal,USA,Tablet,No
ECOMM-83345,17.0,4537.09,3,43,Free,Credit Card,Canada,Mobile,No
ECOMM-75856,308.0,4248.76,1,28,Free,Apple Pay,Canada,Desktop,Yes
ECOMM-42216,223.0,4363.14,9,11,Basic,Apple Pay,Australia,Tablet,Yes
ECOMM-14995,257.0,3110.91,3,35,Free,Crypto,Australia,Tablet,No
ECOMM-25962,150.0,960.88,7,28,Basic,Crypto,USA,Tablet,Yes
ECOMM-34104,362.0,2452.74,9,42,Free,Crypto,Germany,Tablet,Yes
ECOMM-41549,39.0,3933.26,4,2,Free,PayPal,UK,Desktop,No
ECOMM-69434,157.0,3451.27,8,32,Free,Apple Pay,Australia,Mobile,No
ECOMM-15639,82.0,1367.16,0,20,Free,Credit Card,UK,Mobile,No
ECOMM-79214,6.0,4942.57,3,13,Basic,PayPal,Canada,Tablet,Yes
ECOMM-70708,230.0,4384.31,7,18,Basic,Credit Card,USA,Tablet,Yes
ECOMM-32229,363.0,3092.46,6,41,Basic,Crypto,USA,Tablet,Yes
ECOMM-79118,187.0,1517.25,0,12,Free,Crypto,USA,Desktop,No
ECOMM-48984,271.0,2590.9,5,19,Free,Credit Card,Canada,Tablet,Yes
ECOMM-99418,55.0,1876.95,8,46,Premium,PayPal,Australia,Mobile,No
ECOMM-26561,288.0,4256.5,7,1,Free,Crypto,Canada,Tablet,No
ECOMM-44234,181.0,2495.19,4,24,Free,Credit Card,Canada,Mobile,No
ECOMM-18988,236.0,4723.7,7,2,Free,PayPal,USA,Tablet,Yes
ECOMM-91765,285.0,548.25,3,38,Premium,Credit Card,UK,Mobile,No
ECOMM-43954,62.0,4941.79,9,25,Free,Apple Pay,UK,Desktop,No
ECOMM-48147,298.0,4703.0,5,38,Free,Apple Pay,Germany,Mobile,No
ECOMM-70029,335.0,4507.57,4,42,Free,PayPal,UK,Mobile,No
ECOMM-75368,361.0,1924.01,5,33,Basic,Credit Card,Germany,Mobile,Yes
ECOMM-34741,269.0,2825.57,3,23,Free,Credit Card,UK,Mobile,No
ECOMM-17342,103.0,682.25,3,47,Free,Apple Pay,Germany,Desktop,No
ECOMM-75449,40.0,3643.79,7,21,Premium,Credit Card,Canada,Mobile,No
ECOMM-39489,113.0,2523.15,4,26,Free,Apple Pay,USA,Mobile,No
